st_teff,st_mass,st_rad,st_met
5147.699907107863,0.7803763173781946,0.8771783492904749,-0.4951429918901017
4703.214989180171,0.8736251342365867,0.9484125734982817,-0.263746411734218
5253.381976670485,0.8006547347387143,0.6802747629620057,-0.1467571015731465
5866.120899485618,0.9776045117365298,1.095878460405386,0.03741722773117286
4636.092637693665,1.2492946328654781,0.8388006954423964,0.25604058165171956
4636.1041301355735,0.7572394607146988,0.6958055486210759,0.1735339858429411
5905.448970855174,1.2002051244421035,0.6945246500122575,-0.2948311996118714
5337.204310407036,0.7545819819132781,1.047147935610196,-0.0929280655414131
4471.367929845534,0.7380931968757789,0.7479907665529546,0.019093897175641642
5179.792030510175,1.1546486545858032,1.6081266756408068,-0.06555178111162485
4475.6076150312765,1.1804840945019042,1.3253388558184216,-0.06732380646707359
4473.98917250082,1.1628524841906636,1.229404005336718,-0.43068583116356796
4969.373590096224,0.6210506479454647,0.603033635318393,-0.2881835377849101
3460.7038287395417,0.8335122554819873,0.6835303519166531,-0.1007349622848183
3592.557517240877,1.1557471480008303,1.2402038293177065,-0.7733064187362906
4406.398729531319,0.9603854601409736,0.9543330913454713,0.16016108000246362
4091.0182157659033,0.6815767884506339,0.538777548708281,-0.3431697749277674
5019.973132816692,1.0645794847813603,0.7323920103999504,0.17170953331628447
4164.383147135152,0.7712981852521323,0.6566418123072121,0.1497290011177275
3811.387409065296,1.3986312120980529,1.7841794424292345,-0.13592326077809608
5825.954138245088,1.3362103656045645,1.8191249487959744,0.25013708142538443
4641.956589659425,1.1010243565888918,1.1243133439423056,0.1857993362312333
4847.269743281547,1.2902516761924434,1.2626634468249944,-0.07724036770866015
3802.6762696505803,0.9661978375308452,0.9074266994251685,-0.10543990379792459
4418.932092832372,1.141359373593754,0.9038231358937979,0.27430819641608917
4877.645812796906,1.3194300738255187,1.5915910409089589,0.058003459851916045
3994.304495804388,1.0113746704485782,1.3872106605266825,0.2611742920920356
5062.98861284197,0.8862032071214291,0.745653454048932,-0.5972435185881843
4379.552917056836,0.523844510455721,0.5862817785774553,0.02462127425486553
4595.814375144706,0.9292166185696265,0.8581194155733874,-0.3943522717423432
4378.805371439422,1.1558557961405778,1.0284797072609027,-0.006447126871690787
6096.594729156256,1.1864083568919073,1.4184721977161725,0.17845505208647097
4790.551942683446,1.0760912664296023,0.7821764243964481,0.4347850364372757
4059.6023497308697,0.81467522625944,0.9279499401024202,-0.2345416821092965
5375.781438472232,0.4557946077631023,0.6110354458563998,-0.13142620132549573
3945.4094450202847,0.8261962254988162,0.83395104377672,-0.023883226768884387
4946.204516503329,0.8739137822365121,1.0581477338375276,-0.24363277536547262
3428.2309132841574,0.8717677582024964,0.9224860424324298,0.24463993219731428
3870.2697657710987,1.104639089244481,1.3464687070718244,-0.017523636341405878
4937.802865108387,1.4464191027537099,0.9344783744119473,0.030489255844011513
5316.926605996788,0.9808823004602732,0.9159902235077495,0.15504328169353968
4919.9577968329795,0.8958170527108845,0.9025943739586578,-0.01792787909385235
4719.046202328232,0.8851945467489768,0.4222846212941308,-0.2043847820439663
4589.227413087498,0.9810961917269285,0.7709484392219506,-0.015755059574616745
3765.034606742801,0.7429265599129002,0.6601270096014163,-0.21404533987834728
4296.109054123704,0.9800496396865137,1.1706159970862682,0.026995222279121562
4477.552860328149,1.06270308408295,0.9014388769320362,0.24923443020044916
5539.985558353241,1.002421515893622,0.8380040646829185,-0.29374457306808294
5040.532802697923,1.0643854835011952,1.2230507558952715,-0.3830927503605231
3565.8718912460863,1.0584369023371338,0.7078594780686984,0.012312483979918524
5026.858778576357,0.507025829438389,0.3402022991511244,-0.1919499041859765
4530.442403708578,1.1092175395988508,1.0078880528158076,0.007936318602992236
4326.154599785829,0.7822462885843866,0.5837321495089237,0.08010088015242518
5228.173402188608,0.6760402092490105,0.524978190154445,-0.5359215572321349
5521.699665747165,0.6738870430362509,0.8128726790579844,0.17246235691463552
5451.896083381339,1.0583854026181323,1.2297729107551223,-0.29241712573881223
4212.547733744153,0.8943562681937867,1.0588435674936043,-0.0055869876411724795
4583.55133690415,0.5295078040036473,0.7346527950640982,-0.16484558385960754
5031.884401982495,1.0695094537980707,1.3171681704127798,-0.1379892536960736
5482.881588985651,0.5900979673002931,0.3765862574576769,0.42348948490449706
4464.578033508297,0.9849553396295527,1.076942598221911,0.07981688019891527
4670.038716335328,1.0096247314182636,0.9009559708584841,0.22617210073839772
4025.56551819578,1.1713942704237612,0.9652604916289744,0.037735338550685726
3962.6553631435304,1.395421196616713,1.451782060980375,0.15500339366373847
5368.768075675938,0.6088309185248646,0.4396791412122834,0.10434459053586298
5749.368019999576,0.9368815359842376,0.616755361285635,0.06361403617170644
4749.592914893767,0.8809161762389456,1.018032329917214,0.27678897729116997
5502.473028524417,1.0584374214902406,1.1485748788843333,0.03912636346106753
5053.145217533344,1.0039171927334045,1.0305647235181612,0.5
4348.416171776413,0.861863439315845,0.7316225894454486,0.24013289320310946
5052.97692385589,0.8397744528472861,0.9989912229405693,-0.28488517443492245
5876.625596526179,0.6708872862039881,0.8255077206110704,-0.044137427245745584
4774.921772623034,1.1969653956016273,1.1743897062755784,0.09926939987266707
5895.250559069804,1.0648010453998822,0.803919562371126,0.01112420892800923
2966.178427137179,1.1794420494487843,1.0440920868476218,0.17171835474304198
5375.331753062656,0.8724009658811216,1.0467780889094394,0.1992541762084684
4860.93294776672,0.7857911328263923,1.0434860673736592,-0.33989674644974116
4590.694854673893,0.680421233342693,0.6868962216382232,0.32026938617912365
4864.232543574852,1.0397293959351648,0.9801437235264562,-0.1242043663715111
3408.701759779375,0.6900516938679413,0.7191658686628616,-0.1489761264661893
4646.229678513741,1.4121657672416374,1.3904398124267925,-0.14978059817638512
5049.978800058222,0.6230893547266398,0.6053236585027056,0.20214410149764575
5834.525831319062,1.0184150298031254,0.4273562292349742,-0.0667669245369465
4437.2108472084465,1.3417136768034466,1.566905314849444,-0.16588791108442685
4234.054477974769,1.0997724398159523,1.4663641737356476,-0.10598978936088431
4448.770069490824,0.9939184281229447,0.8732480643994959,-0.44867291472896925
5440.781482391452,0.7078790882595261,0.5967047332026731,-0.2105409409878717
5030.125776761779,0.604557702858074,0.6502427147649168,-0.3098958871632749
4429.1678573630725,1.1425125272293963,1.0707526655714237,-0.0672923326239728
5159.2872031793495,1.3265368101937365,1.5032533946998288,0.1660483175683981
4867.954284543628,0.8402875023804571,0.8795539857656651,0.13846897523330676
5478.051493373023,0.6652346230959122,0.6073252217004612,0.31418762438664577
4308.562834285854,0.33545764236274533,0.3073092512479856,0.2584939543241552
4570.636497381563,0.7048087890843655,0.8867516779693363,-0.13214917872959428
4525.5242928074895,0.9215857893752399,1.049080300646664,0.004767850188428296
3775.5395363075168,1.3497808102091835,1.5408250899904044,-0.008139023555354646
5007.284193945203,1.1182834230582421,0.8818036925088327,-0.5377631706804717
4982.738690525923,1.026271351176688,1.3963574420983027,-0.3043148842274361
4803.579419649723,0.8499700846747172,0.5718446337732058,-0.0418216692877781
4635.7890066373975,0.8042085706860109,0.9592475858124541,-0.0432241087852021
3809.24048056471,1.301411899376991,0.7630955679963828,0.12808126355129174
4505.548274064248,1.0001846351895973,0.8420580818385012,0.115910407383962
4560.099838431262,0.42434982701974444,0.6609685185448421,-0.4426731255249338
4238.405911544867,0.7816150880256892,0.9576228789393197,0.12964918361438252
4687.100001833794,0.7354459920570933,0.6966254623353123,0.04464680161344093
5082.8355997701765,0.8134339977056337,0.7597637855350725,0.15584329541115727
6120.330130847371,1.0907276650712712,1.093518683866667,0.26671639691039734
4922.204468982287,0.9231387795514376,1.0344784746006748,-0.035720743196992935
4980.285273505935,0.9307836482490844,1.1805890260149545,0.3113970592450199
4747.887858963683,1.2783682903313092,1.10603977280269,-0.22235011347326164
3456.860149290671,0.7758847275533278,0.5531446432845212,-0.23643453009305462
4781.440287185548,1.4160498814718374,1.3623457040291085,0.10719304753388528
4842.161146958719,0.7821731021572285,0.7464038067180069,-0.09219188632629495
6524.2694787397,0.9722995491531428,0.723431472470529,0.06540814115474237
4665.347324653214,0.8796991011493083,0.9562735140162746,0.49824552996112287
5011.083139633529,0.9808547833752402,0.9426856027274756,0.09837376837599392
4775.70176120633,1.0611479987682821,1.1129097077617647,0.05304238471602989
3981.9253736663277,1.058458810022219,0.8592927042482436,-0.21730509466296183
5599.975970160514,0.761720667344855,0.8826298993064934,-0.4249949516560866
5326.353122880742,0.6692713306381073,0.534197575327137,-0.01813665381837766
5353.7223629301325,1.5757929477264276,1.2006089546176968,0.2667175616520491
4163.428781643683,0.8290039150998617,0.8188724171757193,-0.0807345017651685
5781.9560176552695,1.1248031096679967,1.4813860591708923,0.10036562480134226
3818.7042560454033,0.5480896723692008,0.7151572467431325,0.3566243181796456
5210.79996566019,0.8800968200238307,1.097380782768424,0.35037907830759
6333.318938066985,0.9182001540043893,1.198718305547153,0.10720397190044562
4106.624572408518,1.068203767481958,1.8138222652346834,0.04252661966433571
4403.5915892780595,0.2693864647520152,0.35310027556393886,-0.37965826225076893
4869.755955561349,0.9915351532695826,1.2753771653038848,-0.15754866104423512
4447.5670421186605,0.6625646361580267,0.8651221992527796,-0.07018895200451827
3714.535598253707,1.0310864277987308,1.2289381613900106,-0.21308290285853804
4847.994082364219,0.6909177007904592,1.0079328631394893,0.06211331573819107
4056.3874003917267,0.7361293260186046,0.7170078420650511,0.47791204587152525
5131.5147014446275,0.8815930974016829,0.813924167503836,0.37944039816540415
4156.403036036338,0.6869176325992011,0.7878548574973444,0.06096996545780178
5884.954083512277,0.8311163883161612,0.8309276027281298,0.19485851800620713
4251.722695364634,0.6516560578641711,0.7551513069724538,-0.18215107883902976
4574.556938656027,0.4917073870753181,0.7438427975872873,0.3660223376672004
5369.4620521587685,1.2044892631073398,1.0495153830936927,-0.3904916489862951
3938.3949784962315,0.6259878267940179,0.6455769235821117,0.2282070402715406
4959.22195422289,0.9053297780980041,0.955714045426414,0.12389742754994368
5714.9999279977,1.1382227703734462,1.0584814849323725,-0.1889648466886061
3674.7617358071407,0.7962639743709892,0.5143642203083557,-0.05219668918448444
4929.243700972613,0.7437085250636155,0.6975284581958068,-0.28356317578901485
4981.917955973897,1.0065595221668553,1.1434397754205738,-0.27291001195055803
5347.276010244117,1.229483455681788,1.518897764647236,-0.3977635001559825
3934.134502385343,0.6576711837283827,0.5500174539167967,0.19187847555017787
3875.6803708410066,0.9124630419956402,0.7138625479079581,0.3013362423566702
5165.359095931828,0.5168763512581681,0.5933726118026499,-0.5404519659533565
5007.8892712632305,0.8516997490794525,0.5143949771504934,0.4595763790378765
4975.344995242113,0.9585511711345188,0.8806705217389669,-0.0030020591592099396
5042.513746647883,0.7363438395612335,0.5110213861291071,0.07246330121920952
4323.982694895057,0.8357520415436921,1.1034874071296668,-0.3681032088962691
4962.577588012702,0.5979433079231374,0.5607470994616698,0.33020643754121626
5005.150731309077,0.9692696528453734,1.2977540335602797,0.05006252329170853
4299.954007381542,1.2139235622207873,1.4278234226473623,0.2847065599428248
6106.042157801329,0.675714032557384,0.6363515707154768,0.30521458016193587
5131.683044638251,0.7943320583619042,0.653442849458162,0.3337186056803175
3966.087551958146,1.0756365616135455,1.0190306651765944,-0.1620701939630507
5259.587526043681,1.253022679830684,1.1726845093914766,-0.05199050197330112
4117.722830840875,0.5767025469477671,0.6883865602894524,-0.15292551868237866
5350.9592226197165,0.9078038156460126,0.7817927629178554,0.2237741156853208
5611.016905305183,1.0207827055798813,1.1683476905519892,0.08322230734093518
4225.522377153803,0.9244859023427879,0.9889530289882802,0.2672862160033095
5474.363290471025,0.3308019832807282,0.38462150897269276,0.27818470076430807
5088.946648855549,1.075272502327193,0.9088568536632584,-0.43181487273472696
5375.442111996143,1.329834087772661,1.2096915024767783,0.3376925326384681
6127.755087857763,0.9791654377923759,0.8226459670038959,0.2377152394414293
4628.228318797991,0.6922234866764341,0.7537781618059859,-0.09230622079637438
4272.384684949758,0.8217181884089292,0.8692340655168451,0.08744819163240722
4177.339899262133,1.3924782669138982,1.3714734990727337,-0.030917392895676007
4228.932800524193,1.1774906352151395,1.5422100112239001,0.15401391965779399
4746.028803410127,1.1100066545960823,1.0582818651472514,-0.09284909517621909
5038.806382371651,1.039103145883594,1.2383427076972586,0.1197318102922769
4993.683559531013,0.7847157219522569,0.8615238487270545,0.016826326164838
5379.028274325216,0.8998572048360578,0.8752577892852651,-0.10804847587382631
4809.101324314535,0.930519316080371,0.921520383597775,0.0475340612255147
5817.473854010122,1.087393579016111,1.0567433379871225,0.5
4614.74021673343,1.3272297235667259,1.324346690195387,-0.17138415745642044
6704.118416612733,1.229584534198282,0.9534349877903733,-0.0624858978153923
5237.967143435504,0.5951539110509898,0.4667464541322322,-0.16702809990825768
4199.989710508602,1.005998742225262,1.1362832185753446,-0.14080409638189595
4050.3752513572213,1.1341908362919741,1.3046463072649221,0.20394358834633952
5137.73069067023,1.104715082536159,1.2444238290568181,0.17897061490901697
4643.576050271904,0.7926915591531452,0.8561299591429219,-0.0014658758303274387
5299.800345864464,1.6785273039420905,1.7455793307711718,0.256574146317278
5131.266337201481,0.6307288594172202,0.7903164011297387,0.19836082387357754
4749.019761140189,0.6792028883334875,0.8494353409712261,-0.04058354650655355
4207.244397352117,1.008398770315394,0.8336511408169555,-0.3834661854485515
3739.6069427198945,1.4792007637409634,1.0677156500539913,0.20744575198725065
4487.439533553085,0.7409512873239572,0.7256002316592394,0.04241615525049373
5399.47915602643,0.8835429085882519,0.9025463637269299,0.005555865925148002
4949.8656208911425,1.2193234182539232,1.1152102810184537,-0.11651200500242886
3927.9828549016083,0.9455344612780666,0.5972923202828188,0.186162237279079
4921.226648095828,0.866349036367426,1.1985687796290225,0.08712406310712523
5069.722165810186,1.09140822547168,1.0136995760014893,-0.059207010700574186
4181.299794659207,1.0181294975573982,1.0495184412491414,-0.3063636368047279
4907.60757416187,1.2076096964091978,1.4523535346458074,0.26698227547001907
4840.7461029122,1.2728672222663409,0.6440588311898604,0.15122630578896926
3999.920791518564,1.0267507650013403,0.9168208775890219,0.06385072498639892
5050.451152243798,1.0229331813445772,0.9394641721954228,-0.6641934987784994
5192.549168457764,1.0035277455715332,0.935369433438084,-0.009473564279014971
5558.1358702226935,1.072282639162322,1.02073012514978,-0.06030092586891585
5537.661436424432,0.963792659467866,1.2519403522229366,-0.15462392126358515
3835.6314424300363,0.9498478794194276,1.0889329839621422,0.18855881964107107
4143.522472059414,1.2491567802068104,1.4237266846937813,0.17871500854181935
5160.524687046061,1.3290290450887607,1.2673635938993832,0.10920617929809696
5159.650165638546,0.5731117638416448,0.4613171308640525,0.25947272869193566
5160.533380414234,0.9525052879351422,0.561761305433957,-0.25557462850846063
7496.912043458305,0.7778263916386913,0.5677272385325872,-0.11341351419232666
5199.623357485217,0.8722571333784819,0.960929276024899,0.018698065796451453
5594.895948126419,1.0506290524338304,1.0469122392505965,-0.1555005048069788
5467.801234445242,1.117359592885617,1.0468996170172766,0.18179230542588554
5255.973875914058,0.9219683890971637,0.8679951074349909,-0.1305502120329238
4579.3115287517585,0.47166491631929924,0.7687082057201828,0.32459250111168864
5331.278454345287,0.7087386048559551,0.6342980353111584,-0.23278985043754744
4259.0223498237,1.1741249175500414,1.3480202225417655,0.5
4634.226975281994,0.26489339449126714,0.34563922816844217,0.5
4460.245516519628,1.2468567879205,1.1784946078569283,-0.023688286578836155
4857.311897570426,1.0803074976611353,1.3140746129493541,0.2865426127314371
6420.260996671456,1.2790440203825055,1.5737690019661346,-0.10010701512715175
3492.9143651857767,0.9003577032797598,0.8754072135407984,0.25332162455783624
5280.382133262159,0.4346486439942737,0.5955372748665048,-0.0439945828641927
3671.0988901672436,1.0575906603766245,1.1219255912382593,-0.321359974627121
4469.647693947397,1.2686632810095853,1.2114977109766687,-0.8832045469197247
5562.265417877156,1.1811804513783553,1.1891634699853009,-0.0671783615176526
4844.996013366824,0.7843271291279911,0.710077333551521,0.06976562717132316
4045.5786554494857,0.9716902688656617,0.9174579485339118,0.33257910650905415
4299.287403518022,0.8167909328050189,0.7517588793726205,0.009156258037847618
5275.7184242542735,0.7451833839526569,0.9328114418526318,0.2507275336793972
4288.743357798005,1.1888471427949627,1.1265540019710703,-0.11348538680538171
4951.521012707382,0.6506169221837095,0.5250011339399281,-0.0843197423828613
4831.90028793267,0.7265458923545968,0.6624228252451035,0.26350892063214637
4343.879756675928,0.6739935916319035,0.2626663872968005,-0.616168621167318
6300.760862527728,0.5774381191752382,0.5807350826938606,0.0032459572257289592
5243.743315622608,0.9866035729606508,0.9967166385643327,-0.09999033738896623
3382.4001893396753,1.240375762120494,1.1557237793841564,0.34015280121307107
4930.518020338599,0.9037808109386836,1.2874948924043859,-0.132061573744955
4336.749474662129,0.5735630498589583,0.7147143142225166,0.1291462423925236
5396.703334357357,1.1599861349355067,1.2455261500270507,0.23037924233367355
4245.23548309711,1.3714254385087428,0.8643393621594323,-0.3731489985326026
4719.684490973171,0.7884394189633513,0.7665278443733735,-0.034842577068475294
5153.49109528632,0.8303614333205704,0.7779317781229033,-0.10790910852148448
5406.028635919085,1.0789151575208484,0.8955833153257334,0.2365733117073986
3959.7925150609567,1.3554684369462628,1.0714283973713732,0.16877046020304842
4565.8491349113365,0.8200414635686935,0.5446842267290739,-0.05830050751479553
4467.538282187331,0.6168875547504487,0.5060828193249322,-0.2618520126040129
4342.6695371984015,1.1078546515681016,1.275137658617394,0.2595366740050225
6035.817968196768,1.1497670182855748,1.0861594978025053,-0.01691319414969539
5083.487197672669,0.9515328626088067,0.8637005702265609,-0.40459414141686556
3917.3812319654685,0.8104666850856372,0.8443409580376356,-0.38309509974248096
5442.503362938343,1.1985946827480116,1.4258352034315565,0.1094083575182441
6285.509337908843,1.082009001136991,1.0659829692477338,-0.31895154819137966
5522.725682385802,0.7578911207741268,0.887676134128538,0.4649118734009034
3736.4410238321907,0.9622736828264178,0.8055122226016063,-0.23426757108983265
4461.036148993624,0.6120731169938383,0.5916741218925389,-9.018133931904038e-05
5686.8378044306355,1.12147261410948,1.173646818236636,0.039777991540076364
4304.631374066854,0.884441607654286,1.249544673949555,-0.18234443480921142
5110.67359970236,0.8410722919038157,1.1196761374870536,-0.5599567576444922
5342.243837400536,0.9417813787118914,1.06425164066481,0.04772377440405686
4151.148669895342,0.9600769248325619,0.9972474645609309,-0.18830999752556454
4758.33225075674,1.17373251539139,1.4552507678955973,0.029134606904110787
2600.0,1.0977726328313053,1.2487320188983981,-0.030582763059677234
4082.928651065997,0.9108976803017993,0.5023283677008015,0.06582281201795084
4623.202294024788,1.1409170374297488,0.8769966608356051,0.3904675301640149
3926.5517726246053,1.0501843134229032,1.1102797099120927,-0.1365457531817806
5942.687912752144,0.8433500909284907,0.5607269399769287,-0.117211163585624
3798.901035427557,0.9188204604408785,0.7667498315024391,-0.4164493256884725
4491.968859312112,0.9129442777892197,0.7995995812165646,-0.04879598777482366
4891.518404100264,1.0763153357935504,1.0062620876926744,0.10246749731874157
5808.891302346281,0.8582443463195895,0.8340201659343319,-0.12087371939275673
3794.8964941743925,0.8523977033945916,0.8291742653234848,0.10410762510137278
5614.214626508472,1.4421893273584896,1.5615887593075224,-0.04437713137229777
4807.163142713711,1.184933870436776,1.0846378019885627,-0.32556655949224744
4112.943944266434,0.7598498338937152,0.7410008810199085,0.07799626779577615
5123.47243198429,1.0927352484855495,0.7838506410905363,-0.0514580333912543
4939.341786901429,0.9795875164137943,1.1851532472852884,0.030689455352339506
4379.848185988843,1.0478877938150235,0.8987098304472079,-0.1417374708026041
4848.861459493013,0.9843353311412761,0.7727712146866562,-0.1638506307477237
4530.2804821967675,1.247410661371309,1.2443221372480737,0.0393527018882413
4879.462141675874,1.0364050861628615,0.8711800447566583,-0.057649978010533696
5263.491472164733,0.9344778254464281,0.8475898810221467,0.4310695622923163
5910.211771301747,1.2105476442457543,1.2253893295541383,0.19968262804029116
3933.529150821206,1.008321260271968,0.9409206433538527,0.13625106486692204
6293.123362259386,0.9803696448322644,1.4393117184316124,-0.044370200375353615
3433.538540334249,1.0285056506215287,1.0074342119892008,-0.5065058621191273
4693.750433475092,0.9265977441584083,1.0570906094896533,-0.20189873190441973
5211.8220445392035,0.9523067482488672,0.5882100157001685,-0.16182336314607954
4996.694307414523,0.8033263528095318,0.6948256580860623,-0.0687460965724785
4364.110336125585,0.7622081950940303,0.6298082037590994,-0.008339874847488426
4654.314424749908,0.70035740337939,0.6085144450748164,0.16401874137137384
4454.899345738817,0.6020041783007309,0.7216908634065321,0.06828639026751628
4387.444670139052,0.7300706596538609,0.9385120392333726,0.2898007978674762
5394.721467914717,0.9064332413832685,0.988135133095598,-0.0779754933798124
5049.910840175533,0.9757793956114093,0.9361276633139315,0.06429073604254042
4314.963283317542,0.8821758592130898,0.7904430497197056,0.08596105694470023
5429.719912803275,0.3610741274681605,0.5412577086771893,0.06143157108964726
5015.109664613627,1.3436465894405856,1.7912432451810463,0.3204725619850356
5369.003483187272,1.2216200307225953,1.2053802489676837,0.20094358068679816
5240.7401893465285,1.061439962804282,1.2459086963933075,-0.3298508048753556
4219.70349235455,1.426872668138317,1.4202128806648524,-0.028582774764834975
4407.873271862121,0.7056589706290723,0.870942167040474,-0.0034934205574487756
5323.105523586283,1.421906280156501,1.01658445376661,0.5
5227.259185803426,0.708696480812363,0.6851003509414978,-0.08244779531136748
4785.368884225097,1.0096844813228392,1.0874461943044487,-0.24562097583404546
4882.129168316147,0.6315406687164489,0.86023443334456,0.10958135736916094
5694.365427051897,0.9536735238860916,0.8052298499522353,0.12424642990594478
4385.900027814919,1.046541624499597,0.6153312371562812,-0.01844321593242302
5182.968166819027,0.9113274172163612,0.8358907630159303,-0.0550652507427225
4658.465143296275,1.1284693610225343,1.3240541013595908,0.2372259890155213
4647.623157740946,0.9747536123718142,0.6693865999218708,-0.2133995385649551
5569.143796391033,0.8193963179056226,0.6519864954496394,-0.08523833571713402
5377.791444291621,0.8082966705494151,0.8697464777526174,-0.13053746552834689
5369.456745200447,1.152728443153924,1.0944346001840635,0.273473649405147
5713.83516500803,0.7865644925482581,0.9233708109245494,0.07137355082158592
4814.702689142931,1.1788507426212342,0.860369590975349,-0.2662485243303176
5277.367079906475,1.2556779482079827,1.1218020086915041,-0.24112659831569222
4582.81327038458,0.5328215344134675,0.7487722119954526,0.4683537809030378
5026.91644674191,1.2332315968252585,0.9004517137928406,0.27080443702676
4708.899861942621,1.4651056746111748,1.7583007945480311,0.21038757038086983
4867.8971754949025,1.013000940300482,0.7946863868133999,0.0030617352433356167
5216.609917805839,1.0997710463237056,1.2623557834356423,0.37711831003010227
4227.24552173657,1.2092513310922897,1.0773247784034676,-0.27585119649456463
6264.671092979822,0.8811294212052444,0.6967812821443061,0.18824187805112264
4095.7878329502087,0.9955700558844673,0.8974270164362501,-0.11081837663139084
3950.0679710485874,0.6214501175942226,0.7579682595531803,-0.06222332991380742
5610.677611450047,0.9846587571326127,0.9863541116804171,0.18144731620809676
5354.163885774055,1.0745279989111354,1.2961252699164632,-0.0358893771703769
5236.8838719365085,1.0790407557316173,1.3679139202759456,-0.10867496486531449
5239.841856484996,1.216356180899395,0.8928886030419881,-0.12378941202198135
4791.42725900716,0.7562994554661177,0.5988108276860447,-0.4965864363777811
4171.921939959918,0.8168483108316258,0.6286107575595382,0.19080090481891404
4853.063190735608,1.4238768364978387,1.0881203635865897,-0.25165751819969834
4325.986801941522,0.9124179065590725,1.134526966937295,0.4646023514148195
5482.583813392426,1.0000084468280819,1.1120799049144348,-0.0719031374537482
4697.059832948503,0.9332474895686947,0.8430871701151124,0.3273599493614894
4222.1519622452415,0.7445797934237444,0.7880677690786749,-0.4522577581706702
4575.029910842904,1.3558823027229514,1.6341037642068528,0.18287075529964972
5089.052017992937,0.8180746470198486,1.176568870366001,0.2471389331279529
4405.392813037218,0.6681786190732675,0.7618666509961489,0.3258909085911084
4224.445723103498,0.8373149306743121,0.4061536030343356,-0.38200969319665334
4970.581048044339,0.4495734995686166,0.558887079143295,-0.17567965927173226
4971.476599776106,0.7871781337542045,0.9801458497379041,0.14412748818902005
4445.139777240209,0.7079678505369182,0.7926775477057241,0.03711049471102738
4470.273186067174,1.104357157731831,1.239961019217032,0.07333991064095868
4962.434956150345,0.7816464401100318,0.8797620527380774,-0.09007165145233303
3786.340960951873,1.1719509838947122,0.85499472225871,0.3876996537639228
3814.775357936411,1.2996209982673304,1.0146645510291286,0.5
4297.089045123294,1.1452938340718997,1.0430435769465034,0.025994981002272287
4650.586993801707,0.8961529277849808,1.1112101588604324,0.11335531137631294
5017.635295918603,0.9852786241763982,0.8368352954613243,0.014060936405704376
5832.749351864686,0.5687537649639851,0.6947619645752897,0.3210133497618592
5400.361736241413,0.91655515686969,0.9893164352437992,0.20727907106420282
4688.043029025601,0.7348903829832917,1.0295389487984823,-0.2665951426592109
4786.688654468117,1.1235815952873247,1.0885496945259987,-0.15317550262366128
4098.229444753534,1.5931880973111183,0.9420862608371495,-0.25232419825147173
4787.040804805327,1.0749554089934523,1.1966032569623326,0.5
4597.938952755903,0.45221496276133333,0.7566339793494529,0.15882794589551721
5025.902992236663,0.8596924517714067,1.0123293557030761,-0.14892155652744557
4220.938339513374,0.9806227313436137,0.8293823990105644,-0.16888801015621002
5163.542559968821,0.9718393563150659,0.7659069535380485,0.2013078182417276
5872.917239101805,0.7672967185978117,0.6548430420460207,0.2262300374147834
4723.8678960802,1.0113229356592337,1.4133357625253182,0.19952692827110258
5081.198205469259,0.6393747907701531,0.6534310256715633,-0.1063893396624299
5283.100794197779,0.7137728193287332,0.6623737768450448,0.07646091110354439
4519.145669679914,1.1114494104009278,1.053725220473265,0.02772877440834605
4956.864737267291,0.6960841922800435,0.7009583128875317,-0.23406509310960671
4808.814680547256,1.0845529013730641,1.401653327529286,-0.23162346071900544
4868.373268984182,0.6076340563359854,0.5350926030552073,0.10299126113578382
4258.893151301174,1.391206470947934,1.609818604641051,0.049112770260914616
4817.1571219812595,0.7564325193989863,0.8193954187330021,0.13833792771055287
5148.598803871815,0.8940833570491389,1.1350526442290634,0.19775575967342954
5815.800525456529,1.0326533152726014,1.3508040449784768,0.3748456556243822
5471.489578259645,0.8086625118747264,0.8580597242866509,-0.19397609652901168
6307.22772025809,0.985851490267826,0.9263666082802656,0.15755904968134554
4262.856705978365,1.0938391811300314,1.0886124382308289,0.18729970413217129
5410.624445704475,1.1901533081258713,1.127643026093315,-0.07803260313136114
4928.339404016846,1.1478743589932392,0.7465969542158989,0.030465795892317137
6332.862053252371,0.9070473840493315,1.2121034980790708,-0.07163963917401844
4234.191200251394,0.9133420564890994,0.9757695218970639,0.5
4212.194710473457,1.537277139506258,1.0824611131728783,0.02621317261027654
4380.425148189184,1.187472267062323,0.6729198559716251,0.11287627717784839
3313.2729929831353,0.7195440859199466,0.4107499410591808,-0.06599607422930284
4431.971484823467,0.974997040941388,1.1309531297746216,-0.11990864156269747
4268.607136912411,0.8662142153054518,0.7810983452964609,-0.3255006654254193
4905.2756505333455,0.9161664415192226,0.8475257042234279,0.2749671561813332
5039.229183044012,0.642626210572978,0.7705894412807451,0.1921093743491502
6113.31958745112,0.8470191914035117,0.7852456438725189,-0.07527411110994624
5465.296686730235,1.4028889432984784,1.4543520877500764,-0.22509247576598565
4396.1674410363175,1.0947690752188757,1.095606774427968,0.0449771316050358
4171.10973005615,0.3272096479621349,0.4022456001982189,-0.12442420157424232
5144.343420054554,1.2541808731244868,0.8216065029042997,-0.05551064215803036
3875.8367550855505,1.2224073807272902,0.981763674109881,-0.315889986150721
6082.0211360980475,0.8601786739233959,0.9933116730469594,0.054267395162007494
5625.608084504901,1.1293158859458037,0.951837452964993,0.05925080049718736
4471.577043526707,0.7351501972956997,0.9702831932630509,0.2736807210599211
3600.805829636386,0.8324360709334107,1.2687771767896032,-0.03768539215815166
5747.710661915789,1.3246365901674633,1.4165971982469823,-0.08339061930095906
4719.822108323167,0.8820674900325729,1.1745340370543058,-0.3891902165293063
5666.471418381423,0.4825670845112522,0.638744823471934,0.2752402370906573
3683.900638843943,0.9341741943046658,0.8457958039742508,0.2232057791392398
4380.437483932359,0.9303529017714107,0.9816669711476577,0.007184610351700462
4803.6705898027285,1.249592142343365,1.6763640466563765,-0.33230776363259307
4832.886415635319,0.9535841055439399,0.8618874826223917,-0.30363175777203544
4484.95416996453,0.8446044221399268,0.6920247568935691,-0.13677648219107238
5235.994952643249,1.2112640363078016,0.9012827564457966,0.24130642721666584
4052.665699432184,0.9801975581252775,0.9413111413943239,0.07258440881040933
4700.334360485094,0.7624943296085707,0.6434312365846259,-0.37333929722044384
4884.206942198329,1.2387493901354043,1.5841789021258825,0.10105297865005522
5160.107183841124,0.9984154411291998,1.0419485973842102,-0.2097866447927143
5298.130414662222,0.9507314916698594,1.147033744754008,-0.13055305662803637
4012.7505357134914,0.9944770978529136,0.9361102206030248,0.24293450313042633
3726.120080485064,0.6823329071458507,0.5685807684125057,0.19137602094520795
5694.373775328956,0.8180865559554156,0.6285894535005295,0.2732749707063558
5032.619808385714,0.9508956504581958,0.7860909308269228,-0.00578337977105306
4276.059424410412,0.90133407624383,0.984218426899785,0.22075613946654676
5885.806382865766,1.2681070957041487,1.3350102768576941,-0.1465340659407643
4880.972244005001,1.0043514631817507,1.1245386562203035,-0.0643914836513234
5625.508028844679,1.1637259806591005,0.7928333221869379,-0.0815733061011977
4847.2629369870765,0.9523488386439624,0.9616151619968183,0.005966254556123491
6242.5235474173915,1.2140721209365308,0.9282109563004483,-0.3216227715780196
6028.738589710243,1.0493819391432884,1.1227640748414325,-0.0562512257808404
4625.725096064649,0.953355121347115,1.0547296795504169,0.3629143253796847
5480.099665668049,0.946679227760245,0.7327310071249923,-0.2731320404528585
5251.763164709603,0.7113903434272592,0.908965369005357,-0.3323303204787581
5758.042090272644,1.0767289300340777,1.5571896597701829,-0.312172081915557
4124.553577593927,0.9399488163659052,1.1105599160093698,0.5
5280.236021998908,0.8245020099546988,0.8290378496228819,0.11621299521759439
5540.897140794712,1.2266154427030178,1.1029682845166915,-0.06756634608534567
3568.88235950382,0.6374459935262997,0.6683517404706799,0.017080103252034125
3971.7190411339575,0.8443760261418914,0.7405414884404424,0.0569098498117044
3372.5374755679295,1.2069296871948834,1.2210493477003364,-0.16011249393234508
4611.415215888809,1.0288807352300633,0.7901003798013446,-0.1293041871772757
5302.279579057174,0.9380352680868106,0.5910278132236746,-0.039420783050507495
5851.64993646722,1.0127508857875367,1.0545555542477252,-0.18118877205872655
4851.866346293843,0.9948535427622103,1.0001098310818293,-0.09923365175529714
5940.030881899904,0.5708343634285196,0.565623040016184,0.08827289433258641
3833.928979249576,0.8626845286630096,0.660601582212951,-0.24928829490502488
3607.6322924513915,1.3541304136284371,1.348320216864441,0.5
4761.116610772367,0.7851689663057081,0.6608850250964485,0.1882891527215499
5068.8458142575155,0.8704247464739164,0.8700527264460978,-0.3175211846281629
4777.113676334135,0.8145948091727031,1.1482839653006425,-0.619475877275153
3352.7905299720865,0.9282461941704656,1.064879407644012,-0.17187582128444465
4737.615972341048,0.8042192921689254,0.6100142306537314,0.17109016240181185
3886.8713496466025,1.071685375539515,0.7874580390839239,0.12261747361252623
5268.770784181027,0.9993283530725666,1.0298101487999043,-0.027712127587153176
5056.618772267794,1.1433869037767546,0.8069639920414038,-0.15036061528577138
4142.084149570851,0.6872647084527599,0.4442225737781589,-0.22603284349798253
4440.293157864315,0.8649148792792741,0.9851901609795336,-0.10064576777737679
4058.550534677734,0.8935693420969661,0.9725694394776618,-0.25309499345690056
4756.1246319087795,1.0639117275221486,1.1455093846132038,-0.09971943905211238
5468.599624350867,0.7516947006982413,0.8377211103224755,0.3327377339557055
4109.9917675651195,1.178913451064586,1.1258365572016145,-0.1928099498123499
5152.832560862491,1.2466038976294023,1.0348644090926713,0.15272032076299705
4428.819667139292,0.7027819130911039,0.83199619499614,0.19085595324605073
4244.989017416359,0.8272817762766085,1.1221688112033175,-0.26990032963397903
4725.0787480318095,0.8170171229269769,0.7654358670465174,-0.2108429686398759
4075.330374306438,1.6080965511693746,1.1638097345661322,0.2672358592466974
4412.445486256973,0.8425249736980283,0.6739571751920351,-0.23144100991267447
3961.485475187806,1.3694063605390336,1.0630400322328655,-0.01437143730270084
6175.3075930414725,0.6333420012233475,0.7220394739118693,0.5
4824.68448638021,0.7025872584589091,0.4313331089174866,0.24495806426534097
4310.19214440519,0.7783488670379497,0.8902297435210147,0.0213076129338915
4949.785937513955,0.7385776721383693,0.8857828072819423,0.21018264363281353
4721.3703652164195,0.8830253164603753,0.5797212487303173,-0.01398052132850457
4645.321280326744,0.7728054493196255,0.6543358581455585,0.25455795830086847
5229.916690030398,0.7451646018163566,0.8029124766456852,-0.5115663578366177
5330.255397033114,1.2396179991183318,1.1534171230086885,-0.03481649909373628
4428.649196672631,1.2559484056282912,1.3247013804128809,-0.5215849766482055
4396.927231548724,1.1873241245938289,1.1148593979930856,0.04033879705795722
4607.463811993849,1.080999738896082,1.333507815486893,-0.05904447456817467
3188.6551846850907,0.9731857664448881,0.9156382276716752,0.34018246166058247
3739.366256461013,0.8257423273335228,0.6892930484532845,0.17795684214941682
5756.811987211167,0.711710623811227,0.5997764701327783,-0.1315219218850166
5951.477399450899,1.0407489258581717,1.184338022631574,-0.10155406414521623
4625.674772310535,0.6565924018633005,0.7184589359347532,0.09517413255744514
5203.5898741390365,0.7015197677061517,0.8485098118458281,-0.1431401481383182
5017.875108180475,1.2382283140512023,1.331910677113126,-0.008093196596136228
6955.216565918667,1.4251622604305216,0.7913335736128596,0.3291745161287173
5583.702438004204,1.0483237845416202,0.8016861081312799,-0.20728254588259462
4710.4576859634635,1.226614288073661,0.9371546702823994,-0.11191859148909893
4131.121691579702,0.8885379206390042,0.7612999171229375,-0.07685808636232913
3675.4875758196995,0.6155814534780789,0.6212840441976608,0.5
4942.4245451070565,1.103042904654646,1.2977576916850881,0.1520606656267918
4270.554478300987,1.0923223308175158,1.330442208527061,0.2830170847619605
3804.4224032816282,0.967917138470061,0.917180494930371,0.1920314279695961
4347.398981030232,0.8894061354737222,0.8647420472833954,0.2088484664963248
4042.9163974699236,1.1905526446452743,0.9875252031929986,0.11839338433307207
5980.999144550795,0.7035667416431314,0.7682856219152387,0.09131730001477303
5417.147829864615,0.7565548552773356,0.8323695148464256,-0.3626861636171341
4794.419151078368,0.697973373309893,0.8709910289197843,0.08946613908573488
5835.960897223018,0.9712432406589567,1.1329310389504341,-0.02708589809823949
4854.157815353333,0.6780267469726854,0.395412504329053,0.1363642257123738
4197.101059070215,0.7789394548711891,0.793865170296644,-0.017714791660111757
5866.18685408876,0.7735611094432004,1.0397415056111186,0.19079107318199798
5177.237030579261,0.8848479169165104,0.8273118440118716,0.23498314278729507
4073.9276919714803,0.5781563883990057,0.7921017974885419,-0.728040006161441
4666.762925341474,0.9718012480093167,0.9174728888732326,-0.10847320454148955
4187.06722263067,1.2618259126661693,1.246618249767514,-0.4643467264720317
3832.0401883249647,0.9838728430791904,0.7626375258866882,0.05973613866049859
5448.324283272149,1.33533028620033,0.9832166690543064,-0.0751770944635001
6136.591648329091,1.2834995464692311,1.3981679770488782,0.3389571176466514
3821.002698326601,1.1444337618119635,1.310430907062687,0.051811165450219306
5194.078465683399,0.9686714606592214,0.9800105333648419,-0.12138249411592832
4344.550201614721,0.9556250970613599,0.7275896134475746,0.23464288496139613
4459.0122313647125,1.140949943090815,1.120989431479572,-0.07955061445686071
4385.324253032792,0.8520823476239918,1.1010263516940193,-0.12449938897341711
4195.206461224128,0.479369812133134,0.748878047700084,0.09840635366046392
4833.965139561379,1.07300101352574,0.9909719102000237,0.40324284748486783
4218.334918512273,0.6672328425162571,0.4832986447758339,0.21338797705995557
4989.319778045887,0.7094646929524038,0.8875943132259722,0.14173274132036903
4764.833323385604,0.950055986998947,0.9068649910470797,0.5
4632.736367193514,0.9262187806116325,1.117917004200718,-0.18310250908987316
4164.705436570882,0.5969810984210924,0.6990698424763332,-0.18867945923552676
4396.260068602167,0.9913728910332851,0.8176240235206071,0.036392370109935686
5328.77385807803,1.1915349152152621,1.1638987988122025,0.37875659602617856
5150.642031337066,0.6679146074335542,0.913527717739561,-0.23542149407365068
4115.711328641014,1.2681208327121898,1.1732106418827708,0.438643149390765
4869.532613800458,0.5599572937175139,0.4986759829257987,-0.359780622352097
5325.970986360252,1.4793310360927383,0.9332743132558721,-0.03030451268029462
3631.41630321504,0.8471848923791291,0.7405094746053795,0.04336641641716242
5180.3521346659545,0.9864042492067228,0.9079746757240701,-0.22065797907947554
4336.163368737907,0.47699160687858244,0.6438156148154462,-0.15530859123305019
5199.419068015211,0.9344659833826728,0.734881726449529,0.19915761983391636
4265.718590420238,1.007120544429548,1.3182116806377309,0.36038893562780844
3536.582529534837,0.9284594739751263,0.6903339452616732,-0.5286525906240054
3660.720293481786,0.8092297307369065,1.2378826469046396,0.04505909636482864
4833.659462662968,0.7133588703680462,1.0266022782261293,-0.028327225903950738
4981.805751205037,1.2326316548843277,1.215509329942504,0.026849088905987598
4166.978362426914,0.9577017837494874,0.6476762132897582,-0.07919161890405046
5247.014721144162,1.335188094129193,1.2462150956249793,-0.32262174238908187
3636.935956411728,0.8183794113012692,0.785945042822285,0.38557424451115524
4753.744140946878,0.8413013266569457,0.6489341446880903,0.2898323995826749
3952.2886601662804,1.1538985611490407,1.1865953794037922,-0.025997297224220617
4343.714724538489,0.5442562594991089,0.5134171171545973,-0.1220783031183357
4833.17906992149,0.6466341599617692,0.6046684087549115,-0.15236015725146992
4197.7106443012335,1.224371242838291,1.1278952466479268,-0.64641330620362
4530.811119039122,0.6570165176942013,0.6324311447983003,0.08845501865060286
5504.404966450108,0.49523724617436304,0.8068648633821627,0.19508089757571107
4396.175691333796,1.4171317970182726,1.1800764341122552,0.034475529027442144
5384.984478445599,0.6015455880314486,0.7246262467739474,-0.021584108649938153
4009.2052017396672,0.9960298495820423,1.0258346389857222,0.03334587712164614
5170.862924540698,0.9672712981810677,1.042426912293729,-0.21330649518939415
5809.0980344605305,0.24734292084547904,0.3551374705711907,-0.12488880684258284
3069.8488499108976,0.8831707442080478,1.0649852880167796,-0.04158325705803954
4242.173321170666,1.0621033123697774,1.1053022344478096,0.1741691436912239
5203.950489026378,1.0385773453797151,1.0771066445550646,0.3447145933237779
4657.868229769905,1.1758801709508753,1.1517023014759722,-0.05728696074323907
5059.802111359916,0.8531271712736415,0.8562856055575029,-0.26119638439135395
4377.210369298926,1.12812611052304,0.9004269301125551,0.008911697690857543
4860.61285123103,0.7776677329799819,0.807822339772338,0.5
4691.025935225544,0.5973831458968062,0.6941745433878194,-0.23945160878343355
5617.4474431618655,0.6255679060796918,0.742364802512471,0.22146018678320314
4978.0945903108495,0.5844723862011463,0.674209438783217,0.33399013903015135
5036.321863452642,1.2023964919727983,1.1048858366321717,-0.09000371495637155
4511.686123714273,0.5713566227353608,0.6317414870327444,-0.1751811444297601
4458.675643149255,1.0185097101623257,0.9024146223129336,0.14373917070831316
4497.209268526265,0.8835189514818917,0.962411527618551,0.08830419320104124
5076.116499664808,0.924337856637342,0.8974700519262673,0.17369354283022176
4505.310863425816,1.290901823799925,1.2709291880401743,0.5
5002.842399827489,0.8403931581961817,1.044300232837884,0.041761638344140935
6252.780559051807,1.1029003903874208,0.9280710285754992,-0.29805621223902556
5409.787292402185,0.9593908378452779,1.0828246122607417,0.016660000542106056
4571.783527482511,0.9119952735918255,0.9351238465496345,0.060389198551345245
5640.849745514762,1.5249922810966183,1.968135796147889,0.3167921592720622
4514.347238884914,0.5896645635711575,0.6270149922756574,-0.04919109885692578
3373.312825375502,1.2722829588593612,1.381030413956972,-0.1022669584238462
4094.339582357817,1.114101641372493,1.0936324594772906,-0.34279849904164755
3490.445655281901,0.8301187513420539,0.6223766663140665,0.13685319801603252
4553.940561171084,1.357329629360403,1.1439037051224188,0.5
4812.892865432686,0.4879724719028658,0.6624580382844109,-0.055647746000984676
5973.506118592698,0.8195583356752321,0.7790295987512617,0.1129887386304872
5028.849161634914,0.6478794489327309,0.39285303374402175,-0.13695821332874078
4646.629629833795,1.053020866217865,1.0356508087138172,-0.3203212299989601
5380.583906828442,0.6717339747032056,0.5684666981661672,0.1085589848001327
3252.2052836944804,1.0582659866853297,1.073932756128751,0.007047070859298016
4964.9301906759965,0.9033908960446114,1.2079470940202175,-0.5963885357664559
5339.605635720876,0.8301615143359788,0.9942487111944466,0.40250717893502974
3764.989627954111,1.0471618115083277,1.356427703373961,0.10399109408427896
5600.62783024485,0.8828445940154839,0.80347515711013,0.018473887525901046
5036.94748524609,0.6778412892352403,0.7116814424922984,-0.10549421602307714
4509.298460269439,1.6503432474087445,1.1811303092273815,0.10132352762327301
5242.947306274399,0.8282082042427138,0.7423670418339722,0.11284898810400876
6389.485000463077,0.39559772996199627,0.3879356738124714,0.10033034343167803
4927.306378540947,0.7394753275696528,0.580204150871082,0.2669982611258723
4973.754410410235,0.6331808279068174,0.8833016745936825,0.32381780845833635
4478.447370321829,1.156536404010129,0.6533678695926313,0.5
4205.108941374646,1.0304131648978965,1.3049324085608889,-0.20921054561218044
5381.235071580972,1.049678200447586,1.298616794201926,-0.14335537844180432
4200.741321863793,0.8574943835406889,0.972660638561972,0.09029554176040952
4850.0963660535745,0.8801624382357696,0.7016594216340312,-0.19477271468444624
4465.639787264418,0.8572672240980829,0.6043280872886015,-0.15450376809305516
5135.285878022474,0.9297017039661325,0.839886637644205,0.11880739537665747
5033.563473700864,1.1588333588412087,1.2658394121178966,0.22521058874496253
5526.277960980529,1.0340188531263366,1.027753083609762,0.3189819881947158
4442.988520801677,1.0750282074052167,0.8384498839432749,-0.04815360343940018
4611.08754529464,1.0748897270623006,1.3027751022848364,0.11578824088449266
4114.865398952385,1.1711106093454344,1.5169444428106318,0.06068943397344255
4488.994717946722,1.0220375103850636,0.9714744181527925,0.0044143612949965145
5064.110345131397,1.0397120181697297,1.0542047953785327,-0.20400229130200437
5329.892031651746,1.247201560298289,0.8331975511393,-0.23580277230063038
4154.484273075663,0.783738520499222,0.7546826689278364,0.16666869498898912
5408.724144073962,0.7360643550121232,0.8624797386258625,-0.20820484497105052
5748.946501163466,0.6535196002032859,0.7620522152239468,-0.44422970620675667
5089.404432256591,0.995728640905064,0.8953949783396189,-0.007940330822546962
6113.757068790646,0.48656693969521914,0.5311478316237445,0.3638100755374373
4258.347560627499,1.0655385240149193,0.9579941761653075,-0.6987126096005605
3928.741707682008,0.9227017263748618,0.8854464517447296,-0.07208256828837803
3554.8958257670047,1.2336599249552642,1.283053510353617,0.1688037163315582
5847.231018042428,0.7820206723837523,0.4981958217961476,-0.45587410830370034
5258.05595944784,0.8991704286456232,0.9048304348345066,-0.0533332290502705
4761.090730362682,1.2305508333233421,1.2631689415907645,-0.28486431113813554
4995.978038423874,1.295783911694538,1.0899642910128506,-0.25179452850172146
4012.1576668911366,0.779961908562045,0.7411245905951768,-0.10060455192550512
6512.026385731779,0.99544530814679,0.9066040707376883,-0.2807869725330425
4890.4548273826595,1.023604744421012,0.9212246161448925,-0.3015751757879531
4876.576356223425,1.043413351405287,1.0357999117424457,-0.01480793788550106
5308.036636729084,0.8843560851710944,0.9297467374589157,0.5
5136.7064622156995,1.2703458495309086,0.7022448174790236,0.18943582936196404
4956.7188169953915,0.4775741290946136,0.6259395948011214,0.25263319175958876
4246.667881188281,0.8447174412997289,0.823038544903055,0.1993156096047112
5130.027849995197,1.0619826831932366,1.4549324733826732,-0.1743784031698043
6117.417147532524,1.0643062029873358,0.8006086749810484,0.07770805727904011
5741.794032308484,1.2881897576536907,1.0121531350090693,0.27442356523558353
5915.2306386475775,1.2495563483003216,1.1466018306996635,0.2070843669454478
4442.14902649817,0.878614593673194,0.9761686154497161,0.0486377518420963
4107.276625818993,1.274967810882651,0.740661783303749,0.13001162354847345
4711.949155930246,0.7714895640556363,0.6778347228659805,0.5
4839.007438602086,1.1827218456979594,1.278940826963965,0.20986080428908643
5565.934062929664,1.4026306196052483,1.0622843903789678,-0.07878983929941216
3615.2747591996267,1.2537360267137423,1.5266381494601107,-0.01850925156614919
5870.6852236224295,0.9764425958810308,0.8920473766914909,-0.2635378491478617
4689.394470994707,0.8670553070569694,0.7316740997828844,0.5
4501.183251036806,0.5678521759351784,0.7135098961112653,0.4009674313608859
4091.5269373178826,1.027634909478551,1.3506597632997401,0.02080325906802856
3641.6003296939616,0.6711956930072702,0.7874441372698943,0.5
5376.219408773341,0.7517163340965157,0.9965000105483408,0.15810001123874434
4851.322577031883,0.6523135498158321,0.9487521484924578,-0.10771160440395444
3897.027370181262,0.8349019168358361,0.7059933877395816,0.22661313512994943
3893.4448595554686,0.9430076463782544,1.1332115200045336,0.09966086794916285
4564.950710496911,1.0184036452914262,0.7055241262503057,0.2094641945690998
5968.315067702575,0.7998733411465091,0.9074838677434074,-0.3422729649140543
4618.286054045477,1.2173209265987959,1.1536786984719858,-0.20257853929931743
3747.7999328173255,0.8979486855025085,1.1455685486917748,0.3721177075307938
4627.979855139839,0.7530693916836202,0.9838788105192694,0.42328437289101406
4609.0935011766305,1.006573066810859,1.1198105191890466,0.3537781817420136
2912.1793499408996,1.440888208385954,1.4193230452394971,0.5
4761.993593437532,1.0337901416337794,1.1313550109841362,0.14434207455346582
4638.345828853925,0.8592860931565982,0.8966907804209289,0.1267708407076077
5287.344455369393,0.568134660970324,0.6283662318611969,-0.22830172530595313
6094.269266461742,0.8951469197569824,1.1792480038516162,-0.1451328602115763
5588.595520683431,1.008732031272029,1.3217391626754833,-0.49706523057738794
4611.777916611619,0.8531047771861074,0.8556967276493257,-0.08037150309192669
4025.431863880831,0.5336538404397501,0.6338303828549384,-0.514631522208312
6601.3518622749025,0.7373586526241415,0.7964861283472296,0.27024154271592354
4841.452903810142,1.3136346152219394,0.8429304028514372,0.09709971713761316
4809.750504339062,1.3085002509326151,1.1565569543373433,-0.5065423115990225
4783.112439022998,0.7283402076988504,1.0242875525453943,-0.047465923040870515
4938.659332537499,1.1181891967998554,0.9295099892757573,0.491913905587125
4698.94771165324,0.6553568038074565,1.014750519925732,-0.03141653770893592
4398.4365951838345,1.301079070498738,1.5237290706680104,-0.2495927359094981
4417.198741131726,1.0113089619735591,1.0900622807610914,-0.4463755673263102
4777.072710848801,1.1874103746541333,1.2760019058694685,-0.4389116531109722
4419.602660206365,0.5212266632043652,0.48485143857558993,0.1338949919640004
4301.007952125985,1.119409275481222,1.0363826127270879,-0.10846815558118618
4874.501159384327,0.948081484078874,1.2344876131355504,-0.08774853539985965
4621.515947805401,1.1629822676977106,0.9897025287851388,-0.1074366658609923
5852.795092007882,1.1787169495244623,1.382647088075957,-0.03505998736618593
2944.3211341248916,0.9664461723686874,0.7050755395309681,-0.306790749675762
5564.054796345723,0.7997925902260212,0.6359250220075401,0.0790262484223446
5672.25963474834,1.1449240455448735,1.5381106220974783,-0.3556765609391736
3348.6268373142957,0.934961375148718,0.9453781389602742,-0.18896061451031343
4560.118684143756,0.7318037616180894,0.6950669106786985,0.25270692441628095
4539.991393802946,0.7199619421355785,0.9784122037824903,0.0940512499312972
3814.7418136975252,0.5807088959219046,0.8086979665082873,0.17142046155034565
4255.528318686387,0.8224272101092341,1.01270984191792,0.5
4022.59690817392,1.2256730115185945,1.0426617167202743,-0.01491350257612434
6026.589310396535,0.9944574499263585,0.938434563843219,0.005365065006244425
5454.974875203223,0.8175580735192398,0.9042168668659893,-0.06608023896258514
5690.088566495911,1.15121398454502,1.2746846660361193,-0.1108535368480368
5305.170444830264,0.7418808445691527,0.7074411436849455,-0.2526477068484466
4009.6637601479397,0.9738375685831946,1.0124455443755807,0.021016202798963074
4432.835813604159,0.9050924068186211,0.9727022377200235,0.08876215164903908
5142.562192859543,1.144782656397088,1.4009930596912301,0.10269258479822403
3944.510533775638,0.5556929072701248,0.719288130956312,0.016090956716769522
5299.098901120672,0.737450563546336,0.5475699066079401,0.23154270120499545
4631.772221289306,0.5404385852263666,0.5851043328271637,0.00735917268559678
4537.625434715282,0.8851008195476825,0.738496432758008,-0.10232547205849042
5297.671977742444,1.2528568759081076,1.3336971082410305,-0.23174704549362946
5110.984318040228,0.8236381975866182,1.0143133837063787,-0.3872438028944822
4547.323683926644,0.8223290154510873,0.8725074506273662,0.36510379448412134
5611.530862354974,1.167931106046034,1.0715115410440503,-0.1747636563718327
4043.255670680072,1.217137389613825,1.1864201579977647,-0.23141678582182323
5231.1549248609845,0.9278572331828024,0.9812113172562992,-0.10438455708174325
5215.170880577869,1.1211787135124731,0.9555346354111268,-0.06959719663344908
4583.317492480207,0.6807613647805133,0.555988457552511,0.4096281089756934
5028.293115569482,1.2944935834813533,0.7252896218320966,-0.08203677577279272
3924.220496530288,1.4871765734842628,1.7218382060273005,0.5
5446.818913444831,1.0803039477971812,1.1693443723473191,0.01592430116329563
4670.568504489907,0.42891709466429984,0.5448749938050813,0.5
4434.093885636672,0.8104424344005539,1.0591137242486215,0.2234823203576803
5534.306458085823,1.1032063304173303,0.8101266837004302,0.09025935496119045
4306.959416620069,0.8446292507084092,0.5703771924923424,0.39446203330937185
3814.077092545508,1.2680496385625244,1.3021552235780367,0.2805574484850749
3710.3595785332673,1.0970393161089662,1.1400710283177162,0.15866977104652222
5224.206965941948,0.7733811248085508,0.5322540916130472,0.5
3903.699453252602,0.9580662026928132,1.035791621382525,-0.12459817798840572
6028.355927389055,0.7265416948402275,0.7124841569012816,-0.24872841899043302
3342.6494144813946,0.9043537803968895,0.773778082055681,-0.16905768545298847
5987.519457803027,0.811351689891862,0.7895791688744882,0.43806829752088866
4947.712227041833,1.2436904500582595,0.6092287737223818,0.36269000527152395
4732.300821690726,1.4790030142077488,1.2058921790859933,-0.13131547487009632
4418.556639233735,0.592202916691062,0.5649902094390571,-0.5886628218984665
5079.395280046449,0.4691959284475619,0.606682945582429,-0.05146125909468052
4773.655708302606,0.8887068945371536,0.8811320088509218,-0.253316077147818
5572.311317411565,0.5703960752928293,0.7197194081924891,-0.12348399287236349
4879.959354063428,0.9615529009177293,0.47495916833408725,-0.26360226193647956
4905.211233023314,1.1372340284514817,0.92235336508101,-0.4023845192447559
4545.471451450301,1.3235354743167063,1.3905303461610876,0.4708010920827253
4760.138063395253,1.0003486396788202,0.9384887473119089,-0.17091705098585458
5015.461238224441,0.9017111937876052,1.0762240605200413,0.35316695081479177
3602.8821251403624,0.4554037708567289,0.3406215563645011,-0.0553427274617143
3856.2702045260007,0.9565462872964495,1.1061998513470543,-0.282701051138111
5320.2848658159,0.9678218151373654,0.8496470299852812,0.12726709748225074
4919.605806689559,1.1097392035531863,0.9268380626197521,-0.09776421423323234
4671.211664553125,0.7728779746177272,0.9750378401742967,-0.051775276415811824
4812.903753145775,0.841236849941035,1.0731967580255342,0.03622648358494201
5043.3071937531695,0.5804994361739539,0.7811368043955124,-0.20305320893717227
4422.168223783447,0.37717679827898365,0.6452898639558831,-0.4052840885300898
4255.186692218381,0.6728757273008041,0.9129016042810154,-0.012817403683584454
4937.091678568377,0.5574185464367458,0.5268609788970142,0.2409794256584589
4115.139055669478,1.0341780738551527,1.0563498227610053,-0.22539781472793882
5085.776929000131,0.8204664858332856,0.7920965626605994,0.038490566566408806
3608.1914770335115,0.8154407174813026,1.1941063441406452,0.3763767871372992
5520.408946127951,0.7038967384561969,0.9219631754618527,-0.02244122181846195
5130.81823768913,0.14185864187189157,0.20172550472921255,0.021523592948964738
4979.220814019713,1.3270776871868875,1.4742461101892321,0.01380308840009653
5487.88368876186,0.6999323693058028,0.5664516902449455,-0.170586106473265
5965.832111123804,0.8468949825375232,0.9193367011814686,-0.24833862960834402
5510.059045512691,0.5862769586776724,0.5299811979518514,-0.24731559233026862
3511.3880380678484,1.1929825858601584,0.7626933265857003,0.09204579925181831
3904.296123285009,0.985857234259331,1.1437991352449908,0.189468090483186
4362.6269956130245,0.7434086786835328,0.9321719549404451,0.20127055960946297
4818.263735147583,0.851942597163994,0.9601280076255467,-0.09463571343886563
5162.3613143283865,1.3695449805312174,1.238998138772599,0.2733271352326616
4291.979330792574,0.9317576420296804,0.7056753763365973,0.07684095487760663
4930.736735133954,0.9045666155960235,0.7085350026689119,0.017685555447754766
4271.231947352674,0.7146546284651837,0.6161544604253176,-0.8348391656508962
4371.937537905636,0.47635471238192423,0.5266937637080013,-0.2043524029015958
3815.337232206244,0.9099903316051638,1.1269118831195155,-0.3802744755593189
4153.7367277223675,1.0313712780811544,1.2424062093572084,0.15676837676602737
3853.8207760685664,1.2248961160819174,0.7883877465349807,0.023758332982508176
4116.888722915867,0.3878758663750861,0.40377139221059016,-0.2679965965962772
5537.549257625487,0.6687259182442427,0.6203773741258513,0.0760906396169154
4135.42077781764,0.8048147273608874,0.4149590433608674,-0.35587309155158686
6642.667445386173,0.9491297878566995,1.067684941540733,-0.26094077456689607
5145.322530616622,0.9137415771178944,0.8845721902595127,-0.17755533271623508
4929.385286586412,0.9195778285781826,0.9139668859022508,0.13503408046121626
4199.149553873151,1.0520240146424862,1.3217270006264343,0.34986041980097576
5290.216915586294,0.7241767223052227,0.7861024006310806,-0.1465021120859837
4397.053521633558,1.1835353605584236,1.045735287633627,0.33061466040206927
4885.406870251753,1.05836311042487,1.1661513208182681,0.011850887652865058
6592.059176788156,0.8700419339679801,1.0840614738026353,0.059034540231305783
4732.758070192745,1.3502269979722288,1.3469198174771009,-0.01595113943186103
5604.491328399973,1.3391040088929418,1.4372484573895543,-0.04932843834651635
4307.776502411879,1.1832238387984522,1.110764465334032,0.10982500918473125
4775.5080566521265,0.19536080735805184,0.26637964451144847,0.18508029654551117
6039.5604449448565,1.3447362731794938,1.2960365318639488,-0.22115282590896335
4361.123059548563,1.1486896306179835,0.9489909016879153,-0.047325117392376576
6068.71399059785,1.451602159428234,1.1942679958674043,0.41731877430581626
5295.426354818833,1.2593661479333846,1.5340090689578592,0.04429716357963081
4406.273256874013,1.3445856693743212,1.7762011650936866,0.07167346360728714
5242.685417338865,1.1696637125450948,1.4945451737445372,0.2918171347418568
5480.788114738711,1.287173299661378,0.8999178076060248,-0.12531112482116546
5235.266973552038,1.44853093518361,0.9631025311958721,-0.008490155475312962
3700.8426960766806,1.0041386845945515,0.764379543713995,0.20421122414964493
4291.003976922592,0.5569423639804676,0.6429346562826882,0.30972555781958555
4626.736955113946,0.8731347749962144,0.3931805164832874,-0.5912858233763534
4747.896599629968,1.0474863998458592,0.9155989892169875,-0.18416719772384332
5234.470468285474,0.9687218960928894,1.2492539831975116,-0.2495913265873187
4924.390700653277,0.6383595084601433,0.8355270751467626,-0.03095627584801197
3865.258948902929,0.5422330937012552,0.5504434568686369,-0.230668194148367
5066.138495704175,0.7647093328412926,0.7369267442479009,0.16602637487747715
5227.410021698676,1.1519348889960377,1.2468448572602222,0.04310258526222529
5191.853313551728,1.3450849427057423,1.504770101569479,0.22229754233854113
5556.546507888235,1.1791419034444253,1.0192611264289584,0.238251989343392
5383.745508184233,1.214356821778534,1.1133397950596748,0.16977150460396218
5121.426055459906,0.9297961067091105,0.8366328447937482,-0.08394763777750616
4750.884001978947,0.514479385573509,0.43115231755109545,0.026069384689155775
3637.327346538806,0.8361948547793236,0.8285661114752229,-0.1152184763299505
5100.73275339281,0.8853088970319053,0.8534534955159712,-0.3411838284924477
4945.381381014178,0.8257368782910794,0.6416528691642299,0.23844696177192884
4990.105186036762,0.9636737163436565,1.0962790289026063,-0.021016156817324314
3906.275996925783,1.0603549399732375,1.149303295908968,-0.3756529910311532
4043.260421714216,1.1632537970608743,1.28563648062123,0.1342373927719002
5537.206997333033,0.8804700339084164,0.7644341818509842,-0.05598722940568697
4772.311392300341,0.4740601485888516,0.33203906956771134,-0.5149509931552197
5277.050488160837,0.8292805701772162,0.941383464336875,-0.34343231811616964
4819.822863291322,0.9609275992479959,0.839963690928975,-0.17515278966527406
4820.829297647022,1.255701980533352,0.9860761960960542,0.052628014610971496
5456.7986641831985,0.8080480394539736,0.6312383984299507,0.19700499626264023
4438.768690247838,1.0781359070998504,1.00355451897492,0.18844223267438914
4867.284543858688,1.022521974908858,1.3391140580194587,0.15071573873257563
4476.40729790647,0.960975133280847,0.87073495225843,-0.00859059292299479
4495.852640797379,1.1826333298311478,0.8943524900486748,0.4305580776495543
4583.579513571953,0.7847897008118547,0.9311714831351104,0.17496781099997155
4955.493640143599,0.8062033875891208,0.8707879464494538,0.055526342310572456
4464.875964835566,0.9470247942264429,0.5515906574113948,0.14164702643259008
5679.029287901464,0.789963373726575,0.9378038006861961,-0.09975875078890076
4173.774888446347,1.07700307276365,1.512863481906913,-0.014310900258738539
4669.189849087049,0.7717019239084668,0.3900352992463448,-0.5204885098878904
4492.188259208077,1.0065760519362836,0.7568168682945894,-0.09668691561940056
5812.884519047613,0.9249568078033108,0.40426211202002194,0.43997200394169345
4937.588343558103,1.0037314911941764,0.9878782536506858,0.03709381932177402
5522.291177628044,0.8350646512342401,1.0371961610883964,0.026684944340402954
3760.1077388741196,0.8652279263682932,0.9094373003301681,0.2496510237873202
4986.9351861084815,0.9740023169992624,1.2517409543816036,0.08945635390559432
5422.741556936406,1.000518626540328,1.166593853479061,-0.1966209510641487
4857.598792492797,0.948949521152211,1.2854004704296136,0.005914378047580902
5545.836262545746,1.376340589128271,1.5907660046772492,-0.28380478116962865
4437.8980849297395,0.702315770314679,0.6930041163682992,0.045903042655070926
5786.543208129906,0.9339490512618216,0.9594359822024418,-0.20943748810098525
6409.228686533475,0.5565927444707538,0.5170698177152662,0.2320736530084359
4546.013007692239,1.0430203696668465,0.9865585401373029,-0.12756015544283208
4488.14823501946,0.6711883659057964,0.7358905578203944,-0.20617597728363624
5817.369133982391,0.8804224360308559,0.8877988696652037,-0.028207997077869647
5905.700502011498,0.8569839186671685,1.121119050203239,0.0913479547824283
4433.997980992712,1.020222781650293,0.9490459941590478,-0.30183299920996043
4505.8692280329,0.8118022706137049,0.6885919222718938,-0.13031664933089665
4602.750773797645,0.8011735755765044,0.6918345407485098,0.02629057642335075
3858.884642276006,1.3089641160214744,1.4028540759126342,0.33459213738413185
4156.943637461061,1.0211416976186316,0.7315138119359712,-0.6321789410734437
4097.101463273552,0.8097372869944329,0.8106608655154596,0.1537908009208095
4262.54170442711,0.8872915820471923,1.1500461154035244,-0.09589139110152685
4775.720578829253,1.3613387380676862,1.354789752184324,-0.12365258672391702
4963.950312775564,0.8912087804372257,0.89836865769699,-0.1702817400339396
5885.350344969854,0.777680844211903,0.8119153053940397,-0.09097389590856404
4101.152171482847,0.7787509624684018,0.6501102418545462,0.1552043002279986
5489.025678933609,0.8127183797526056,0.7019123321673313,-0.13419661778881878
4650.207809042144,0.8013755693933193,0.8049628652195927,0.4146480039534057
4765.375403243297,0.6300880379126892,0.7285619649640123,0.15596669607310115
5272.373644516622,0.6689499757632554,0.8624358922682686,0.04949303128821763
4014.094584906391,0.7426699064096575,0.8027916817965506,-0.041514029454155874
5067.686822328836,1.0978927546132744,1.3691194761601266,0.2974635509570256
4916.516545749139,0.8546906781817816,1.1650994874882594,0.3340049216895788
5144.715884805704,0.8982095777264899,1.06366680645639,-0.2903455368135611
5002.418050735472,1.2675220063137242,1.5049860031229805,-0.1754745263497725
6518.710097937626,1.2737517874846045,0.9731167100226165,0.15865755159800682
4353.582011024078,0.8794687642155662,0.6949561690475398,0.2341702361110056
4428.302131498727,0.7922841223291477,0.9160398320500239,-0.07508513707731711
4363.801631502665,0.7338924215816155,0.5713121021630572,-0.18561121492812577
4411.166016587822,1.1231939424270594,1.0336664414954864,0.01965315649163608
4353.829010885438,0.898823191619428,1.0598268727894267,0.36917335768649606
5632.311571775286,0.8533762774193024,1.1298712094947536,0.010258565013035542
5794.352973592899,0.7465838562156117,0.75127834573112,-0.3159851924562828
4400.477594375367,0.7575833977471529,0.6967374792242204,0.027395806894355158
4217.35109882704,1.0300145478733111,1.0895671411398518,0.19568701780746342
5129.990889470483,0.6211404335281845,0.5365159443352874,-0.025344327837439527
4413.44386900332,1.1987171734469846,1.1159779278467388,0.31454170312097757
5243.052272428858,0.8165388390462703,0.8489576882948732,0.21646225887937143
4942.04611459591,0.9125910139370518,0.9242372418434954,-0.015439730924088778
3738.979119501938,0.6157555104648613,0.6904730252914086,0.010786004910115419
5883.253640931043,0.9469085154394088,0.7975207718963676,-0.46043992629580593
6057.114371166865,0.86791976432736,0.763039926576675,0.30255668122804075
4371.047916660929,0.9374798502858833,0.8077613327981172,-0.08237933716757771
4528.608908044811,1.3179272245904725,0.8430391001351346,-0.09998918481908721
5000.105773507434,0.99442451144756,1.0635980713118018,-0.13746340163185428
5034.119752990918,0.751335203963549,0.937897890111529,0.114174390622524
5260.980990870981,0.7721700223633579,0.9426532215994545,-0.2821732501906648
6207.143177136445,1.098782796478442,1.021666109583499,-0.24604319542813602
4676.136940754165,1.274673322748356,1.0173231566649605,-0.013131275424838294
4241.191928823082,1.0204795051877624,1.167647208598531,-0.15662833289621703
3834.476540389831,1.1221781861386924,1.2367320607867553,0.08380839334327046
4288.348972040657,1.1024344308341762,1.1281531557800029,-0.14747231984154568
4776.811118988342,1.3047661033393803,1.668759430752352,0.3987590660938967
6056.190504462451,0.46260245681849177,0.5368648487327619,0.17336437669610108
4437.67209067468,1.116804734826132,1.0362749286506396,0.17022155309473713
4956.651566147229,1.195934010975891,1.0616242899641735,-0.15124043845532703
4788.503972749074,0.6153190734661066,0.46639932906148657,0.5
5631.8752914136585,0.7285829539983959,0.878885775791284,-0.10975275356858198
6568.852698111536,0.7373043128429616,0.7671089439410497,-0.1784525693225291
4428.391858955775,0.7678024509056541,0.8920224204588676,0.17668564923883698
4457.392390237244,0.8295707372661185,1.1783873207940745,0.048807033235082786
5530.912613948351,1.0106507032637353,0.9296959932950634,-0.20459607731029444
5277.324042738418,1.1664186627918425,0.6021714936858747,0.5
6092.695128015223,1.2203292394421341,1.2855145226562255,0.24389987454820947
5208.749729728174,0.7405442347080545,0.8126385914486179,0.0010013253169847318
4548.495536449058,0.7388242503242543,0.6699480583820507,0.5
5213.458381484616,1.2789554600040556,1.3142808542531081,0.20269503607206316
5576.092506408036,1.111685983854661,1.2595092424104035,-0.0029752424482233225
5374.337526838155,0.970716210467249,0.7916299611230388,0.5
5155.091821775109,1.0683341688887418,0.9907645594961635,0.16474618336855162
5546.672282712408,0.9425490545371398,1.2354652919978761,0.15381131558009242
5618.5069133119705,1.0811461707619037,0.9107866582935182,-0.09658690679012558
5767.511293726269,0.8659833258735649,0.90315068904992,0.012353371424911769
5254.09692131275,1.0172012336098077,0.4816446864861038,-0.10267324896605376
4683.017343778202,0.5723634874076259,0.45027977466150754,0.35993393651036315
4902.699580503326,0.7780539262936422,0.8438756676574521,-0.4023535358543658
5644.55627655585,0.7807472058024141,1.0218475320882285,0.34146760826621203
4228.145030308935,0.8564024916982714,0.6427343115455247,-0.21933563217448587
5058.0713162110305,0.7183716863050629,0.7789473436158167,-0.014480300790878045
4524.662831370848,0.8166140935442295,0.7864802325445981,-0.07380409695605751
4820.121376054372,0.5713964844004698,0.7608908355312335,-0.1300381216238017
5694.916303825109,1.087175119098725,0.8087489133321154,0.1724460370338733
4933.769347613932,0.9293716202721514,1.0242065780268703,-0.001297303332202239
4832.505583709304,0.5236980980559958,0.5181021844979523,-0.16692469003722157
3848.1007013140566,0.7412925223633317,0.8221382963091904,0.038498882544448436
5322.377496219055,1.0341503568905417,1.041389821487999,-0.17402168166662738
5251.838926798753,0.8142445134035525,0.805684086996189,-0.1344438747503555
6314.278306313822,0.7757646349654758,0.8941720456271262,-0.37431577225970136
4584.555235532899,0.9313518307479809,0.9529413902946406,-0.11257724837119078
4953.405229364757,1.035899383794554,1.0012964709204106,0.12355113159863357
4974.568578597528,0.5909118857402098,0.6096792751556201,0.009281229489509334
5904.217295834432,1.0875321203044699,1.086030488249481,0.45376591724328563
4733.293127329133,0.7499266795981558,0.8296320638493344,0.5
4995.315068039237,0.9455180079375503,0.7670136930928161,-0.11605459908018079
5225.527556801578,0.9411449648271226,0.8860486104431643,-0.20832943942607213
4930.626386209451,0.8182334704400565,0.6719830600507982,0.282454136589736
4487.4964698146305,0.6940850634673214,0.7407222077210265,0.08380206050813636
4935.862995028815,0.878578362976934,0.7948098724663414,0.2839685692537433
5551.54222490184,1.3563325772687986,1.4728472390899465,0.09970768280112731
4081.439290412258,0.6095812423840923,0.763567004728455,-0.04858946166894366
4893.078771902813,1.3730782547762188,1.0508814392093797,-0.04717126205469473
4309.915429542579,0.8850697072308669,0.906528623844975,0.1081941945915126
5636.532640247389,0.9588428542721598,1.090417483471214,-0.052778473928714896
3733.7691666513574,0.6783222971538181,0.7073729286081596,0.30487531079946734
4408.754706909888,0.7571826458306298,0.6839110909323656,-0.32558430987529896
5064.048312545165,0.8242725874904951,0.6695706214945358,0.30353590901527416
5895.866820464038,0.6885762572805219,0.8686887517821477,-0.46835018697900915
4753.974817248909,0.897770510657282,1.0829638076959924,0.03627557159030552
4411.360331314761,0.8482460270483072,0.8401735815585549,-0.0827606826558872
6116.809948608413,1.4126952856089332,1.5203857592945276,-0.37908892591279525
3786.390269708629,0.6585064535798847,0.29133824894798915,-0.5150048541696843
3260.8358303659425,0.9756726291871468,1.2408211797682318,-0.27437866752629214
5108.010115037333,1.011961570475456,0.9778688919651782,0.011421081640084839
4448.562042953172,0.6824198628370406,0.7575032895161429,-0.1505460321949296
4085.1370280085007,1.1217068738632097,1.0259620753228034,-0.2602372252927945
5295.849513109547,0.8504182467795929,1.123633409973757,0.33807027073059637
4970.660499639839,0.32690258710423314,0.3220922323091915,-0.3080461694821404
4405.14495848429,1.1149624030261411,1.412673336341354,0.16977933288736163
3903.786920930374,0.670764778974409,0.7841153238179256,-0.22224925209555116
5410.720129796101,0.6880562634652252,0.8338180766197762,-0.28070148328964034
5255.140824571063,1.1219755207230995,1.0242537157903782,-0.15095965673072279
4730.576895354432,0.8632096293953875,0.6563854172221504,0.15497901180102786
6092.645897233366,1.179443037637875,1.3535168637682589,-0.34286643914952003
4050.940663571693,1.2525415238413298,1.2719598231205838,0.07186381512667536
3732.132380352683,0.7887678849194255,1.0523430357687118,-0.2401899994178466
4315.664351083129,1.1483156239887575,1.073700100106991,-0.1951917175615129
4768.089788551151,0.7611347996517794,0.7364404154058604,0.10016039726026625
4970.337614525884,1.5082789792830442,1.7749504948222925,0.5
4631.134759500569,0.7767607488671961,1.1294236891959377,-0.22775424749689976
5046.438777560008,1.206521860240001,1.1642313335981782,0.1799701459142503
3923.922403066689,1.1609475064703938,0.9571656851735136,-0.07817809430823999
5810.6352228512815,1.0290219555272335,1.189010016864285,-0.11868586369919916
4742.494175125202,0.7823642096458292,0.7799792109361563,0.2678440024375385
5582.107082111689,0.9121506270146477,1.0404329506682877,-0.21088070271497256
5039.907742464393,0.41160297176386196,0.4660767847045536,-0.2885283066986888
5119.727253407649,1.0061050095955626,1.319210637767165,0.11504394880477142
5198.837096162542,1.0374038327570962,0.8857441365470669,0.39869594912168677
5113.395992012121,0.9833748547653428,1.0815031968872129,0.1874986763227879
5249.90593190728,0.2066734571768606,0.25559907507553176,-0.35175434518413334
5730.406771092702,0.6335908887275472,0.6550591084373254,-0.15383326099222944
4937.564818791029,0.7629772542878344,0.7390220720860056,0.24489956039420221
5296.302630311959,1.0229147332972615,1.1687136252574248,0.39527755447715
4737.185013998941,1.022334726410746,1.204775406181419,0.057177831318605384
5808.082050814631,0.9074440520072051,1.0284519755351313,-0.1447931335269483
4326.525388558512,1.108811384150989,1.0626837820824395,0.4115047098421547
6060.658303037571,0.693439406174275,0.7670349268576806,-0.018648396288792033
4771.88943454896,1.1025587514234991,1.275368405047564,-0.15145214353859013
3798.457428517366,1.0686855262099728,1.2505878671319506,-0.19373313454375823
4889.673090437553,1.0443886832094775,0.4782774200007033,-0.2987545867472138
4323.263839767584,0.904489892228586,0.872589594184368,0.5
5388.450484292107,1.4076859562078154,1.255669666015578,0.3552394663651474
4343.163214488326,1.0732989221224696,1.1998649177340233,-0.16407332901256944
4487.671596749654,0.7079160341866102,0.7484222441605782,0.4329564816804791
3477.3214883381283,1.012076368933996,1.154874109940271,0.13332554335078775
4483.385576525647,1.1381208442685546,0.8697914046542189,0.118527000329787
3103.2844713597306,0.8029728502689226,0.8826345630977029,-0.17947925752900717
3691.2680235599937,1.2223180617327747,1.3856212286456886,-0.12853179453648644
5332.2902593010085,1.0455084264290027,0.7306799212817842,-0.010606008645810187
5350.060111055583,0.3643804155836632,0.6700768291040058,-0.4913872486100307
5097.820293249475,1.0249179943344815,1.262798601640777,-0.12170503584976736
4123.1166998095505,0.8484927113968211,0.877073568490987,0.001122407808356734
4766.602050700614,1.084294953635434,0.890122460331694,0.3273797266168093
4797.478222636602,1.1860537100629536,1.1061222644406858,-0.15413688651714277
3989.14471756522,0.9987905117854544,1.0157765450280185,0.2030345277786183
5852.378811237006,1.3663130584861738,1.3967605542859998,-0.5151234550177921
5414.1536034029705,0.905323278859126,1.2006887861212783,0.29175754386818376
4645.325078319235,1.1062044557634687,0.980870022418566,-0.2250867417779411
4818.820087296172,1.1512356434093367,1.2452248654329252,0.032568242268690026
4945.867965563287,0.9256635077768167,0.6970789486592662,0.10158577979480472
3370.785592102997,1.1446935769944455,1.0220055483748614,0.05254488933896489
4626.975832235582,0.8013317532094577,0.9007350102004726,-0.026694939663491304
4322.611026401541,0.8443578952446953,0.9941681991426776,-0.31037907134332243
4098.865993073559,0.6218778274159218,0.5808346830745049,-0.2223852295723732
4603.229794979831,1.0103522790925117,0.9193855867331984,0.24910798580540097
6058.380568794666,1.031312918963586,1.3243790438713232,-0.1493443646983534
5248.590002886907,1.2448157896448073,1.4683490949853009,-0.025823898340873053
4400.174707152042,1.147785001088971,1.1631280599048726,-0.3730215642726455
5200.807946949311,0.8788011108381417,0.49840125861192364,0.21464334038123145
5779.548805610201,0.6554550781664308,1.071444716647817,-0.32987076003502247
5447.243578038938,1.0582126006299934,1.0421342026483111,0.22899070215052678
4841.741258944122,1.2276882931036606,1.1046776187549951,-0.2656779401608589
4347.144255606098,1.1387962434509857,0.9936558578081891,0.25362700758194373
5288.756319529513,1.2211193812143217,1.2616108195370317,0.002548228826581476
5075.4397697952245,0.8970276172004393,0.987615665179889,-0.1396893491117726
5426.635254019413,0.8333452579560886,1.0286147854221552,0.40010043886203095
5244.620261177379,0.7657746619420502,0.6581504571126141,-0.0172137482045582
5534.686900723535,0.9360258833466011,0.8892052895340418,-0.0904530733139948
4425.335351907603,0.9303523010077951,1.327201859710202,0.22727948189950237
5722.175845944028,1.001669407134779,1.0463134088578614,-0.370114277879999
4938.31972328468,0.917675635741123,0.9013665692536387,-0.6317914010041483
6252.682610837686,0.9165930675683072,0.7570493631387316,0.28949499340921914
4317.568527337303,0.755826486756964,0.8802351490476165,-0.20907551966300794
6015.174662215674,1.1854047533878727,1.3820188526793857,0.21615560634662478
4938.537548423854,0.9691295155609277,1.1458106108062955,0.011540592944505167
4344.007397469886,0.9063890164286794,0.8765362865792676,-0.29099736603186954
4461.279916161975,0.7631426866876988,0.8637356342594816,0.15182060491854915
4575.756884263976,0.6170217224022285,0.9067847918516189,-0.10254254755776938
5096.916162481341,1.2769910481373359,1.4764953731680772,-0.26933508407662793
5165.98484162485,1.0886596770329517,0.9024591304402355,-0.26282409304918813
4398.409997242995,0.5440205393575082,0.30157538789403904,-0.43320968854293207
4782.951785417312,1.1407855751774143,1.1770760770541728,0.10075622054568448
6299.589251028305,1.1806202925582772,1.3244603289413956,-0.23385018611129815
6009.280219070498,0.9810940305752324,0.7703026447469715,-0.008680531926213738
5105.4265687718225,1.3495277239379397,1.2687654059406321,-0.045430623628093234
4826.60243471774,1.0041799105307208,0.9504264352821807,-0.2353891702949177
4884.021928702783,0.5957941180127024,0.6745932520564716,-0.3807249285347052
5229.462580911291,1.0412922502620803,0.9203762839889799,0.5
4084.0452043611162,1.0112243254281823,1.2693866547059829,-0.012133131494562166
4619.836423803658,0.7991757878054613,0.8605572402577163,0.45584573819007435
3631.9911482856874,1.0933897092193563,0.8852191822240633,0.2912341959316975
5079.456185823696,0.5330836834522845,0.7154870812137083,-0.08029132537260214
5253.037157791919,1.1976417068606973,0.8631307411281589,0.04524115933495223
4461.769476390438,0.7304695740986368,0.9776469340396493,0.03797894549178704
5901.790734303023,0.7037634687207419,0.9046383581190856,0.46105017223310996
3941.964035898361,0.9215438069231308,1.1970943180719482,0.20745842291085317
3774.937583853126,1.0582432320109088,1.0132137666711227,-0.20181818650656771
4957.116272991981,0.9909810158983574,0.8942720448784282,0.0879047091386812
5532.9688118285085,0.7643352085569054,0.8200956132918619,0.20107858535506323
5978.749384020508,0.8234776772020278,0.8416368568333992,-0.2938297622262686
4478.781015991742,0.6667394131556345,0.6286528440567751,0.12353733620133792
5555.076583401907,0.8938300245925325,0.8129057566818146,0.3363722390512801
4773.0440713495045,1.2187553036277274,1.085636148646123,-0.21436816290628652
4679.160890041427,0.9489342655890309,0.7345430516057326,-0.17982964189612735
5418.561956240671,1.1648535636898631,1.283038363246,0.29011812633683487
5256.626014889393,1.3138503344315478,1.2310347778484725,-0.08855907822662315
3696.5254901110256,0.8029953702407582,0.7872694507737613,-0.2455021033547747
5833.578244808127,0.9033566867361588,0.7171788379281151,0.2205682607585189
5766.063947903216,1.4927982152656236,1.0580834486501232,0.14421355918146
4362.10610894333,1.3110858529949863,1.7228148375637753,0.023598476874019468
5077.062473406187,0.5318988685469118,0.5277729847553078,0.281145657112176
5145.821130397917,1.0467870790152265,1.1639127962657396,0.2989088107986389
4982.471636076735,0.9501399980849238,0.991131897530384,-0.020705727205694954
4414.786392308206,1.1566132777146905,0.49988921019571453,0.4935815968881759
4329.863642443364,0.7637553081287362,1.0950145547995498,0.39584748835674943
4782.1121503059885,0.7400979069898319,0.8935560964336222,-0.4960746124726523
5620.910313481555,0.7809823211765976,0.6945803057173232,-0.25752935585829534
5180.520108216103,0.8070178634503917,0.8375979763406682,-0.5638229549105597
4540.569967539725,1.1538310417022535,0.8635681364836629,-0.08117874868118855
5340.189097453841,0.65469970671278,0.9728458354245623,-0.30280454957501585
2806.020165558947,0.7943465250101702,0.6807849518483297,-0.20357959968491865
5604.135990260473,0.5027469023746396,0.5165215725254378,0.27264203669571807
3582.2003548553303,1.2017794558530932,0.9893781862934177,-0.43870726493377005
4546.291341017807,1.267757524857785,1.2284432538118613,0.032433935257703154
4016.2310737616995,0.8682316422840534,1.1378879370013062,0.030919110620103534
3893.722966995366,0.8755126587966942,1.2208707844512123,-0.02059732188803609
5612.578751164963,1.0633054755707243,0.9665159672078004,0.03269467049494341
4472.609159081676,1.3186205018445638,1.3420465067374536,-0.5580704276039403
5042.552717211501,1.0521526868909792,1.0585700148827246,-0.202388628949423
4767.155594784571,0.7756145143812213,0.6558415111246438,0.3857502163143474
5133.928579056185,0.5452943570033899,0.9138780710398291,-0.2992177713774202
4853.775323742178,0.6712184343341281,0.925052983809511,0.4166527033910499
3901.905443068001,0.9683048625781162,1.0114235290483413,-0.35170560294460157
5497.386773612998,0.7861681191998013,1.0859055193890867,-0.3817601581030803
4454.370391787082,0.9987419264976896,1.2411707392532483,-0.2379447043160241
3710.392670938174,0.8117689959409414,0.8601986862705058,0.28227074207172964
4500.3193873238615,0.6854633921763971,0.7874366105471169,-0.13653020743734445
5850.5318534440175,0.6557420921367322,0.9292642928881837,0.08635174710978569
5395.155219479445,1.3405886273433074,1.0250232388121714,0.018409230504301013
4555.943505914499,1.1722469372959108,1.515693387004575,-0.013615545682579886
4555.5196069771,1.3826294879569896,1.2375358417419535,0.3185295231518935
4574.855464147832,1.0849877251887756,1.3929286000131988,0.19287948524675974
6253.7235884925885,0.8425021478462902,0.8709688030811253,-0.28572579929059405
5067.354816562088,1.2808352306224844,1.3012811488947944,-0.06889269589791606
5101.029153033749,0.941732999659558,0.9465683397279252,0.435859955007708
5521.198417822289,1.005210442572588,0.8973543101496811,0.07989044729198388
4967.15241131856,0.9392939052311202,0.8997612785694666,-0.37696149102282994
4618.670497925508,0.21327394517899634,0.37062987609763026,-0.35925972559419755
4662.555105640516,1.3511837530737132,0.683409514439314,0.22253632714155594
4749.879118410156,1.0727509864894382,0.7956762582727401,0.1756093292940159
4773.944434443111,1.0324557652171276,0.8770318278991205,-0.2303413937843329
5309.340680545886,0.9345559844323598,0.7429911858300532,0.18690754474358667
4836.36212006511,0.9908569550965327,1.2924638170778344,0.3998480341798123
5312.848054050905,0.800680266038438,1.0476360551159616,0.3644647099151503
4743.498393923993,1.1041448380768177,1.210655183927331,0.40106950920561424
4855.044633221263,0.6232254139002169,0.5976560055670296,0.13887219376570117
3401.2595208275247,0.9965171081176367,1.263478853965992,-0.04441495478247195
5441.429372291737,1.0903933676427762,0.7312890007093243,-0.10062002011670898
5042.541933128595,0.9003327165442742,1.3133219760464607,-0.004346722153210824
5498.607076901757,1.042716948117756,0.8924444646182644,-0.21900582611421648
2772.6212352644175,0.7021664019414374,0.7141243792206228,-0.08982468112975762
6261.862293346509,0.7085433072760089,0.6939076354956635,0.3187799370744003
4702.2872602913785,1.0091792802565982,0.7911406101058508,-0.4022677521093733
5575.727971716262,1.119637413655263,1.516068379115265,-0.3851674314228546
4072.0658510121284,0.4812835861245722,0.6449803457850176,0.20763265110460716
5228.941733543798,1.0805051587776915,1.32252985278072,-0.0875432311708687
4062.6091057784406,0.8141996249059157,0.640744277946683,-0.4814107561395835
4363.361727512936,0.9017984781731468,0.9539507960820547,-0.01533353908511011
6139.8219477067505,0.6151205191087407,0.7485454434902222,-0.05103039620340186
4666.522319465657,0.737095689953323,0.8258896964269792,-0.10777111912283348
4952.203011225806,1.1915313313825777,0.8834934922889773,0.171426506620371
5409.047411482128,0.9582158434950533,1.174309840675466,-0.33329889219789927
5146.977321580824,0.8543053995726103,0.9030710925592588,0.003246353714898682
4905.293233600503,0.9208779118422412,0.7573803404684537,-0.052743123653109326
5055.472701726358,1.0723029561660753,0.6650741216559996,0.009456306977926038
6482.390909666792,1.0601236240408345,1.17495147438071,-0.4330465395341801
4759.66684207649,0.9312432499007998,1.4075484233745406,-0.13066222203500216
4940.769332700477,1.223239777724167,0.9363536017072476,0.004942297759306905
5535.458077205329,1.1926156592266666,1.1905797636238262,0.13528990907447408
5573.868153070589,1.0533430072825989,1.2739793950533893,0.46159912635312483
5630.921213892266,0.9636529457275176,0.7242955815698928,0.20148709718475516
5247.111155420429,1.1143302737798848,0.9857884553057754,0.11528880015835383
3999.8965610886617,1.0285668554502958,0.8468367575099638,0.3178686980700943
5943.402072610767,1.2152000179514868,1.3989071932042354,-0.07595561163580851
3997.5582248869187,1.1748903441845768,1.4392103480111922,0.3884820409087138
5011.844825667324,0.6954365246455678,0.7716219501017758,0.27981819751552883
4272.00690498645,0.6785092073145733,0.6097992024419147,-0.11146944766061553
4755.103157384905,0.7746876138989809,0.7430708725076937,0.4809887939333227
5030.133687212437,1.1940346725167301,1.0071065892890991,0.11173382872666963
5024.950050815191,0.5559227508071886,0.5029937178865038,0.5
5095.344527964699,1.0486893472769983,1.0175666723309873,0.07579556357082652
5929.5978883410535,1.0406357727732403,1.1510663316272958,-0.14048246487765897
5117.474011059786,1.2406620146715481,1.304804643743489,-0.19188416083835164
4629.090355296546,0.9950846726659718,0.9944258061242275,-0.08893586368323478
5474.86101780185,0.6141976523540248,0.684816308808978,-0.14282373550741653
5632.629342247248,0.7101612598379692,0.7480726347557958,0.31784713923967345
3940.674529404105,0.6545011195255438,0.5275786500811795,-0.007243561137562924
5218.1800488949,0.8155140084167148,0.8766700931510358,-0.4035056681406023
5290.8209196176285,0.9042746081440183,0.8149597309255437,0.05325107896792215
4591.705547648005,0.6586396184447357,0.5230667841563997,0.03137826077757161
5762.994769318134,1.3176654976630724,1.339385149165269,-0.11715190529225268
4694.961089077231,0.6186796570118898,0.5977175419328123,0.06689800549606767
4887.90351743008,1.28652585596562,1.2790276914171197,-0.011027358282224306
4678.849723001291,1.246290757859835,1.3947808022117376,0.1584413418441416
4810.905333307027,1.174575637422259,0.9212218075193122,0.14374473467080515
4032.6074391733587,0.7765583481258124,0.8318940323291725,0.09122571409976794
3791.964382183994,1.0356127197942253,0.6560259268735299,-0.3247139759425162
5916.1535442574805,0.6306572166123454,0.9035377657759225,0.5
4207.127056177171,1.1777267587584372,0.8300005438758447,-0.3889964258330777
4106.025355380585,0.9315038046159327,0.8475349409480729,-0.03217729420377256
3292.6269204774,0.8476699463533286,1.1106818890263594,-0.2736083378372007
4352.726776617348,0.6440637883359326,0.6703158458552748,0.09908454041503138
3873.837144614751,0.33062347034274575,0.3137457473022353,0.034601431201827085
5949.410612095458,0.690364785741061,0.8494986465334992,-0.0421915211550522
5506.871962539844,1.2281995489032265,1.3415227675034451,0.3794431959844631
4318.294758375593,0.849291642881299,0.7663728952125103,0.2771239792942791
6376.705063741016,0.9076677857212381,0.8282695661703894,-0.08177883577288267
5487.235840894116,1.1138885895721131,0.9951883243870349,0.20103366047906351
4572.618031543964,1.4014172195290662,1.25570959612396,0.39117006445961344
3050.415999588499,1.2812511637364097,0.7576745680233881,0.27533625988574073
6403.659800813519,0.706916249045953,0.7302021256852462,-0.034054646366875996
3827.299273265483,0.46435735714064835,0.734500687584862,-0.39757522535737916
3648.2208771301757,1.5399035647750259,1.1594054709432007,0.08116197622996506
5515.799302406748,1.5172479029148633,1.232974506795447,0.1671525838484975
6507.826684437491,0.9971133991073207,0.7615133383487336,-0.19240422507088034
5768.990972957363,0.6323779386045445,0.7779318581465953,0.005636316764510415
5194.7363840366515,1.1908066334734848,1.4266537771991274,-0.020721952191506354
5216.3280391657,0.9230040784968474,1.1593209982514412,0.3469276589513107
5397.390891146215,0.9217547192233473,0.7030462491173386,0.46345404389752237
5331.250012850735,1.1736147107762822,1.250249458139582,0.2938036175751754
4996.833996778563,1.0335936867183246,1.32121670947436,-0.021388920794027554
4872.940772766313,0.6535462722462637,0.7841084129157129,0.2869290617369542
4756.184810470334,0.8688145162295065,0.9790979850157283,0.1621970514575674
4272.224787793327,1.1152882321653366,0.9882808719520344,-0.018724894095435127
4603.527446193259,1.0775630556012545,1.108316478028848,0.5
3614.9302300632303,1.0155041435896188,1.2627100018122597,-0.18450460997062518
4731.162261243675,1.183355738618966,1.2192801453234814,0.15097724390238565
4107.986224994358,0.8595707530456838,0.6647928277023528,0.20989016138848082
4027.48747794896,0.994667443804768,0.9049126472174102,-0.07187470988093335
4925.925905807435,0.10610522495559993,0.20637668114619812,0.1397845469698354
5774.40160044122,0.8375874515392965,0.924171992548847,0.23637431255528624
5442.821624201619,1.140975727143911,1.1377360421082732,0.06115860513197856
3700.649577463776,0.8524013832207143,0.7825520857895253,0.11812389083569538
4107.260304400764,0.833443152070722,1.0698506064964355,0.026357780737255244
5458.539831591751,0.6896367620562953,0.9898236896268332,0.19938002788167758
4112.258824523184,1.2008414731822863,1.4501537981351935,-0.05724466729845144
4642.756795002083,1.0871158183851426,1.3775623074813972,-0.07794944584821367
5185.036469317186,1.1563536494557711,1.0426573110947797,0.005140038462287743
4122.158881595456,0.5184465095105275,0.5320952150500057,0.2959172185495774
4873.762854302172,0.9098874891835915,0.8982419566191827,-0.43684078716774605
3866.182153557257,0.8799722480624984,0.9097304938164005,-0.22734232917770422
4379.04264923415,0.8798570733503618,1.1610195823643645,0.5
5023.847353899776,0.795993114070511,1.0274317617188133,0.0687971041935749
3684.904386527832,0.8634739320549961,0.9849612386776343,-0.10175901174067548
5108.3323165722795,1.162411195676663,0.8050848305741912,0.19871295887207183
4786.253540751323,0.47178716166304263,0.36317366957587555,-0.1962567500505064
5186.742968092003,1.3943236920076134,1.3673840792822058,-0.5256972280487469
4956.739893845263,1.0709602812566152,1.2423542588704017,0.08869998693684722
5754.898300981691,0.9394170260849468,0.9360952802647712,-0.18269595851120718
4887.657151853535,1.1767085365932315,1.5752565924842392,0.02534744453247493
4499.416121212323,0.5870413137078911,0.511658825618199,0.08235019745961732
4885.608252122599,0.7838247737122465,0.6240698515703493,0.0355290423914443
5180.308620325472,0.9197311419023615,0.8109981047886178,-0.42724885302799565
4834.2020492279935,1.2913900926080444,1.0546596575165725,0.00657021064685208
4828.414183842718,0.9383758547183605,1.050424401606339,0.11115048534110177
4308.605818535271,1.0625136677962865,0.9611711765424465,-0.35001481580606125
4335.969357714336,0.802605251015968,0.5790585135193435,-0.37979338971163346
3818.1763097402145,1.0717105172418726,1.2454424242256725,-0.26725614646359913
6024.7037202308575,1.369309898243614,0.8332644385989453,0.1866911846900591
3929.2957352261005,1.1988816729185285,0.9084665883069855,-0.4995789366218927
4314.966361542865,0.9296360030555301,0.6371609315607843,0.20744346278608852
4297.114914101562,1.1188727118163673,1.1393370857515481,0.0980139370725575
5426.447063861109,1.094379238651803,1.1148098057555416,-0.06437548763297865
4593.535225195581,1.076646917924319,1.4674798609571513,-0.3701574156001032
5673.419450871614,1.2279883402151022,1.3939717763270367,-0.19911688622280457
4328.556563029292,1.2261194259593666,1.516537246404052,0.1954760130026586
4995.295913556662,0.9182103507812789,0.987927913035662,0.3141813004608402
4215.25706271817,1.1104697653694422,0.8749692272871068,-0.2578407044103159
6301.6043894413715,0.8542262697100516,0.9041603610497443,0.28546587757094466
3968.681106679341,0.7192319009211056,0.8592608161425636,0.17146880817703214
5016.874497158919,0.8826265610740034,1.032324990167269,-0.0017092994411961483
5243.643816652469,0.9309304620651043,0.8551271105165326,-0.18446378241010047
5089.659368216049,0.534604752705502,0.6651698931995655,-0.14534750531999752
4670.298638785604,1.16508313985418,0.9191506850712656,0.4557306540385749
4709.125510186602,0.25816864434940046,0.2678479787116703,0.04461045355326442
4830.668030385376,1.6287042348715803,1.1476436802601921,0.33246708550272713
4697.098598860058,1.3254697834490796,1.2590112223443575,0.06038949582203523
5474.715381756437,0.8847478189569216,0.6930983637069448,-0.11317448139785827
6347.366101113946,0.9523565901409433,0.8800047796714561,0.14602254510878399
4409.755750494516,1.0257429683968207,1.2048347310371192,0.5
3841.1379142946453,0.8027099030027645,0.6661355274063638,-0.1610291651215242
4738.202566154122,0.9981547868967341,0.8978100678316376,0.2284672258618381
6605.796536358022,0.9140000055745847,0.9439187779161426,0.04762724557190661
4237.427802421188,0.9264318206922585,0.9871484535062717,-0.3623795040930782
5947.381763810847,0.9953652658701596,0.8968027974641076,-0.3679684607099792
5974.390569853508,0.6216180504115014,0.791210186673918,-0.11299593673463655
4412.488230804403,0.959892431033412,1.0820691009715808,0.08687214603522975
5198.288155429693,0.9908619366543693,1.2189860637013947,0.21959324242212824
5939.877636189976,0.9822124053389786,0.9696567020232304,-0.39272826349530865
4534.610581308759,0.8960423111409613,0.8219897768489484,0.16317438003928425
4657.493747928347,1.234464443992343,1.0219553701928048,-0.029595063882551283
4392.82336023595,0.8615868612796121,0.9421511645467731,0.0008284453831371229
4089.6702885149934,1.0068314767057975,0.9296183373468334,0.14715296150821142
4345.505718453795,1.2743243834813864,1.0758187261773198,0.43652633002933094
3943.2418132664206,0.9301559649949219,0.8591113594365171,0.07591045010152449
4823.858427781458,1.0036158168668878,0.8657581189259407,-0.33918424567726013
4261.018738258951,0.9259038409212756,0.9776970060690431,-0.046773128232306026
4963.650138253523,1.2593424483908997,0.8628333226593102,0.21303350578662036
3710.873047657461,0.8855688596034261,0.9623450709961503,0.2212608492291367
5031.61616255012,1.2708386443220514,1.3752659752241791,0.16645609352257684
5383.470273126247,0.9241030263382338,0.8297403099557329,-0.1275077888347672
3404.3850501999814,0.7351350691379958,1.0823248279249897,-0.34195632440432355
5061.839598893301,1.1198432926435302,1.0986356294913742,0.1473769389559822
5659.368294731305,0.873833041561086,0.6173928924982214,-0.3035592148994829
3953.2512869161565,1.1051252247747907,1.0223198914951215,0.17325275410629587
5970.800670786392,0.26764890376906647,0.3527449475573749,0.1733223396736586
5093.3133065562315,0.9513013154737365,1.0471254028242407,-0.1169232341827576
4306.4917009691135,0.8350986753106299,0.8211716231738068,-0.028115822496038053
4760.961645639606,0.6841853283671804,0.5888042627163502,0.04966946677988829
5190.828838765206,0.8116897495400501,0.660944873830375,-0.1537036683302773
4853.203773988688,0.806574213926837,0.7319395690007617,-0.34542000852751326
5177.129194712458,0.9380035512873547,0.8441003847657043,-0.009804819261725982
4155.5284848444435,0.608168384678761,0.5192798477020427,0.016258152619961146
4918.552576825255,1.0290684450649283,0.8732268152095134,0.34026184091326306
3810.399852166514,1.291553696301447,1.3889763481422794,-0.1954980179069648
4722.14175705591,1.0202321242369565,1.3511611683766598,0.2671240434452778
4167.264650974647,1.1522471523072522,1.2892783197579667,-0.286767369731609
4285.129040187163,1.2236406136534488,1.4821682350504461,-0.3361505499246926
5665.2652226473065,1.259122378046044,1.436673828018636,-0.07521561117731876
5563.917084415988,1.4175346732053262,1.5422636689862492,-0.23522725265243052
5226.396684635024,0.8251995004310174,0.7995919421971984,-0.33965395184461095
4035.381064729195,0.7703790037097209,0.8345139886819142,0.4860825789536934
4578.514085213638,1.1458664120811837,1.021277896694845,-0.11291190908898555
5649.168389985429,1.12706655491435,1.052200865998869,0.5
4899.201839547934,1.1439188249039223,1.1287482413472958,-0.24868344972464404
6423.530677987186,1.422320613562563,1.5147301121673413,-0.4271366416582496
5075.322487576061,0.9528424771996234,1.0435478906519187,0.32282242973208103
4934.434381543022,1.0565391399115462,1.0111594808808666,-0.18166415806506225
4583.618475058249,0.7049029371291312,0.7643651793431255,0.03471644954970485
4893.478633347598,1.4838302809939894,1.4900956512645067,-0.3389083712532207
4693.271114533619,0.8658637696977222,1.0101202779715421,-0.0095282854825109
5295.676073682013,0.8729460179597924,0.6244886261840475,-0.3429065174642731
5469.691621756208,0.8633125272479393,0.6974927147842984,-0.01847684942774107
4249.807377644435,0.7887760353389155,1.0102828119732608,-0.11848313487212
3868.136932509555,0.7676407377880876,0.7994787079845038,0.05756693259652589
3514.6562388276925,0.8190739292776187,0.7801304406095559,0.15642284277720292
5155.593928838781,0.6085510179872637,0.6366858239391512,0.060269999799805116
4027.6433756782885,0.7536705199341904,0.7554642797904242,0.11276163554053725
3292.976584933262,1.4372407778619047,1.4858237668617342,-0.027258168849881005
5072.005023171675,1.133913785910342,0.8607262067233953,-0.10882967539140928
6545.099662202953,1.1814760441819294,1.1483830899959129,0.11752967069739201
4795.750361922074,1.2443021968542287,1.2497084963274754,-0.027861953969546185
5386.943542116149,1.4085336410905978,1.4195061501605786,-0.018327445528536025
4857.280550983295,0.507144362139039,0.6067977951407982,0.09943624136171544
4730.7772427662,0.6425292211783649,0.7743925693120243,-0.25830389950562943
5443.353538091438,0.7490690847763286,0.7027272963416779,0.3574027735236081
4596.807819067944,0.8325675508776005,0.7009688743285233,-0.06233914513906572
4987.174619850332,0.8748576523536877,1.340121928003036,0.03104540399251774
5025.18846433721,0.8382556117984897,0.8160413257897623,-0.011129861982644497
4332.336682449866,1.0048272282830135,0.9668266319393055,0.16318578847553003
5494.429644675566,0.9588238476863039,1.0980047400387147,0.08479541774270985
4677.528170313214,0.7692913012054375,1.0695206620400575,-0.012480986717373764
4270.978388355009,0.4061128057531075,0.4333522444873875,0.362188529034218
5175.556890499282,0.7017828236553254,0.6028104691285395,-0.8008364023011715
4171.072412746274,0.8126903366718561,0.6366622879994376,0.3106685951167368
4819.7268101583895,0.8882301407980701,1.1993349048924327,0.23005385129773986
4793.616702349058,0.6675831351723658,0.5735047573367434,-0.45895415820061153
5560.126896082104,0.8272983833758949,0.8545345814550599,0.23232080442931313
5132.288763015967,0.6672531528786034,0.5820788057789203,0.26461686138988466
4782.481128878399,0.9185451621129167,0.6636511398631613,0.14044087247026407
5372.436409440201,0.6817271679093462,0.6929793685442015,-0.3897718609203545
5773.14528431212,0.7377738359073838,0.636988105226931,0.17066317939105638
5190.467214446304,0.6228289672527152,0.5899812232078554,0.25179921400048205
4807.246833890366,0.911624826107554,1.3012464522744593,-0.1430516236952181
3881.7146373548885,0.7333880575119004,0.8466199297346141,0.11028346399651419
4054.4204358472393,1.1766960666688573,1.3512127670905685,-0.08830197387986291
4586.342706951733,1.0514625666732247,1.21265034696692,0.2213442476292106
4373.341458488502,0.9325370329540892,0.9265793861169153,-0.07837667130693583
4669.120087910188,0.7506286256640529,0.7250396526639646,-0.14502936571150313
4839.6549474279755,1.0451300763290756,1.0875204567444037,-0.009824135667429797
5170.784928049711,1.1226752223371592,1.133949437251989,-0.33541303012083934
4750.650855358636,0.9856721030504075,0.8760659258103933,-0.03464549580809036
5140.551150678341,1.3509254638667325,1.3050873752266514,0.09052318433955958
4845.132090367084,1.064909329518704,0.9030437547262786,0.21748981734158776
3417.17340355229,1.1784018043920086,1.1012368470924463,0.062239184659549855
4142.465224326872,0.9833913538839945,0.9205266389194513,-0.3581504092715994
4699.138710994869,1.118916113314244,0.8164095896533233,0.3380677845574407
3953.213680011225,0.7508046918327062,0.42121865496217414,0.35903962659355976
5219.9501109973435,0.8354004091968015,0.703350771070576,0.028141813817695555
5871.525582640588,1.0373408883705948,1.401322768778501,-0.1879854052871637
5653.133296188122,1.0355248703893454,0.9646299270256841,-0.13290448411538636
4650.589990348854,1.0769029557358119,1.2257334594703173,-0.05088059942952129
5843.508295794966,1.2250982230696823,0.6765320577783868,0.06966711404941499
4904.067220041478,0.593757207046147,0.526109956516663,-0.07612132037743495
4564.039820217373,0.7063868630974259,0.5521059484216534,-0.21459688347529396
4370.618135521342,1.0073931602685633,0.9652110409459259,0.2557524710541093
4588.27121945831,0.7689090920491348,1.2029521084049863,0.0643214720185252
4528.27622702114,1.7944420603223405,1.743352448089714,-0.26309300560898713
4919.291355662841,1.078929904792534,1.4230327456081782,0.07282761407144761
4912.401786734905,0.9304172877674607,0.8959009165122058,0.04046770719477042
4802.13221410739,0.8211326817290352,1.0873019349896522,-0.17951322798609778
5105.856718822445,0.8299594292017388,1.218694654928627,0.29876243990274665
5633.4523923504385,0.9575351653287943,0.9447538534808859,0.033722301606828924
5464.687894808927,0.9779954831553144,0.8764071797584417,-0.05415541052054194
3760.5714220850678,0.8358252138266217,0.6380114221562824,-0.02087043701885536
3012.255205568632,0.8817119383700245,0.848303437301357,0.11097919896370662
5454.023937867491,1.2860711438086492,1.2429905346627135,-0.018045853632526046
3843.184911109205,1.2961262406627585,1.7304620171076857,-0.02013591825971878
4642.664218675121,1.0130084949837193,0.7487067155159404,0.2664912670813448
3980.9208817584486,0.6146850681908156,0.6856044424565099,-0.3546010818718164
3538.6136936939865,1.0846257891597608,0.6799198261436327,-0.3128882848987403
5179.023909743351,1.3385706104027564,1.1549594822277653,0.19424083999798425
5331.408612211852,1.2924452754905946,1.3042725555281922,0.5
4396.442719491296,1.1336064632024168,1.2188632977953522,0.21912386253801291
2986.270395498563,1.3056057388214555,1.3836158836106747,0.4660521990181811
4417.628886223262,0.9633460681197554,1.0477092740877028,-0.108592903428932
5074.262803781782,1.1070257424584262,1.2106628309195488,-0.1592702945844545
3764.76190185811,0.7798061084187049,0.8270734793315498,0.11413329331151284
4928.351943845409,1.023066364038928,0.8049792178876236,0.2384122399567576
4789.283105578903,1.282383560992631,0.7682921491915825,-0.32788772532058874
5205.504049720762,0.8026441471282773,0.747018866798558,-0.05330459320745829
4883.706257889908,0.7346391426339284,0.7603375174084601,-0.006754291911013361
4118.851741382911,0.9743722347559242,1.2250760691778582,-0.1697175539213435
5637.600051165144,0.8933344490690001,0.8953318011608272,-0.14055545663643593
4689.029298881121,1.112286930267605,1.0460561965276443,0.21076732526479827
4780.886822343047,0.8366851185132393,0.9339160714634357,0.11742112027270588
4146.712428648762,1.3796099039006784,1.223756688496423,0.19961285546486354
4489.702424165943,0.627580975509736,0.800538929699083,0.08421867259319347
4180.63810018117,1.2634336965549335,1.6830069857968573,-0.21831416921313454
4678.937758053604,0.7587876929229742,1.1531944754185175,0.10577576295979282
5998.195936099641,0.5010043163539941,0.5864368670425787,-0.23802322559437716
3839.6691999480504,1.0094687890872167,1.0754562711764026,-0.07793833475858547
3670.5070214862812,0.8863480034965291,1.1947135814761534,-0.25906216370455626
5829.819229245526,0.6725976580242423,0.7062840773930213,-0.15272194801771677
4653.473425993694,0.5296557770711839,0.6831428524556421,0.022619711838628896
4331.649082938058,0.9479098031821358,0.7405853422496758,-0.11437265112383037
5527.933281177254,1.1939592229059544,1.0807287923811653,-0.22079060250611965
4376.069122184195,1.096238373271611,1.3251367332879624,0.28444936789551994
6078.206799482856,0.9641766622098163,0.831729505938631,-0.02989792934446485
5274.548109937488,1.0697118933044338,1.028362360983408,-0.1319820116082311
4458.462014298008,0.9431964669055357,0.6538415419796244,-0.27059977767549404
6310.115749285853,0.5925689392424072,0.9218852615768153,-0.4679987212857872
4375.999553897663,0.5947765036941391,0.8266037985801015,-0.05551175343278032
5319.466760406515,0.8992078677538302,0.95307346070539,-0.34455467587999283
5009.504806284544,0.9098366784084814,1.0213069070375522,0.17800911484023824
5711.218902579159,1.1627456696266911,1.2175351845264752,0.007372798649632201
5893.057837708797,1.1393260559436866,1.4173023437919576,0.3895901947845339
4822.402904346037,1.1012832539397372,0.9681520005171518,0.05576856830928293
4272.607490757671,0.8799293217307048,1.0349388392237264,-0.18166444931491244
5121.9805000573815,0.604836957472465,0.812942169693526,-0.47000190059211233
4325.599241173526,1.053017784266506,1.2955150756200073,0.20163596593543912
6209.371073268636,1.081292328315542,0.5834918043131528,-0.32473706513384754
4895.574731757916,0.3528671343805785,0.38251039867525416,-0.10203613067244041
4544.274914081524,0.7414154533543342,0.6266901467915873,0.4185220616387284
4929.276214105435,0.777236405651526,0.8418699571028461,0.15274583726218163
3857.0115973292122,0.979587550280859,0.5870282773241584,0.09746636363373515
4119.870173042544,0.7491598918085765,0.4689813149018863,0.23608061078002726
5640.289735561098,0.9404663577938399,1.3653044846784987,0.22676245472638193
4340.174004720023,0.897366264911752,1.0302995482554516,0.3952366079885426
4067.162312122642,0.910212632115568,0.9499480205681398,-0.1505448376172172
5175.6569267691,0.7709014265748134,0.8711467877494544,-0.09417103835769128
5629.992908264097,0.7902537364833305,0.8525930636073634,-0.23059615726542182
5303.2673174655465,0.6799332350548268,0.8809727066755928,-0.00817440909599334
5497.233380064072,1.045016860143458,0.9048302192064235,-0.03305818229254855
4270.243438001377,1.092775657147842,1.1136245653516808,-0.4387380593338935
3804.7325332807095,0.7573455124686652,0.8370525837224301,-0.1634751892736366
5850.933556368841,1.330160024004261,0.9933345203832478,0.3597791335497416
4574.124112810505,0.8713496381394877,1.1244364525442505,0.061052148721771324
4624.416888481467,1.33254640594914,1.146039858930268,0.1788496545216782
5729.735899294341,0.7894682065420991,0.9961119659693856,-0.030136166962670307
5189.361006580462,0.4433555558501411,0.5336665075348327,-0.4717733810494604
5119.121440457126,1.0505494562280877,1.3801029522963704,-0.03215898045738482
6315.501641430759,1.0121362762797468,0.7994017650205493,0.2604241393802447
4349.5372387339,0.9585984488268957,0.7570035133411069,-0.29642094781097733
5449.488089656866,0.7894418803890026,0.677744894243634,0.18675973168590926
4839.909187427959,0.9413569436285452,0.9782046648543443,-0.4254579173231692
4988.014595204279,0.8221851355326182,1.1186157756315342,0.0050478095580826976
5869.927898488772,0.8744126084170623,1.1843835509400589,0.13612961253665734
5155.4850294027365,1.1604080639412686,0.606004620609053,-0.07802813106734806
5176.807255334743,0.9960543073825233,1.0466259255695092,0.5
5550.755136116862,1.1024878468329944,0.386424693089296,-0.12329760927215062
4544.533089319981,0.8920328733435525,1.0577681990580197,-0.14460405941955054
4212.553232862696,0.8644956635488061,1.0890849324342122,0.05112301046375112
4068.6335641852766,0.661629367277839,0.7128236529450592,-0.1887432839593022
3423.5503874367987,0.8574908468579507,0.8991197928974317,-0.36033439845382786
6239.344990958225,0.11972136110271525,0.18573205590505712,-0.2744174437305542
4027.754143994822,0.8024445084235913,0.7069962014125295,0.18949668988697382
4645.12246348996,0.9295314557022902,1.0246546289372178,-0.07623488971883874
4606.230690077756,1.090918413567539,1.0224780160697617,0.4255052376254816
5015.18468846637,0.8828305306187607,1.0735145310698009,-0.11030906126813378
5371.016048777507,1.0369183855612498,1.0060331167947973,0.1776275886830745
5402.331441851822,0.4050528346524386,0.401728217903889,0.12771049486546765
4391.845793001743,0.9357907869482626,0.6570037637914535,-0.1140377017950053
4683.014800349512,0.530124301771649,0.37748460369213604,-0.21970223229147734
4997.8059653418095,0.6479241210851667,0.8921776679987088,-0.43295092473148694
4625.916211671517,0.9032086130340348,0.8373899086710522,0.1382801949200232
5925.141903213995,1.2690659969683886,1.2919408916807247,0.2995649331375363
5143.682466146776,1.0428016908675146,1.4029038694685443,-0.3974826679385586
5314.414450234872,0.9545577492842793,0.8550280102142022,-0.09261123374916858
5264.016888067189,0.9451174026332244,0.835892941872863,-0.16672958254818718
5621.431700239727,0.7715927766988832,0.7911824716082512,0.13784228758005193
4926.715091092595,0.8140041466568291,0.8531989074180614,-0.08216317198816693
3892.2176364309075,1.0568440113676993,1.4398046043854786,0.33074514260445415
5079.7815662268495,0.6036598703888764,0.8769056178527497,-0.09609829774171245
4344.05017434572,1.0982635125707552,1.2117114155551505,-0.3090958648839761
4429.96832277517,0.8528732332202867,1.1356848276886096,-0.11720133130270308
5210.454813128566,1.1563892687173913,1.0832300967411794,-0.08965365003968835
5666.798150003545,1.1902733643080208,1.2183014880413423,0.13152498637366544
4814.890103715243,0.531728996873565,0.5669441014282407,-0.09337976384137109
5016.183108819275,0.8046048091931954,0.6234862486922866,0.11002412835009437
5991.550461244667,0.736118078014844,0.9710710415683205,-0.19762106802225465
4968.527225641998,0.4968180087317142,0.6321881910259189,-0.07366916994866403
6621.178179926276,0.6918666809476473,0.7474548160980975,-0.19625856917813034
5195.856751942081,1.5603139613163348,1.4267740045144623,-0.21166039741903456
3567.4660685909275,1.10237747405311,0.7554234321108245,0.3187083893210031
5327.339134773173,1.4293219921514384,1.0706136406562543,-0.1787823928648172
5066.810869417945,1.1572746100045839,1.1995198048979516,-0.0869011955369413
5702.826927857922,0.7645392097478811,0.721345840746771,0.2611511149873574
5271.2269458889705,0.8545572008314892,0.8434484380308371,0.18750034906788243
4703.080811211358,1.0971090450600767,1.0544185600618627,0.41030180416538364
3942.991234597444,1.059376550868259,0.904285918187323,0.12070046612604454
4653.683719899782,0.8056644960729165,0.6783950922534351,-0.15009984742151447
4204.63568205349,0.5725017073551982,0.43365961563996436,0.5
4393.633585136694,1.7719402968471847,1.5340611156336244,0.14552018613881706
5212.004883094427,0.9147125819142985,1.046372924498532,-0.03867383470041653
5968.933153045984,0.868565276704345,0.5997099589326982,0.014366387425130014
5076.270070876087,0.9783336159763254,0.9779029906951776,0.044820394862678685
3962.881856575371,0.8893178526722428,0.961620143743264,-0.05920296869733118
5111.221867754099,0.9806822269263709,0.7896642066232423,-0.3439639004792918
5637.6420406519555,1.2717368215291047,1.5567815776300522,0.4066802630616454
4373.151966976432,0.918862880078394,0.8624520164701039,-0.005458519043692666
4706.187983328958,0.6593223901680596,0.7020898146916565,0.04587412817566082
4810.281736310438,0.9095890513803472,0.8970932916072396,0.5
4250.571180842432,0.8338995546475223,0.5584951073665411,-0.1708213158043963
5253.796303690701,1.3059747343117127,1.4878601107791987,0.16387133117852606
4715.336295974553,1.2427797661843927,0.9625164467929007,-0.19807467089249584
5093.67271073492,0.9768812501076997,0.9350346693311943,0.08025529063635965
4178.75547553853,0.6303160362951858,0.7738971985221804,0.050376436562839515
4493.779189773612,0.6435269341400135,0.9081898168172966,0.19765027428507914
5305.66695047944,0.9537808153961383,0.7548878426856649,0.3020421794225833
4539.016793535763,1.0340807423303202,0.9354497481233138,-0.14488027279991794
6008.874695863384,0.8563442951684862,1.1275453269994289,0.35416871018097956
4520.2546700697785,0.8299576039481914,0.9413750217099628,0.3718702346403281
4957.27930802632,0.8018001917053382,0.950507811408974,-0.0624963461733774
5452.8135823111625,0.9441515099390134,0.7542859096892629,-0.0016456453507823659
3807.1439869468777,0.3543094119817337,0.4029511716547297,-0.12358752998735975
3567.433831613457,0.6746683428075725,0.7054138431798395,-0.07636030346090948
3732.0405798009338,0.7932372886381623,0.6882934267711218,-0.300868913812517
5683.808872399028,1.25187579873798,0.796025261221849,0.19438394308229764
4413.699297875287,0.7465465895177676,0.7106792635282071,-0.512573473131193
6590.739499967776,0.9951170354578016,1.265890768814717,-0.17427371269067155
4405.026680939828,1.006635687732749,1.0172025135099274,-0.011540512767391866
4929.185912237926,1.2744791264151905,1.5478470984083665,0.32494933260698483
5879.476966797512,1.2656443517410376,1.2506247199695761,-0.13631114232547664
6204.265021711386,0.9356242578012709,0.803146109303699,0.1069629177756445
6243.052503645478,0.8311288147026392,1.082828360858364,-0.020246028612557695
5645.8563614152,0.7840417242935773,0.8580901523007894,0.23627972511808348
5516.843768068024,0.8897341943835547,1.085971561713471,0.09389643723934273
5214.768864440828,0.8414916614190999,0.6849314525960281,0.20755234700993058
5344.852753316646,1.088406852339558,1.292440362262945,-0.1376587287886475
4414.169998570027,1.055077454371301,1.2669710281037296,-0.25350622353958396
4227.260781604385,1.0979502977862539,1.1400730908493608,0.09178207976334067
4797.637879812333,1.264820927859042,1.0120131654038356,-0.12193200475981522
4680.87076423255,1.4157172803500442,1.3084780764738984,0.0075809679624929144
4482.740365470907,0.9811658483518891,1.1053167141903804,0.07931873506602252
5287.471213219701,1.2248659428489133,1.231350969413327,0.3104768826636812
5468.713645999357,0.8620849540414461,0.9948143380362202,0.19664266084749982
4861.884820404293,1.2462517458957538,1.434007275870238,-0.17025241819349257
5834.271056738683,1.215377289293961,1.0172863124137692,-0.28625555943938924
4000.817620106546,1.2021039924857477,0.8909871281340966,0.4268452761886119
4664.438378504197,0.9735174602978809,0.9714089842394782,-0.3956649179935862
4298.224375578036,0.7829104590022777,0.7679632482316621,-0.11312571192276275
3493.424368048858,0.6013678905336308,0.7703872475677515,0.1613112050805292
4742.12351991011,0.9399906981197251,0.7471778697639228,0.40969031173750803
4714.776744131702,1.3332531355622956,1.5155983583224495,-0.04741538128104876
5859.414820269491,0.8725387746589817,1.1394059463287487,0.006835748567723405
5241.568179188344,1.1462816463650136,1.1154742750294366,-0.21875685539935633
4083.0692229695564,1.1609878501297328,1.1405276768845958,0.0316540280338011
6097.864796433932,0.8790784447682067,0.763561980759325,-0.28753849482521987
5654.723586867747,1.2790862093798798,1.0854892431247443,-0.1875712383046632
5207.468392428031,0.22283481387987403,0.27630355059886025,0.19097263853462015
4641.461130805118,0.6443124303154562,0.9065490251539504,-0.10839420421548145
4128.3925342935645,0.721091925910385,0.7587602802598161,0.2293122305132675
4539.455256750263,0.7450712442831525,0.5812721820086961,-0.03837678166227765
5562.12403379293,1.034065737796474,1.0796189980973028,-0.34221002321770366
6119.210414154226,1.0225094507634753,1.1861946669135708,0.29209131892782525
5880.270469790532,1.0484976430437518,1.03333499015493,-0.3288315212629721
4457.805404749608,1.0990203735331217,1.3953593617934652,-0.1504468772151537
4016.267796697692,0.7124738577135876,0.88101996121965,-0.04992477048453582
4898.620372837842,0.6454559832981702,0.5566935377379222,0.2514571551648018
3562.0924441060038,1.0490799205019656,0.924478913141158,-0.13162120567256086
5026.217399929347,0.7924419815883902,0.8677451309987161,-0.231679290617521
4696.678189590932,0.5573812386580073,0.417727259645178,0.04066826789009901
4473.77444869223,1.1928360711353703,1.2289648486409284,-0.053491430806654784
3683.707852913243,1.2987754766255744,0.7983440757772456,-0.11684764975979028
5159.520074598801,1.3392902224246648,1.5218570869805932,0.05412133912196139
4427.109412236662,0.99675193036868,1.1783837807153204,-0.300899053848283
3981.0582150027985,1.1064830239932255,1.1937843307577762,-0.4304601352414202
2789.4164507028454,1.2924670558404776,1.0618507624995575,0.5
4780.739566464555,0.7896460524941414,0.8560192895221563,0.026046523340394343
6040.576117668821,1.2276694210135228,1.0573400375308197,0.04354522049056744
5962.8814501835095,1.018849058535802,0.8057850129171296,-0.19549734516926942
4480.032620389609,1.1784279130856476,1.063103284463256,0.22442471087350271
4378.451557746754,0.9965232552189838,1.136482177300726,-0.13337131503646163
5128.141979252517,1.2740641774370003,1.2244529982524726,-0.6965369219451336
4101.130192568196,1.0058809406353841,1.2962082223234794,-0.14175833512715788
5011.254329873626,0.5790052351331456,0.7447904443696273,-0.0703532694811125
5336.256194869283,1.3129816580786804,1.4071904792252754,-0.04252090108362819
5658.853256719015,0.7131173147569719,0.5174828692414071,-0.04975291568614555
4729.892146464033,1.2632645525609785,1.1368221801162337,-0.16122865424406926
4657.428374876124,0.9274392796399195,0.7410924357501725,-0.18538026492584198
4185.412189270407,1.2440027462994265,1.1472642313541541,-0.07449466669800767
4221.183752172098,1.2336921537166912,1.0189255812079407,-0.4113690217589787
4641.464775668931,1.0575357435788428,0.9667921129429917,-0.48939907345263556
5057.155854771325,1.0771338294067827,1.2864759528704168,0.02451387247990961
5439.509238363275,1.0556571542981414,1.143542368994897,0.02868371856624765
4237.7747345237585,0.4465438109297305,0.6303578420272966,0.21985014501349925
5844.881998271665,0.9795825547245505,0.6687356589779293,-0.06389132759269298
4610.213479270202,0.6709839559820262,0.7351506688324208,-0.29840680327688224
4785.042893956094,0.9927967859364157,1.1864593159893575,-0.4849117037994916
4276.951824596524,0.664264363404196,0.9380728582964815,-0.2225490189892165
3103.031817808941,0.6537620146934813,0.4913889757969733,0.1056299360143798
5418.831777452735,1.3512336254384754,1.1828473876652503,0.36036222585223054
5315.790727964703,1.2173618470310474,1.4124964506492161,0.013521353192878489
4603.07071001725,0.9489643537639614,0.922081341333103,-0.30339747258402794
4846.89350205741,0.996192162562256,0.8154239206097041,-0.21998015062626747
5161.157452392869,0.8880209935642478,0.6274625072470519,-0.21217648101607942
3706.21790017942,1.0924690939948807,0.8696641404707365,-0.10149715039120268
4429.6631258575935,0.7809864083627988,0.5433965224486023,0.2802238562487175
5355.985275735279,1.1984350657169893,1.16933772561839,0.2997273625391954
3921.9974037815255,0.8867282897464722,1.0711314457603123,-0.043063973693721586
5005.4905525166405,0.8450382510421928,0.6535660539558725,0.04576752752839936
3850.3927367636165,0.9554282546212106,1.0138803793461366,-0.19938947321836642
5126.500987703468,0.8022132925185973,0.9800912948016011,-0.4274771110884266
4775.0509623917615,1.0321705873741207,1.0250991594832237,0.44708458836568643
3669.4077288661433,0.81565935267165,0.5759009495330824,-0.5806217626483848
5615.31754812002,1.067130900704709,1.134716995307721,-0.45896007941613814
4285.785896241366,1.254001634727869,1.1854023385410026,0.4491014637899115
4232.823294089933,0.7701695782979565,0.7860641156768817,0.004153851167611693
4940.39843806166,0.9173561356762071,0.8312447965869678,-0.2814787267720107
5604.046144600101,1.0653326782588555,1.070192206260391,0.17067590777232783
4088.9247267151222,0.8410356612546482,0.9594420988381752,0.19326332651149447
4843.17589489358,1.0660801402066662,1.5557664591937626,-0.3331714112869361
5100.171550231401,1.0888497151629348,1.0945192509064872,-0.1332113441173936
5285.173925084201,1.220815444073576,1.5275910960291286,0.2190614659264302
4923.509088694058,0.7985024884787719,0.8950223323115397,-0.20422643659262277
4543.080512641674,0.7143061899423813,0.7488165072099545,0.0705409346534581
4220.686845545896,0.873105652609064,0.9237791626247208,0.35620304659156826
4860.300718132462,0.708061915113225,0.5732964357804525,-0.5981212078852796
4049.502691610075,1.091124551011874,1.1378506622069118,-0.08531207983219054
2755.054661553775,0.6595621749558971,0.4312241021317635,0.06540899964187226
5105.591862910367,1.533254104563172,1.1647744861504552,-0.44801234648585203
5432.754388760337,1.2739819653934377,1.240418355757838,-0.13240284756311707
3145.947295120713,0.9531439424000785,1.1921385926263037,0.26112466103545334
4093.1885067030435,1.166848623249494,1.4551064104873321,-0.1760787871859724
5233.4079827036385,0.5407995339223021,0.5826140657788927,-0.3710816089714397
6240.246828798189,1.5808433328498894,1.487408156930163,0.28270795579056524
4814.555595372785,0.8024463469498776,1.0036463043036021,0.11112542338260799
4290.397941139606,0.9198756465251601,0.6866560984610518,-0.017214072876155215
4671.972491226612,0.4860166782028908,0.6069128651913326,-0.024597956777005537
5762.413493403729,1.0715718261852236,0.8818657520934546,0.25707061777623536
4347.825074612825,0.6734139607307228,0.7037828621630265,0.07363208125230732
4240.565595344822,0.9754139403915073,0.8902878375854905,0.16140303656713553
4462.0795344725775,0.8139313917688654,0.9219946456595969,-0.1731415987017713
4132.669974218901,0.680564016267414,0.8159093823159991,-0.4793387522016862
4885.869221196357,0.7489096245593456,0.9349068635509044,0.1554784250521137
5937.274920928692,1.0064470085213804,1.0751529995062108,0.2752319804165455
5026.15549118122,0.6296272567827939,0.7143750107376763,-0.056140491918120955
4623.352548511599,0.7627970822441057,1.1038315991768424,0.22193914594837838
4595.732111759119,1.1158183453161195,0.7588216207089212,-0.08380319829422936
3705.7664339123403,1.6006199687185783,1.9509705801432593,-0.02267479032961811
5418.176844003011,1.0693972048882512,0.9939820906004765,0.43810719709681817
4745.513962091039,0.7206845894556781,0.8573356655693101,-0.07288001342660767
4673.664060486562,0.8582214574819222,0.82723674864127,-0.0876423481383486
7035.1752974914025,0.9578972515381445,0.8304181174972601,-0.46749488080182855
5009.1270358559805,0.8626437623410731,0.9746267748075148,0.172518289995248
4273.746264933371,1.1757645416842333,1.3755495090664671,-0.17746034136357675
4501.549682656119,1.004368370753556,1.0984252233348095,0.03680625275317316
5603.911996437729,1.1769630962274675,1.015708428713489,-0.07875977185817952
4879.289287376435,0.8713890524255926,1.5426624889874068,-0.11144817887298569
3793.2054151778434,1.2813750549303142,1.5116901211994747,-0.029432372465410885
5443.460254202642,0.9083786039296134,1.0988613969627834,-0.01021308488985204
4332.299140122705,0.707202532715502,0.7044352125747911,0.2940197649088062
6111.308443352282,1.4943300952605552,1.2065597398662575,0.38005296417314477
5556.033646000254,0.49375556325972075,0.5367800945543881,0.16267877561039695
4486.874673038874,0.765315318673768,0.9819884005962888,0.3178889783677141
5696.711453214579,0.7932430370424013,0.6662449448308985,0.21353686768667882
4847.498857369183,1.5770765682641408,1.1321480272039188,0.123653525483955
5396.941572585553,1.4017147210366279,1.4515499878394358,0.3637857338233611
5139.312972106132,1.3234820359105495,1.3312219379907733,-0.32711865773133086
4207.550341506389,0.867335334405917,0.7548971790499394,-0.17111555031230913
4349.515117377777,1.5565445009604437,1.1137873496994437,-0.2052253817140233
5520.972572306813,1.0420880009602427,1.3307532502087784,-0.0753469791598646
4565.657267525421,1.1943158425757805,1.234944258632137,0.17147508952107363
4517.446075730602,0.9949238452765516,0.7243378442328954,-0.27877586304668706
4131.414194455453,0.937633357169187,0.7040536108489818,0.12569979920277644
5096.5193459154225,0.8870553315184051,0.8428824358896813,-0.14676522960105945
6243.767443470201,0.8975900016452094,1.0516285273721118,-0.08676601329673578
4052.726960022009,1.1021229121695197,1.209524847635904,0.0501039158584641
4816.9536196709305,1.041799949693847,1.2671757101811663,0.4203120347653749
5788.554388790801,0.942132157449079,0.6692421568658411,-0.17808676306353183
4744.2510261279995,1.3273809981747136,1.3104392587987832,-0.02002334837335893
5116.660257374814,0.2083117328148173,0.36638327635952445,-0.26955630639926387
4056.324530297184,1.0774718119802986,1.3444684667142086,-0.18048692908618044
5099.814968045354,1.1294346766647447,1.1813956069978786,-0.2718353587311187
4668.999014496816,1.2367407170637923,1.7418997812742307,0.06119627199164295
5490.010996975904,0.9337821397366597,1.062023096077861,0.10632719237219469
5631.170236095326,1.0019800168459894,1.2104633062426082,0.17176233668095675
6612.69454941303,1.1964870958286802,1.1645819468609122,-0.18841242772658526
5205.743221249503,1.322791601070045,1.055444029107551,0.12698576963625646
5028.0574216075165,0.8748660037053079,0.741284902590704,0.02827501956200447
4936.069011104135,1.01674394578189,1.0501816632313008,-0.01443812431283196
4552.783595032518,1.3696434910871893,1.2317294797072689,-0.3103557068769275
5036.938690423184,0.4189932310302872,0.32224652868275105,0.03831337482952881
4593.219012902679,0.7774968500463537,0.6498892096416988,0.0462391549777912
4917.92268338873,1.3164589946507408,1.1666748542860201,0.025432111135558454
5722.318274925572,1.2231344584020758,1.3457293526830163,0.10001268931930235
4095.4202043042515,1.0806113027316735,1.0605647676573695,0.17364891476735764
5597.914992790332,0.8378507817227199,0.8555164790850538,-0.27450582723942984
5721.980547137906,0.7295453752536452,0.6236636871083365,-0.05417402160708803
4717.352031106245,0.8021960951894065,0.8422324458171087,0.1289419003910609
3314.7015706939837,1.337002055204673,1.5943767561037812,-0.06709870521875066
4374.524609033897,0.7928893277111634,0.8564010124840109,0.2398558892654612
5707.896182592776,0.9753557410599144,0.6847310576242619,0.022544624173141306
4783.992356390782,0.7615730887845634,0.602912296328003,-0.48873066028088774
4100.488437393562,1.1606935075247566,1.2592783700041892,0.20985722979942345
4446.6575551402475,0.8153184299133897,0.8111990500403008,-0.02927580671383254
5388.434018553187,0.9256015274613963,0.9260032160667834,-0.4424277082813216
5182.713497740966,0.5291544667392936,0.527339032429149,-0.06307246507169945
4632.747530581214,0.5466579409487651,0.6789449585292278,-0.3170910946536533
4543.222911729718,0.9519182983303766,0.903488826362609,0.18828282139853827
4525.7692956693245,0.6187107112005594,0.6556481861419516,-0.008960245036541319
4154.3128708510485,1.4762716598336256,1.1331387008628688,-0.23093634120044146
5930.762982628609,0.4346192219719376,0.6080830575657521,0.20271201424071497
4574.375671552062,0.749956175333974,0.7592480181387786,0.11463141649906214
5652.0109645778475,0.9541752168168876,1.0802673224457973,-0.05894118425633952
5864.921236345715,0.8587167655510538,0.6739463670574478,-0.3113993598840902
5498.817628703572,0.6739636358340202,0.982210884533535,-0.21061844838414837
4497.865781097366,0.7105180401261829,0.9551423242748845,-0.21436447742650971
5082.611063235627,0.7023364806251904,0.46585750134602444,0.18662430081609713
4783.063075526358,0.8783195762949842,0.7568345475824724,-0.42022432141105676
4167.408697488911,1.4379822723793558,1.4649603245073375,-0.011808704140770752
5027.051497205122,0.9694843241395524,0.7180297997350793,-0.06257109769302156
3974.6721461881384,1.2457251223468808,1.1607923990182751,0.25888475444385417
5631.375571923095,1.0767440864570355,1.1514639515362584,0.05818413941883003
4474.767891891125,1.2284655994955551,1.1353804391160884,0.13380257128591716
4940.811759110988,0.2500089243516035,0.3654375100923898,-0.13134000093250467
4998.3015100822995,0.8738854947129426,0.7732772350830148,-0.3077495468763154
4618.766518407146,1.2767838557876785,0.6701538337225605,-0.08136899396912309
5210.685661032692,0.8070660443126665,1.0078874476127808,0.19429059648160807
4467.567440364233,1.390618291217403,1.5559422169693848,0.1937226577879421
5409.908108220071,1.3209725384419404,1.8750671380051216,-0.10764689277892411
3857.814223827276,0.8327173209681343,0.4824696584657646,-0.21518595116213948
4888.465705682488,0.8242091202384108,0.9853502186397189,-0.26416978122679663
6157.2502993408,0.6965985394113827,0.4539912910754183,-0.034156650681640296
4099.768072776098,0.7926014420340506,1.1220061345815058,0.034137792929833155
4325.578520632604,0.6418527339577711,0.7698070363578055,0.3682978782439396
5159.73549476124,1.0572027951082514,0.8464567551625448,0.030832689404718634
4925.707247357718,0.5859883766633915,0.7538514096739302,0.15344149845178456
5045.441069491491,1.1009332540475554,0.9605091835773714,-0.1951169969760547
5142.430991103364,1.1070196742250622,1.1499110083015596,0.010425251232281023
5244.305027993239,0.5346988987040193,0.6309839521937044,0.03501961388421642
5576.789889369356,1.3374546515820849,1.7020865388695219,-0.03513263196109456
5086.873059849959,1.0784023236038054,1.4478240494099464,-0.005454699217481532
4631.11964176702,1.137424505361217,0.9760915869253406,0.03155461690502651
5270.801590841912,0.7603336996143069,0.9731285810833474,0.12025920327357889
6129.9173544266505,1.1055947796182797,1.160521767152962,0.2922795108534404
4707.156377532198,1.2315983624305162,0.8475691610743267,-0.5663869479099275
4117.829486730551,0.9253479002488306,0.8089529220550614,0.2784343785346719
5574.956468500881,1.4504806148120903,1.9756386353512532,-0.42770202907949423
4715.733185232481,0.9610161587282344,1.038019364003156,0.07719070525918807
3279.1313177901748,1.2351964501131185,1.4208692617016012,0.5
5393.1951740052955,1.0232522018146637,0.9753629809401737,-0.010635072106445447
4425.270269832254,1.096380383214217,0.9601509490856571,0.04500478485366046
4736.626702387088,0.5321669330913069,0.6070158625281464,-0.07756492848011695
5032.38623139831,1.0427634345538408,0.9790330170267288,0.16681558681623423
4933.349775845347,0.7662562246856834,0.5668049714062176,0.09055213815993542
5296.616271997327,0.738400423555578,0.6271368634234069,-0.16901181119476777
4495.159540601109,1.3860257961164946,1.4822526104611036,-0.028588263796205254
5159.174058723258,0.8965574379844128,0.8465829813893628,-0.2796091259443032
4618.317325691258,0.6991745422561257,0.7549104957828915,-0.02973535530807873
5317.167336621253,0.8602170929727813,0.9281683438972846,-0.10484304672918424
5230.757238809138,0.6248874427695215,0.7294832774625316,0.03413523789767917
4145.192908568783,1.3084711170490675,1.5243151998983189,-0.1774784742854848
5560.187481322522,0.7760798139583712,0.6370373839284627,-0.05360792252154992
4424.825588420166,1.0823249834859172,1.1868369042519036,0.0021931937970360396
5365.640458796802,1.2890266785525812,1.4102202471621563,0.019604424489164354
5057.101119380938,0.8249618296963176,1.026367845949888,0.06857092892646058
6086.728573756585,1.0830056080681965,0.7646732771167541,-0.043541916320246586
4643.573812339703,0.6924784862738924,0.7832723637448487,-0.1966734147329241
4555.478242717261,1.5614423922784209,1.918520159505978,0.020518318162394498
4786.406275878588,1.1840950336541556,1.1220527283765753,-0.04471445639894071
4587.774152016007,0.9018483903097985,1.0097044061213543,0.2561614105268025
5359.959331359435,0.756791567277759,0.9250571928712363,0.28768537522758986
3668.5825740943883,0.9215008617900934,0.744581752345386,-0.3430201088592554
4062.422306597552,0.8650040694121202,1.2170498079384646,0.15428863710443771
4052.537954894565,1.4382361384998767,1.471016088483604,0.20443604027247703
5465.215314381503,0.6436163194462744,0.7759461680778805,-0.3364578239660349
5997.429360807348,0.9837003558225508,0.6588749992503714,0.1448682047281785
4726.88554702377,0.9454154833415724,1.1080197177042397,0.2239887294415752
4681.824793766992,0.9206474249137826,1.0307972281544022,-0.23741165946964757
4849.036514179227,0.9228458362654144,1.2424135781978058,-0.059085405780259635
5613.314811825733,0.9209822974698791,0.8779841780108544,0.046579983955055415
4150.8528060665985,1.1682665165830248,0.9087856224204248,0.1426145150248195
4966.85828791435,1.1022461116231088,0.9334938386404702,-0.2471098526119009
5482.638340847701,1.0547279028431966,0.9381540180154062,0.28925167445390304
5150.765918957892,0.19150265946368272,0.20688578936627205,-0.5073370325164007
4932.70713161912,1.0249487185407908,1.2830790067741882,0.3309363872313749
5500.732264796999,0.5360901599574793,0.7685391547582769,0.13756686694747955
2907.737394900534,1.1115800407839562,1.0456935201820516,-0.15544287778570104
5274.512723671635,1.3186243418926287,1.14965546985691,0.21610146067677005
4342.147021810803,0.7184402218528623,0.48886193915368437,-0.26194976090053246
3518.5569722004802,0.8845548194143232,1.0327062956804018,0.028734013598468812
5157.841819667487,0.8001610737367507,1.1133153155425677,0.059626218452148785
5761.56098161407,1.2588579439392,1.0490041488834587,0.0590337034897536
4703.7860397606155,0.9737569713180182,0.9560846546507014,-0.20992938927883656
5467.012183042058,1.3820823451415833,1.4079915831263754,-0.1240192930893943
5928.594780592051,1.053438550736847,1.40207771596451,0.031686216537703815
5720.440117508833,1.0106125451589547,1.0487751714184284,-0.18168593574164466
5947.975170559976,0.967051695650709,1.0116056331151864,0.06786319856915206
5319.489243750325,1.1544980248143342,1.1620295435655015,-0.15353149205664465
4852.803547231115,0.5155784504386641,0.4208602398387134,0.25000000651931087
3678.623931671982,0.9713359888801274,0.6942987373943562,0.39067123764273387
4627.756258309036,0.9324883890680088,0.7928052481960088,-0.07436604366431482
4209.727383278666,1.1313547067894414,1.3273710041748528,0.23006469024252635
6319.65990224847,0.9030745985314907,0.8598591199266445,-0.053076135394149904
4676.879931297364,0.6903163914593324,0.6646829449320132,-0.2341077991853359
4886.24336474914,0.9518376687299247,0.8560831950092297,-0.10642943513879059
5186.0397632283275,0.6792898677829141,0.7137065912029247,0.021392435189053257
4830.521712460718,0.4686844468531286,0.731047921684681,-0.44673941610676793
5986.535728301527,1.1317806203713732,1.0707160267820484,0.1564141903613741
4364.145446785884,1.0947653931736676,0.9060469934887108,0.02150521223409096
4936.22521866607,1.0667727359983936,1.0583877785784768,0.25013598936728865
4280.270590011366,1.2757321054864528,1.6416036626425545,0.15203438844283956
3875.984242145506,0.7837420274240187,0.7401305306133144,0.029987079290972114
4371.7616363663,0.5922214643071861,0.5023037257894344,-0.08895873383736572
4774.074242066112,0.9324925557979888,0.8508698408921588,0.38071543042574685
4499.488442837918,0.8631249250735223,0.9118042567857807,0.5
4315.305314088301,0.7394260708074828,0.8935601398055125,-0.08478735126495285
3815.5777754297164,0.9300377116280509,1.133651736524486,0.2605733684256378
4741.826099159914,0.7970987134488537,0.6596406329982755,-0.17668741474132563
3746.6957381782986,0.49099867916079215,0.45841478954689036,-0.14692148842226507
5332.039174582722,0.8397058273015598,0.8133448962218486,-0.09656123787462471
4857.707827054152,0.6659062083240357,0.8212061340209325,0.17117067190158738
3779.7139503745484,1.0079120179027306,0.7527292278109686,-0.2687283235847645
4583.553646065096,0.7859913104398362,0.7245912327356083,0.3874910567510586
4273.490516086592,1.227907868535263,1.0387975720795217,0.23446806434325737
5023.422157293427,1.3509665168169664,1.5116803058022255,0.16537880135722022
5738.315312216201,1.1198453432529765,1.2104447031085057,-0.07345366650067223
3487.379271247979,0.5622434545041699,0.7448951615883085,0.20737189746418536
4880.518255403192,1.3262989997197598,1.5890656435274224,-0.7293407153257662
4687.9070431033515,1.343930112593441,1.189342125077144,0.11022534087312476
5269.938053515326,0.9546976278269852,0.7347561212496978,0.040030516915686404
4949.237639766382,1.280731540083883,0.9310012739645125,-0.47155389130447367
4273.621467782827,0.8120812154883305,0.535373239142632,0.10156324568304219
4576.662245033367,0.4834385162876026,0.5077814082916939,0.14772293146901821
4242.781900237558,0.7599288903446015,0.7411279892950242,-0.4634331862085446
5553.204997019019,1.382325216511189,1.499730389312971,-0.2966928544130202
4814.918154070359,0.5772300190971316,0.646466162444851,0.5
6130.833480027105,0.9498803204828736,0.8655855955939312,-0.046588386525616574
4757.537430329766,0.958535973335053,0.9442619665135901,0.2439065148745968
4304.1152631626765,0.821756439008047,0.6770679214012629,0.2817004810724188
3740.399925171021,0.8391196000407212,1.0473104687744887,0.09848420349881692
3537.802226620838,0.9680622835590507,0.8212131006110814,0.2543103377973197
3691.1048398961575,0.8094594145163181,0.6519001722643258,-0.5282220895411796
4986.988655708038,0.5944853757080172,0.7675520608099345,-0.05763235292016438
5156.107516260954,1.003757985735864,1.1181832047614038,-0.7701496817934819
3693.1665085775066,1.218341645611243,0.7674160312641938,-0.436523416141812
5426.526819853281,1.1673931296633553,1.3253504283562236,-0.13650362424623683
4461.857263821592,0.747566133152547,0.6748339049387115,-0.16634610974904526
4902.755108389884,0.637193021155581,0.645123138991586,0.010352572285619897
5928.554439778797,0.8789530294613053,0.9356651654128108,-0.0051626279007473755
5427.787521105873,1.341947877448916,1.4137350495329326,0.03343560749530793
4612.028546465917,1.1113995197398863,1.185119819016637,0.043677412157669765
4176.165442209299,1.1259911691985582,1.088627048701313,0.08323068115074274
3293.7292190694866,1.1724642379463737,1.0392849413642724,-0.23976116935299044
4296.592676530306,1.0551916406296464,1.1299795055257142,-0.18119807984095038
4652.208832820614,0.9801521369033946,0.9607890855541773,-0.009219514823688183
4108.974330994171,1.115576724161992,1.485526151723981,-0.005335737668230914
4708.120123035386,0.8134584739454951,0.9471767635506864,-0.27048184132407466
4853.796318071138,0.5963842471584198,0.5391968694338545,0.2703898452532628
4642.600812734345,1.1307492336560807,0.9979114700333026,0.18120016938770642
4344.998193423578,1.2594345264373064,1.2142450764269308,-0.21492917134078213
4918.0582703767095,0.6704420151609921,0.9149983523364981,-0.05209150322917142
5109.358454698587,1.155480370603975,1.439371647124782,0.5
4036.720645790008,1.3701914283470473,1.1846160142240774,0.04014425945857038
5787.652665822389,0.9494384495607198,0.7802070859766723,0.0989214888000164
4730.988307401017,0.7454994538145634,0.622757503894299,-0.1522338877827824
4813.194736061393,0.9807546683816889,1.0342808253940066,-0.07827802713208537
5295.75009627959,0.8123665079498246,1.2370280376193197,0.3778314964458506
4963.251291884451,0.7958174725108995,0.9228253480869206,0.028323606823134055
5467.195643739272,1.0582960168178857,0.7128062877155498,-0.017732054718220376
5000.986915641277,0.5490676312425261,0.5291329054029869,0.0019102714841164263
4371.293837751693,0.5890177693769432,0.5730843401371841,0.5
5053.052467644271,0.9548227200934857,0.8052604417197308,0.009951875786971164
3999.391654875537,0.9444228652718921,0.8811756484911267,-0.20751917480340032
4875.991794043566,1.035888644259984,1.1046019263009326,-0.16383772540380956
4776.739006548877,1.4188063471208472,1.5033783228286164,0.19518900059702599
4654.318199909222,0.9761285090189552,1.195029502330194,-0.3571202816616942
4710.023741992749,1.0995430375836985,1.1919811233175666,0.11264574536605741
3482.7056681516524,0.706116766096342,0.4611473230491268,-0.18095438191236066
4415.892564581327,1.1419844158791341,0.8769026147904478,-0.4646923891130019
4864.99143079878,0.8184022837223305,0.8249351561966729,-0.2450180542283987
4911.89947439818,0.9678552081452733,1.0028964409556795,0.006883452419664895
4080.6274013518296,0.9227878437327095,1.099294886497898,0.34879184837320415
5685.99548860529,1.2082435587285076,1.173433318190156,0.22833235298665944
4193.677606249849,0.6225058614062501,0.6913483785410194,-0.07342255654268828
5478.620040368716,0.3791903413462401,0.48224141126663284,0.2430467674545232
5099.036053310179,0.8966418257280189,0.8696798695705393,-0.08919495730976365
4347.640883109338,1.067132814226281,1.0716592252455945,-0.36662789618647235
6042.717624826659,0.988067343951875,1.2134568210577341,0.005271908908169152
3964.454217770464,1.2580510593534777,1.1814309815508983,-0.3764834987516962
5443.407921527001,1.059343168544917,1.040871533902315,0.19785207687126555
5500.407622630085,0.809037917035035,0.838393819451352,0.2014700222517194
4330.565853646349,0.36864496146507986,0.5668963965352567,-0.21999248488256556
5774.72571004503,0.8906719414511954,0.7095305403378811,0.03639937670641551
4624.967439780733,1.2069897505644493,1.575275235604468,0.034012308547860276
5002.0855404959,0.8519880543332213,0.6727462941011052,0.21799084544181033
4982.225287139854,0.9570800659194411,0.8391823153549934,-0.311267063495962
4705.983880970616,1.055340063576677,1.199538476632706,0.1498718808920451
5367.565791211848,0.696176906437546,0.9027049139148088,-0.32919231275137745
5355.4421043865495,1.1058089741597044,0.7795684727570191,0.19429718441821767
3576.0276187332734,1.3592804475004263,0.9989731183005031,0.26567435033328646
5713.038170014706,0.9067966620266483,0.976100145115115,-0.16739784840997313
3636.255608375028,0.6677338945419244,1.0633352263667135,0.30478221663538485
5522.78234303916,0.9333497432445065,1.1821859039383769,-0.39350824075469715
5588.693595779308,0.3939039728477828,0.4510345873859119,0.2748958613026371
4036.3234988493614,1.034225815994154,0.5302596362281667,0.35961405954066017
4512.42999843179,1.0630685944121447,1.06729175615189,0.08645379853788292
4026.006732059845,1.3689090734613905,1.378734128100242,-0.048881445257340256
4649.555278797885,0.9015013018583437,0.8499465828112501,0.07810495502498074
4584.376001069981,1.0521213345366176,0.8642810331453774,-0.15093959218278177
5345.762372588538,0.7346779744035247,0.8062821610815352,0.5
5717.216122283726,0.8608932198687302,0.7199022219328632,-0.14663282260857283
5776.9786675529695,0.5687036408344505,0.8750851353910674,0.3293502924143296
4406.482381395189,0.901302594679191,1.199381115850097,-0.18530685435603553
4653.544688378831,0.8736727116203588,1.0156995252221606,0.39920206987591234
3621.5932654453345,1.024799941522224,1.0380884421457397,0.5
4235.890953452668,0.7941007799168401,0.7217782702549644,0.09649770275483587
5475.39614316822,0.970836337743773,0.9725400682687375,0.0716643171417876
5930.9079764837625,0.8666549860980836,1.1842110061905944,-0.23914475619614464
3935.9557896840547,0.8671251529251214,1.0472103664816317,-0.26891690239207117
4385.275018592974,0.9700905814907574,1.0157607627006642,0.07447865129140707
4781.515970128751,0.9601307355792524,1.1468522261170206,0.3645481192952802
4996.112811173724,1.1402935097629097,1.2319488989614662,-0.13705062228725762
4233.277536054848,0.9198392414675413,1.0094709377195934,0.5
5096.842731124862,0.8625286627192492,1.0626516305788218,-0.1525364849074595
4468.312457050359,0.9047981387281934,1.0185363070859805,0.05734798518749269
4789.883410385205,0.7713339707897519,0.951950162787984,0.05800411660091391
5182.39897360259,0.860022226608332,0.91496433085878,-0.02538359380887926
4804.495588867657,1.4577896782683077,1.283222932726355,-0.5109568790815575
4494.529876631402,0.7218303098260332,0.6859893187040498,-0.154768275107724
4723.273137251918,0.8803359165301726,0.782539716491388,0.049909823075718056
4738.145928556265,0.8531278341825773,0.59794227521036,-0.02399627399505347
4540.99227908251,0.8882070969389001,0.7436329993823495,0.15905066485069566
4618.842756133028,0.8671901727804012,0.7243628962409577,0.18920897799796293
5919.053019353301,1.01981002530525,0.9127429094352457,-0.06001961529472746
5192.643613558867,0.5224562246520514,0.780768548293398,-0.24060759307886156
4593.163777379587,1.209292868133001,1.1275070390976296,0.3870794263458533
5287.868083157515,1.1081456999105492,1.1381124949473347,-0.338865582628913
4566.326357170793,0.6392821034842162,0.7373405695316985,-0.14882680585803715
5621.187246310649,0.3827306817618996,0.6110413230896383,-0.2124899809934503
5058.749534538666,0.7057319634646497,0.6695725443818689,0.18661440545052688
4724.88849919704,0.8893333846432193,0.8699220932196835,0.3292554936201477
5113.401848067195,1.5950729746726937,1.4220036577356003,-0.04342334387773623
3700.3866935520505,1.0858142412435683,1.3108639731611345,0.057444190083728135
4011.2627717631362,0.49810258770463556,0.7265331648621911,0.10719295524728739
3964.2524955206613,0.777586123774764,0.8953233410487343,0.45100102464721525
4900.060166334595,0.9366968909317541,1.183041749087125,-0.44339336055329437
6012.760499639564,1.0134208885745242,1.0466355669962704,0.18605547478173215
6361.910102334843,0.6213127849223943,0.6597679608334277,0.09413118698487583
5246.63577100853,0.9162524430057346,1.1522346049363132,-0.0927098813114551
5150.59113246112,0.7705902155973647,0.8909895987832765,0.0815566839300739
3539.259586093083,0.6740603593494208,0.6220911477576273,0.18520724395747948
4420.128340186185,1.0148989116747384,1.2137598200238902,0.14579067812070073
4248.551373664232,1.1434692933607056,1.0667969401027466,0.5
4365.406681224219,1.1602603192404048,1.0517551235872733,0.03187039694842131
4682.299326990647,1.093596587783469,1.2660547176453414,0.00672629582258162
4469.536595612011,0.8256576167149342,0.8426646337019715,-0.04532469641744372
3414.490132736949,1.1286374403658763,1.1873490255197179,0.13824470928647203
5323.537179282273,1.0272636095260719,1.15701968921085,-0.008014565371486917
4049.0798819821357,0.9834854707380033,0.8322500260185082,0.003302286266191725
4967.472804877804,0.7970767195745504,0.8982634962921262,0.004457465001564193
6251.857868824982,0.8257809681646179,1.0895811448467776,-0.03365214237252327
4156.430785889504,0.9684717340311385,0.7882437427766272,-0.15216820053810193
3028.798734077569,1.5599686167463753,1.5556501191705732,0.10452663454922771
4599.797044683923,1.0253106200228475,0.850953533020075,-0.07126189125415466
5570.671744499,0.7972028744374284,1.0045750591189286,0.15341987570511098
6170.843217954416,0.7419026387576393,0.9469339332092023,0.02769190723199927
3939.3152838833084,0.8270583468359493,0.7981931342903236,-0.09664371908226167
5147.689456265565,1.4943233618872664,1.9883762201953892,0.39120760125876614
4474.282680253963,0.8501858385135095,1.0726112861212485,-0.025578146386744088
4725.836151987105,1.1767176336525713,1.3000805868395975,0.15570575364045158
6651.040342911924,0.8560179386321609,0.9979566831327765,-0.1749957264980253
3747.9207701233927,1.015296135319907,1.2114080695610199,-0.5063848327827949
4977.617763046202,1.1479363185021805,0.8943285315564312,-0.14174979191926176
5127.385220235803,0.807024287547519,0.8751692023044213,-0.5343621765999484
5560.050427457543,0.7897220864618075,0.8913518346109526,-0.05921571670481206
4868.588207429627,1.3647174236138324,1.179802114544206,0.36716175363476344
5015.635377652871,1.1961482237239491,1.2613391965559024,-0.2263212555191627
4525.846002804747,1.147668079672682,1.3915191210846367,-0.526510964398547
4988.388858871575,1.1468190732807284,1.0217005211256636,0.3750642477531317
4559.765407151813,1.0648938720777663,1.0401402722980384,-0.11883869083106294
5235.100322899236,1.454443953293766,1.1279842985836765,-0.003934595542171948
4541.272764769456,0.9609770754692891,0.6224616917454283,0.1970699922827693
5063.970275731531,1.0943155918002299,1.2422003952857625,0.13079319124728733
4779.516030420516,0.5872717678514968,0.6498757292708099,0.18762810490296725
5588.235175540518,0.7437598283521898,0.7966349035903353,0.22510724738635596
4764.02439348806,0.6497952500412398,0.5685188646477115,-0.43652865814736364
3558.877272255183,1.2685158958790372,1.164709450543895,-0.3535869350350048
5683.3450504997945,0.3118649619948125,0.4800544751528703,0.29279241565721026
4165.987389396167,0.8494224943118193,0.877748994720579,-0.1954347857729217
4342.363562945826,0.20157334933484428,0.2793019640371056,-0.1681614612408898
4383.0370941695555,0.7421780261295274,0.8204802020819038,-0.3157106305410795
5762.106665219572,0.8272627625670333,0.6467706423132502,-0.10123697233687051
3305.028050214913,1.296217773448511,1.384486608236614,-0.08732901592111776
6996.423973561996,1.0491569848053643,0.7782716727604616,-0.2343651719212894
5539.239766346236,0.7417146191677584,0.6394205937443712,-0.2632706862189361
4956.2672398904115,1.2164909299329565,0.9242735339396657,0.07966577304392647
4761.574199568599,0.9544580636324393,0.929635168527407,-0.2019173167221073
4999.887852400359,0.9593917146768131,0.8991881702104504,-0.15157806424456538
5164.785699865537,0.6493321230570019,0.7077291637570232,-0.5465695866935202
5251.65091016504,0.7024965715242151,0.6174077848490571,0.48455006063275613
5188.923126202414,0.7437256750136189,0.947783291357445,0.23545600736867514
4862.706476878674,0.9616153182885474,1.1308358575899988,-0.1237015133317355
4661.863105784872,0.9694714317451687,0.941590585781364,-0.22477023391443007
4694.108701442542,1.336023165881011,1.1401881512958034,0.0027221993082812423
4663.564203753123,1.0462637919844586,0.9167023565016703,-0.004133397399413515
5593.639067806946,0.27310857658197296,0.3320914409656635,-0.3189916423786618
5215.489705596603,1.0156604969679226,0.7289567482641727,-0.63763405723059
2741.727955735004,0.5874959109581168,0.5280286054870702,-0.13151897687916722
5259.130543570833,0.7085072688471159,0.8896352491447326,-0.3908436327248783
4936.315336303142,0.7469576320684175,0.8396361614109993,0.042844986680885454
4786.903870487872,0.7841654191219245,1.092319233733664,0.044520391665168614
4528.03708283778,0.6062126519899242,0.629944392976703,-0.2433031745854771
5586.878903990209,1.0008705008630718,0.9283433474378356,-0.13364606691386324
5463.268523486,0.5972994287272602,0.6081281592497247,0.4407604229945209
4258.985632523474,1.0391669018124616,0.9653873876075324,0.19378213156774066
5084.936600987175,1.5092427692654073,1.2065119007070708,-0.11306319267722599
4119.840285821099,0.617660235266484,0.7170042911686859,0.5
3834.2672846477485,0.8788724239151944,0.9071127862488603,-0.2992343529929112
4361.297942787024,0.3191356593718825,0.36013462084508796,-0.2031736812041387
5403.675430667931,0.8747661767574667,1.1233198319454265,-0.027628542676981793
5467.18753176326,1.1106792881578709,1.5001507265781653,-0.38275176634407887
5159.159794068105,1.1301598078393167,1.3601476501554361,0.44757729115696165
5307.567050793598,0.9693409325710242,1.0842750637502154,0.04578800967732014
5161.324800980471,1.172315856189744,1.3086442590983667,-0.19748721422494867
4350.962883343934,1.5865136339856978,1.9837282209670408,0.11194673785119036
5102.345781271759,1.3780761718593997,1.4890014924836783,0.03651396207447283
5360.286667659378,0.8193697676475907,0.7528810564667435,-0.07616277103146166
5328.003930869502,0.5872240033833154,0.7044413954079922,-0.30212879170537005
5632.23936003225,0.8484621458565491,0.9866305432194136,-0.35905298138227676
5295.812693040744,0.7132543085956629,0.6113060533063247,0.5
5046.013745279108,1.0628368869661582,0.9901280403502392,-0.3381837212774993
5549.1051668215,0.6547016151426255,0.8694056453178305,0.4244913798378439
4781.435118525658,0.9317943918524144,0.6003934178602089,-0.21118978690398893
4182.687744140598,1.1595035136340774,0.8441687773187622,0.1975081418850806
4685.853125239365,0.9248260317957057,0.9062513856532036,0.11635827252019489
4278.568148635486,0.7134215443130508,0.8172583153008456,0.1663546750741042
4327.375207517933,1.2437035143964228,0.8673357621425019,0.18300356806004758
4698.836930499137,0.48025476381154314,0.5420290139561128,-0.4028914055843777
4245.306055300027,0.8680512360306342,1.0990246686243728,-0.16908649811854426
4584.4269292526715,0.9395849941546662,0.9644312665834259,-0.34201198980442854
3474.46973313235,0.9539771645999078,1.1438793192708456,0.047325265211899295
4949.305595161057,0.9951240140195202,0.8781366493174937,-0.33083608303105655
4800.843832753557,1.1026099549523734,0.9061292791961021,-0.4952617942683053
4228.037958252266,0.9411481402386622,1.1143680177784068,-0.059369334135893646
5261.471967902684,0.8579854294640797,0.9500113809572783,-0.5522697631218615
5456.299096338591,0.848102663835076,0.6686755225614873,0.06468454868023915
3674.708094941718,0.7971210494904113,0.7005058167203628,-0.31440738084443537
4266.09265500365,1.1468858310817163,1.4650524496958046,-0.21014493702005696
4261.600355148891,0.7883678801308713,0.6738886569044004,-0.5701039932894251
4142.067829223794,1.161692777252061,1.3380570433925498,0.4125255534521365
5380.632389352224,0.9547497705649677,0.8714736755318353,-0.3657287217445197
4664.321702859038,0.8196862982859676,0.8523975669205378,-0.09100030863697373
4614.839611082572,1.1046018039360337,1.146640148775337,-0.44793464811531153
3397.2963449152726,0.7681365188192204,0.4694958482248109,-0.20891695209519306
5244.792621146458,1.1095460101820531,0.7688046726709152,0.43795544525605257
3932.5191236025694,1.003181530297946,1.0198549526678795,0.07436918381633695
4841.952841186429,0.8009188277270198,0.7159904927790605,-0.1809077490776449
4994.163856570734,1.0821587038336398,1.2775164083413428,-0.008543369913865857
5752.461017087056,1.0866474314221597,0.7254329731937896,-0.14013976417165286
3883.8257206166218,1.2393799014524893,1.3215348727861917,-0.02310514495689671
2686.3414909254225,1.191536753102324,0.8338302131138975,0.1859671797582403
4928.694681327586,1.0728185051815706,0.9833481600302489,-0.0827744974767598
6060.357827057598,0.6681022621978092,0.5700563071445097,0.05499786848127614
5667.262447057607,1.5621467470435142,1.9724657106921732,0.0591238744120638
4946.761590692238,0.5990959472320474,0.4859241034100564,-0.08153641182443586
4455.854670057567,1.1873157935705771,1.1192303354260429,-0.1839814974175139
5364.9858176461175,1.0578209542215746,0.6847428001259761,-0.13129583915111517
4118.517660206872,0.6564644068797213,0.942572121506551,0.1747963128837692
5133.450438549354,0.9189247652803751,1.0096034972084262,0.19560417624386264
5153.829111416639,0.9303117784388398,0.9697060426633015,-0.28444858281711777
5542.146935249216,1.276395678952631,1.5740261503788993,-0.06524733359700212
6731.762027237754,0.771672274929947,0.8366929793448722,-0.1882304672755837
5074.691177025137,0.8845137483939115,0.9462992698584343,0.19998810742903522
4443.725462004751,0.3659825987446842,0.4592633026711866,-0.11780075994497523
4782.097981465604,1.3836906982808943,1.4428453717972962,0.5
3561.6468665776174,0.6823829392449822,0.6640394891381479,0.05447434747426321
4313.70080823766,1.0317277160597937,0.9813607769363458,0.2954991135558055
4513.502293320827,0.9246480425695339,1.0914712593347655,-0.2536527067008415
4433.138121445785,0.925499758304165,0.9920848787682279,0.0029305372714664123
4906.648410423605,1.1524654962177188,1.0946218749191876,0.1540432745925559
4224.3060473324595,1.3678156150759087,0.9248930539835121,-0.25832506045545006
5584.72146712713,1.0128734174854979,1.3129772530562678,0.00508567795264432
4800.144945442738,1.1137695044076314,0.9458242596585302,0.2629647580501341
4793.48977520297,1.0322228841817602,1.2282174096505598,-0.08186250198087143
4570.473698440957,1.2043828559826566,1.2011997820929239,-0.2129381261431563
4908.633478701286,0.8342709051284182,0.6412767223505114,0.4507398638681295
5377.5687852673445,1.2188476386041034,1.4649663084174642,-0.29293632541157466
4193.00884900237,1.227624966411846,1.2382756169612943,0.03897265709539685
4339.31845764732,1.2206342521707274,1.486170827315019,-0.17706908458420167
4587.391779856334,0.784963033165881,0.7938515795117507,-0.23420855971438803
3857.8903535687496,0.9079155914407022,1.0559656533433133,0.18541427067581484
4226.519498194952,1.0098667471951086,0.6526004869454907,-0.051383977915634475
4466.645388518738,0.6072894887927485,0.6038628152246176,0.10147161635492444
5412.072426498909,1.3487300520215038,0.9469568565215201,-0.5637864302812986
4983.792930301347,0.946930866624456,0.8855572596527149,0.12577994549051505
4935.512937957281,1.0209819719011803,1.1126936288845186,-0.1801489779540833
5395.628573517581,0.8057488900681993,0.7395884831590177,-0.46971298778956716
4703.839748120422,0.6182806101582443,0.7982901376658226,0.4711848886967939
5073.325394950222,0.7989925286313072,0.692499886771238,0.15025338162365678
4727.744772947252,1.004801046908397,1.1815660039350129,0.056819353169899486
4985.75364457974,1.1183572031884232,1.3800889310646633,0.31235471243496643
4392.068939671893,0.9904478851506799,1.1935057114659107,0.06189232034713401
3092.8279892064998,1.0366810040604875,0.9583881725016685,-0.19965350253590153
4706.004586469587,0.8657434063296559,0.5122838600964794,-0.04374190262059429
5795.923695269958,1.074062141561357,1.1821057981411915,-0.1695915532980131
5448.350781569115,1.3207082165964767,1.2179492973174197,-0.12508822320617738
5475.77823921382,1.1261973606097466,0.8845476528366777,-0.31442591646481033
5665.291505264353,1.152385472063235,0.9955314691980011,-0.24250514395007988
4862.060313673006,1.0235040998266578,1.311026376764498,0.2236463831671688
4938.120995183917,0.5742112326000994,0.495648507103065,0.08301885970081196
4367.643673195955,0.6888333673421891,0.811660475480722,-0.12575326313287713
4578.749000781065,1.0637189501659607,1.0964582670485845,-0.2570079661157838
5231.039804839799,0.9472652370099784,0.8891390746558,-0.10134924470198325
5642.719106018171,1.059960721618207,1.1827414187423584,-0.4209624507417672
4702.3876070233,1.3691058544610184,1.705454729134683,0.03165764985608814
4484.867514604012,1.1315089998073333,1.0385474642768198,0.23636787049814117
4800.369571199618,1.2647215514357053,1.1480017823011666,0.5
5220.844724250381,0.9736703473676824,1.1006656319945245,-0.2758146806410296
3789.3016287065207,0.74819608062889,0.9385018190664323,0.22595061148765225
3192.6733328039336,0.9355334601964147,0.9238699350698609,-0.17680286142446894
4414.624205355892,0.7488120465702155,0.7449536935557188,-0.2821140725127531
3945.501301860089,1.339573739193112,0.70309757346892,-0.2822245322139942
4444.301861646883,1.1475977691338675,0.9427120624715796,0.035183931606741714
4696.55377682777,1.08012812415707,0.8212491965629852,-0.23269840592331736
4482.726113683891,1.2589858005570258,1.3669369451073017,-0.15171144282337123
5816.727274129522,0.4449858963691936,0.49768860912354673,-0.11010033268431547
5028.721335221624,1.0970344878356648,1.0159447896618203,-0.18499195997472767
5010.33205172758,0.6223385539239068,0.6830209657305387,-0.20314613817478647
5235.5450008303815,0.9481860753835847,0.7915463462881875,-0.6072899406296188
4002.8168175534615,0.8720731018831963,1.1747051114731286,0.02173832252796725
5527.378251194188,1.1154341530242369,1.3746786055898046,0.016917872389612978
4746.964999425178,1.007046822240239,1.3310779726648627,-0.19933621243387795
5269.336432068849,1.286279293402947,1.39029755190645,0.09009606759709277
4049.699936871891,0.7995257097668466,0.8311854511864698,0.3492268830164215
3712.368863788755,1.127278597408321,1.456019129884838,0.005894958208570934
5372.52276061752,0.9905558042247079,0.8572740786207391,0.33256444478905695
5063.486668268261,0.5411774324821118,0.5052713105354227,0.5
4168.563911949743,0.7203458853692418,0.6766534787096792,0.5
4191.235843107714,0.9125304916194579,1.0265800591430532,-0.29705902162750025
5587.804349090338,1.2280731124729318,0.9989863323805799,-0.29576575160466756
3967.4116749928708,1.0659307643892786,1.0197026299420522,-0.1111074991814278
5949.871067279175,0.6581247940298214,0.48631589736139513,0.03217880031496016
4169.5654857464915,0.91492094298821,1.0209498071985936,0.39666299996089516
5246.874347925868,1.4544516121982576,0.9400046522550277,0.15681030527273873
4569.967066975711,0.9778058337102145,0.799090274003866,-0.30082178241812496
5222.2312017576405,0.8681686062319011,1.110467365736779,-0.1529143521185821
4419.120198520065,1.072934910189055,1.3076741556735683,-0.010500051991378618
4686.044965749394,1.1408482698954925,1.1943600534334404,-0.3722899945363738
4828.643422777005,0.8359579131299852,0.9142282138701162,0.0034171143852286183
4098.468780952969,1.0756436935928593,0.9474995667064461,-0.29710889776481136
5318.5770417940885,0.8677776258322977,0.754742663196339,-0.412680283389343
4440.750503469891,1.1298319004573596,1.0227021604725695,-0.23674631986740358
4639.980059261987,0.9924232894928209,0.6930395478493476,0.10275526372308388
4103.9554377740415,1.070491956763223,1.1093243089000813,0.10102892774662982
3006.3664388432826,0.7602041134581239,0.8108957278033925,0.02416347917185996
4666.280566179882,0.7446784039817851,0.6424423887139293,0.24790341513521932
6488.830795129041,1.1863743261648487,1.5062103224176622,0.2213958085533586
5349.223001528617,0.9301509046536265,1.058270276461229,0.051095335517569354
4786.5177341859235,1.0212586855248404,1.15768772155776,0.01659546250642612
4615.976419554213,0.87340114322837,0.8099041439318058,0.032386676305024106
4815.7261249684325,1.174681693503411,1.1371574895427496,-0.036911294984270496
5182.983380622647,0.7980475049925855,0.9396338810463337,-0.543585681656919
3973.4310292838086,0.9160996900247792,0.9607844922015427,0.28387121120495484
5580.025186268211,1.1464982031757829,1.4729828547008463,0.09938070797341916
5300.766920808871,1.2432419247910664,1.1417550038787556,-0.30408186145676525
5302.730007995554,0.8190601772433291,0.7663987692374831,0.35695415481810927
5106.933017166809,1.4399209954889707,1.5084720306627128,-0.14749496705319268
4813.731660385793,1.028310423423404,0.7639430854899769,-0.026942250664655564
5271.002865176774,0.6892679345478155,0.8797864592534053,0.2558938988920634
5214.2698936189645,1.042263012147492,0.7647685561332818,0.05503483959739721
4552.1715023412835,0.8542501963791356,0.9941872093905343,0.3338439604789748
4398.478758972169,1.058517121795794,0.9108563551354637,-0.08802537476069743
4871.299406683391,0.9392859380849155,1.041784801105253,0.4227933028200839
5884.314106046631,0.9685684225475362,1.1516656793265623,-0.19445072495813057
3932.625047042269,0.7221016558534634,0.7943361135906853,0.32940558232740447
3772.732313973292,1.1975153076790899,0.8779742318158996,-0.5662773047248494
4915.332588865562,0.660968158212242,0.5892501915500293,-0.27504801283353747
4835.6213912992125,0.6728087761487511,0.6221678191369785,0.0744915346223298
4921.339165059286,1.0418400872868716,0.641699184131101,-0.10011135653577688
4970.76723853595,1.3507110617944924,1.5586970431827392,-0.018687154975640777
4643.758421755637,0.8618517257338981,0.9074152709964419,0.010412730040177811
5842.904407021458,1.1252430806759914,0.849411937525671,-0.29772565203176365
3679.367215066439,1.2183350442158862,1.5121157385216917,-0.27898240371814176
4220.052082653828,1.1536711093235172,0.9638954000455718,0.058030512202105165
4727.7216678956665,0.8721979277065796,0.9413013786099054,-0.16658323795544497
3649.767832192083,0.6772383207014814,0.6112959958727667,0.3352584647402921
4676.90191689755,0.3981131085821612,0.28543348951477376,-0.04798678885819622
5963.029116009613,0.8842898751344016,0.6589871822980778,0.17968781077670762
4814.620541807173,1.2445218421405437,1.084394919797579,0.11071291732677681
4961.490634003078,0.6689585038095165,0.8552162932588341,-0.15029026429317152
3917.884664379194,1.1250524618796913,1.1750070673748543,-0.4950821967380931
4368.547014372366,0.7124618674870319,0.7838261458081092,0.2962353419052618
4537.362533773244,0.9765181440967096,0.5867342297364514,-0.2447272691742857
4577.5994322706365,1.1269479035387544,1.3798331531435029,-0.10093951386968612
5697.150656502638,0.785126140790393,0.8609106588470063,-0.03771061039164349
5190.383742507587,0.9926211701742285,0.9703501238477499,-0.012752892025920247
4021.9794301440775,0.8462271658186677,1.0731283734021682,0.2404896656347546
4972.553344902403,1.126287164734544,1.3742170754746557,0.0014560144808192404
5148.75522394775,1.0088292921211592,1.2396049078966465,-0.03183852256483267
5598.104326964886,0.9641269186073168,0.923203140857987,0.25461398913625327
5906.378480597861,1.3395874900354943,1.00992524091563,0.15016309297169628
4089.434065720492,1.1155765355920755,1.307308893965135,-0.18389261149516375
4232.399742152763,0.7774120334684277,0.5943590955760335,-0.28678884436970825
3919.6954987597687,0.9285340248005595,1.3094279365790968,-0.20592494379997986
4636.186098625113,0.9310253037300847,0.9497174396747605,-0.01230493754705368
5126.450862112434,0.9700798931563029,0.768908638495971,-0.31151344379260554
5491.134161612371,1.5811273191518738,1.0872502441530172,0.02268826179061698
4746.834283450234,1.0427129731777491,0.7698113215380956,-0.032299577447585236
4576.106733721609,0.441024357473806,0.5340646557360509,-0.6356297580776405
4906.230594574118,0.8143002570707587,0.8473680256543311,-0.3515437965668237
4215.399968858984,0.4669069781260478,0.40932934619512157,-0.7214375609210384
6262.677105186342,0.86755043573854,0.8289252453457742,-0.08597576526107732
3674.637281017359,0.45317244256839284,0.3856509057044213,0.26850341133650013
4929.318405227007,0.7321023822328929,0.8710538658950383,-0.4726644888570011
6216.524353460747,0.56981961759147,0.6306986901839432,-0.3305717049483411
4804.759891191999,1.0460400444918694,0.9582101416957161,-0.04093446681829535
4666.972675498954,0.9501348406572196,0.7126121171650408,-0.2659382572133569
4549.788204032701,1.0257405768746828,0.9592758346195391,-0.267168191766698
4673.725822766314,0.9238621528578683,0.8607575704042949,0.13539852654328988
5760.993932273571,0.6014255624488956,0.7081112847789209,-0.12372386114323018
3251.696662069345,1.0783803423136837,1.0977097920976924,-0.37168122184949537
5873.403590907428,1.4305561400673632,1.5426484955731183,-0.5219289725142752
3803.2299932848982,1.0523031446516367,0.9406784068100507,0.5
4613.34336953591,0.8435188501706085,0.5479974767574172,0.28207726364066776
4499.528905790937,0.5929832059736386,0.7888055596875349,-0.11290833651550415
5211.987288839504,0.7229832573100086,0.6270220484853426,0.021964502915984323
3681.3129536813767,1.0632599141430148,0.8177775903844903,-0.12213276552424704
5123.5208662573605,1.2182795066998438,1.1610107866703114,0.12761418269781272
6217.016736300797,1.0152165436804939,1.073343734824571,-0.21355359192947015
3845.778196785033,1.1499718224264959,0.9995534149292262,-0.13579330411920584
4932.794317327277,1.1269195610068108,0.9817625697931225,0.11385021004862415
4336.612475542373,1.0766335978464794,0.9778867613641236,0.36346477611160183
5098.121044335125,0.7853816011846859,1.057780371331053,0.1853537736655262
4813.403444191026,0.993480877993788,0.9942484713001024,0.30847846939773194
4350.959163668983,0.7379055490294654,0.6323465343637038,-0.07810433437779478
5141.510599409752,0.9543572382395255,0.7787864001982773,-0.15575260184423584
6063.043676850721,1.032715882766728,0.9746023224030469,-0.48459528477048097
4666.367345790891,1.3696959518467136,1.347358133376702,0.018049589335320967
5303.830559503727,0.6225670064080919,0.7507144088698692,0.09476175783911006
3894.7089294901853,1.0703769077478262,1.0821362466303461,-0.07500134893180142
4130.494536227394,1.3203091479058986,1.0386475824234613,-0.19417533152493366
5130.684394516265,1.139711941459699,1.0161496254851936,0.310850859960783
5838.881219975176,1.1582363607062602,1.289788388795329,0.15795106929916344
5048.929344149962,1.096923725466953,0.8299892876197525,0.3282063626297529
4580.8593786337915,1.274583622443854,1.1011076992878737,-0.23839477375405108
4799.503983796348,0.678130457971908,0.8204872126665207,-0.1770585316370058
3924.714586221198,0.6035183335074383,0.7845326887945374,0.3007943108128991
5223.160728448756,0.9484164648836859,0.9215332963744105,-0.011836769938947712
5417.633143626386,0.4097094741070725,0.4494788759235556,-0.1422760279196387
4483.536767016843,1.2576614510445028,0.8836469717734999,-0.12487875594070993
4470.970496568349,1.2551787988738603,1.325491821637683,-0.0027701315335759724
4986.114760756434,0.8416623612288684,1.1009650531484223,0.2507379539588525
4494.296184771583,0.8573073508348725,1.3376947117970361,-0.040128213022897125
4753.707169761924,0.9319131312123321,1.0181989991036873,0.1976332075444444
6269.8052524165605,0.9630051626099049,0.9604193528318811,0.11684444421151204
4627.082009477803,0.9817934797985713,0.8041303102513402,-0.21958476004524344
4549.161893585145,1.0895580267195757,0.6685655066361199,-0.21978234199678082
4346.720736055388,0.9068434117478804,0.9574819241344179,-0.11256664798286958
5320.9343800499555,1.1857983258694484,1.6847910175213396,-0.33420941366556706
4673.143078747328,1.0614869442813257,1.3154838414868617,-0.12853471394984822
4345.438873175001,0.798259138531841,1.0215336056987323,0.3783583541828462
5724.912822591108,1.2837781669510244,1.2812013508319706,-0.007847583956842548
5793.722103159546,0.6104357534693783,0.7222176830542141,-0.19161316652186336
4379.703503982906,0.9269585472946308,0.4849162111694195,0.4789361629551194
3493.4220340475686,1.1917293502688668,1.3261230988763533,-0.232654329931551
5505.259582885846,0.7692317237719638,0.7167419153191733,-0.240470741701347
4320.759121967997,1.0273889116917878,0.8784394993706626,0.3073714204516748
5353.437919413938,1.085834899249762,0.9990438292927182,0.16532951490007994
3420.927327601715,0.7348690330046902,0.7257653280918871,-0.032514713131596575
5424.818136809517,0.9318805701014912,0.8094719831488152,0.20797722499729032
3952.179649503453,0.9108740424476974,0.9306146933905517,0.07515000030729176
5311.534883346567,0.8120655370419267,0.7520630860096943,-0.29654810393470643
4809.9911474855035,1.5254187130126935,1.4300095185462895,-0.5993961767535765
4132.242406422349,0.759223411638631,0.5636140825339209,-0.14183628792682254
4515.074580951254,1.2012325735169709,1.108406663287807,0.27123120897456987
5280.42291986969,0.8517997457797145,0.6867156199104313,-0.10711752208665382
4874.126117180664,0.6783409527786795,0.6390436528458212,0.11502429958731102
5209.089086330739,0.9757035607887672,1.0086361059301086,0.04612136211126681
6183.50840916084,1.1122733460968752,0.7395494295212914,-0.42337507365359983
3705.0308718022643,1.1801273937664196,0.9538919779463642,-0.10159892342657913
5932.048802478037,1.3405662776637672,1.408105090194596,0.08971983261164458
4873.049156266249,1.686311572483775,1.089657709765947,-0.1967865638760917
4170.85116617381,1.0126285509388993,1.3692513623077,-0.09063453925698797
3868.780461982707,0.784226956543653,1.021606752618919,0.09793677302427786
4667.615726456076,1.0632185816987227,0.946386257865276,0.018157499785744918
5445.155078347121,0.883446762398377,0.7630344487721687,0.26172743523117875
4710.715615735726,1.1814915324630575,1.1888849161840358,0.0959177282908698
5857.808451173143,0.6257089259085695,0.4882773474446445,-0.23896249960050422
3784.1770169639085,1.5420836356001093,0.8478661387322907,-0.11938667848238399
4791.537736507762,1.1640120236938782,1.025452194278147,0.0050740710565692765
3923.3245889108166,0.5289989955509589,0.5847384143412648,0.33460376912851036
5054.542317837478,0.7727427744212569,0.828997690253951,-0.1183814075705765
5420.8211730681105,1.1540202610284847,0.9835490635652003,-0.43314220059950703
4505.466744423263,1.2440860140428636,1.4943459427979466,0.11014172587279705
2977.050300361006,0.6319405931920091,0.4855586728767389,-0.18889956208599973
4939.2637027575465,1.1282564626082372,0.8506267774372803,-0.32132532989374213
5105.716986213457,0.4631650318345191,0.5928225999255265,0.004700753206459634
5083.006328473189,0.9276660336322384,0.7229165861189245,0.24321691045207577
5665.047534275508,1.2280117105258015,0.8956513267168873,-0.1434701349152547
4050.262424245666,0.8121210674742548,0.8675231021902651,0.1241434717956574
5276.151273815314,0.5732694252154966,0.5057392233644782,0.17047841576060818
5634.755258734583,0.9865536990943897,0.9628982370755461,0.1979491234166572
3554.988691195438,0.7988202833411304,0.7185751683670459,-0.1830680774046504
5023.756278143284,1.1073895915164589,0.898040918899451,-0.28027051448334633
4447.07411829463,0.7286683919454848,0.4498902211038415,-0.24618827623964878
4742.934128828848,0.7568407775867249,0.8225452923368534,0.19774366803061744
5043.373538476835,0.44474941978093907,0.39253545161470754,0.16684828866770293
4458.940005120513,0.9924861777628706,0.9605383864279738,-0.2392876501750837
4327.004344586871,0.9097737654308503,0.8321841126522871,0.5
4823.906692241617,0.6529038323149823,0.6816498939193838,-0.26909099164679134
4038.927842796038,0.9984496784417729,0.9688616085046038,0.24986602117518153
4039.9224097803703,1.2067675751610347,1.2072570832936187,0.3799163598013027
5275.561298069552,0.8961080141452625,0.7826615482041879,0.02743940149834109
3995.8441753889406,1.0170417374554934,1.2655323067231334,-0.19243096089520773
5266.418750636449,1.0183278123962909,0.6397480086750668,-0.18696950686208663
5123.813904997765,0.6489175432052599,0.6754765004889927,-0.06552255009071849
3591.9352898465822,1.4641464551768988,1.5835438111263196,0.27021769451700833
4325.704743365041,0.8322875424694289,0.9457436116341483,-0.2999689531749619
5635.876582133161,1.1140290504650676,0.8776691516371069,-0.45969150810319387
4113.184128202223,1.1423038193072623,0.9325049347062404,0.09051374764232589
4474.917016383429,0.915101218221062,0.7439216092034194,0.14540318781477007
5123.442625276328,1.1016987562649085,1.210064183783284,0.4919923616998171
5348.3733564978165,1.0114548054540973,0.8598140865962788,-0.34557974381668266
4623.922779768853,0.5955900606931485,0.6943378521376339,-0.03370165299055962
4381.742863715851,0.8669318246874779,0.9392013320433215,0.29045935803011946
5795.658903188955,0.7968622744114845,1.2288798351375314,0.03021554190068293
6017.229764658305,0.8345637396634682,0.9195131800776932,-0.04885979726538102
5485.200635547257,0.6239992055408405,0.5744770114619654,0.19747637423238534
4859.722699795517,1.2316084291865075,0.8363594048376026,-0.14984724105164954
4234.213994851351,1.350498163653353,1.2015687456948487,0.21285271048853713
4218.688915410405,1.194500743999602,1.1253310575780688,-0.31339079804756886
5165.75987368603,1.2676323060367856,0.6744036857345314,-0.3798579258207242
5092.878754622078,0.8638412907479609,0.7625074777850989,-0.06839700472808259
5781.119015062501,0.7909357912534909,0.8782170311278434,-0.6408224467241417
5255.315064775297,0.755353238297072,0.7138856686625975,0.02117490917822581
3747.8437887681275,1.1110162307393057,1.2986153253732777,-0.4331403356761778
5536.363332406043,1.0067657632860374,0.6920518524597848,0.07060513014159421
4101.357560879911,0.9306945721003935,1.071977500929613,0.046364859529236364
4531.220109633354,1.2737871360488358,1.435425661149932,-0.01699059654120432
4975.140144376186,1.0512353384538358,1.2398834019630391,0.10910216688452302
6196.967242848775,0.7403355906198538,0.5399970053760715,0.05104936715352177
6976.942989203752,0.7797727927160762,0.8711063585930366,-0.0732501508328179
5224.706141395328,1.1204983248135363,0.94879372537234,0.457751745119283
4671.7623668957285,1.2104332131636493,0.8374203705203579,0.0983276733881107
5174.153953936385,1.0879200580639923,0.9811923635068978,0.1929770218277194
5421.358798111685,1.4242221869680203,1.08679700637401,0.26826993599314813
4575.532662109966,1.3587517914328546,1.513278484511901,0.16703734476052243
6056.647949138625,1.0602589587126907,1.1554536761211749,0.5
4961.049531433981,0.7403548351296244,0.6050159527057396,0.04150172120529905
5148.420162363976,0.622503122067058,0.5852729343838727,-0.0017403364590152968
5266.146976438123,0.8531545637463213,0.8136330486145646,-0.16239302195165384
5095.110627430119,1.1383033616040392,1.09312896795288,-0.06406848413999547
5387.258350328729,1.4066617698279844,1.5783176866959325,-0.18280614226279054
4367.922769417154,1.0543617586026999,1.1873908183949131,0.16930297825038487
4409.188772237779,1.2421806985578092,1.2016801477031542,-0.2280790618296596
4029.8920369198136,0.8886731284530494,0.8624670697986805,0.018448042474531946
5107.650861434158,1.1056922813068875,0.6993405878023026,0.1398867335755938
5345.2555524584795,1.1558392073692931,1.412981525228592,0.03758097164880523
5120.44100630632,0.4551014310368679,0.4850706443328467,-0.22397871889248175
5972.144703343276,0.8466402994058724,1.147496200538317,0.17473622850149614
4796.0827868196675,1.1874250960694674,1.1923211606216226,-0.02133492713398681
5268.119158914758,1.0186170839091413,1.425944618859445,-0.7181780541116125
4035.80938670248,0.6508712379622668,0.7952507031992007,-0.24583792264584664
4529.030208267919,0.3424694060681609,0.3027958205316628,0.35028305910068325
5286.876430296044,0.8585548136744984,0.7763756447365302,0.37108046037867104
5394.371477520201,0.9321035767765302,0.913326880984053,0.13152780251629953
4594.2231366350725,0.7290192625429136,0.640874917401193,0.1960172442395826
4749.880523699353,0.9857712342569985,0.9140481804711105,-0.1945734953144662
3737.4883773234333,1.0765966868082235,0.7708060197654469,-0.06503610468476473
4550.079559435373,1.1176717926815583,1.0943294641428007,0.3088416501149093
5423.26821446385,0.3610202687669194,0.4636305001806882,0.10647881064051855
5202.643511274597,0.6214287255479699,0.5462062234284194,0.016237095971762934
5150.466004966846,0.8738443379113161,1.2460992664792385,-0.04670213572325477
4834.841581026672,1.093043282759366,1.0874062757475416,0.29361800030867685
4804.944211039723,1.0723085033875088,0.8847092410011679,0.2805080383875366
4337.775202368587,1.0679674869691689,0.7105026274359586,0.1624179376921904
5289.179894141775,0.854145514507767,0.8920744530955307,0.016568766520640328
5094.681061072572,0.8680916406725098,0.8464786980188463,-0.089189121441697
5144.413193594959,0.7679176828945647,0.9363495252315612,0.17325342992117826
4431.775610132694,1.142048532026462,1.0802210552073561,-0.2754774612436201
3292.6599560901286,0.7198778030651054,0.5852452447750104,-0.22364246189663553
5568.006898227587,1.1625090987973925,1.504941731098954,-0.36277284019623485
4464.813780794117,1.0019633095344114,1.0888321311954554,0.3088074444982814
4196.056965169815,0.9387388803862116,0.9023678757928243,-0.18016665603233623
5285.435238339795,0.7858224000558833,0.8517839454092592,0.1010019466879063
4525.59115205661,0.6111145347089684,0.7383056771656129,-0.03138938017738185
5541.955468832635,0.7880868109054886,0.5903322795379148,0.5
5231.904164703688,0.8674982828437784,0.9206625669459828,0.1104763635089591
5278.498526240334,0.3577439221046871,0.3998410856215717,-0.4655351898113359
3843.831002159626,0.9006612111663339,1.0130197127108562,0.2938589391491459
5648.360789770481,1.1810893420065014,0.9733011759666781,-0.09678774090142103
4982.875371863699,1.091804476358468,0.9430489413799191,-0.05023195048726346
4541.506002527658,0.8259485310646231,1.1435464108646816,-0.16812806575251085
4900.371927139576,0.9617340746038069,1.207885095869867,0.048903129659615574
3556.635336971176,0.8109588576445,0.28827731612421525,0.04562828441870533
5086.05696803647,0.9871901833339239,1.2187174299718562,-0.1613692944121571
4079.43994427255,1.3350269559360077,1.2415010996164062,-0.12703613012160717
3853.130799909526,1.192124700656219,0.9879356001026803,0.025321533272079175
3734.3485696474763,1.080198576423188,0.8494018077962165,-0.5856828716275155
5578.881862492948,0.8267787719040703,0.6958106663965405,-0.3603743676259255
4359.515624415048,1.1374845982362096,0.9578039018736464,0.4174980240245046
5873.60939694155,0.5282807621567367,0.46489455740605296,0.0819552360800604
4424.9389758633915,0.8869116295022773,0.6623377447012437,-0.13122724668519486
3604.8494296849376,1.0959278549559874,0.8521362892882562,-0.4240207078842088
4018.4328920359385,1.1351053035119378,1.1782773161857327,-0.01407904123661931
5665.068134004857,1.117471122553935,1.1038706175526103,0.2462980229452764
4690.871275444333,1.0237076723024237,1.1321964228484014,0.5
4416.198892456579,0.9010687552290292,0.9078266561638034,0.47301410624892437
4912.012758096951,1.0844939924566221,0.7881860292832535,-0.22173450503213382
5151.247915317282,0.7117847398534248,0.8372062119882836,-0.1239498828460726
5582.179171131723,0.7388306841766875,0.6272150855681949,-0.367874807559168
5813.949460925049,0.9654336691150741,1.0979841526795717,-0.21041376665598788
4548.16194794764,0.9932994106771869,0.7627027424465442,-0.05321079078118796
3871.7666197425733,0.49359620535883836,0.4902966291568637,-0.09178424915653596
4510.574387213706,1.0637865952373795,0.9747681103751747,0.5
4982.196354608021,1.1431820944798483,1.263114267638556,-0.32883923561905387
4125.368751652572,0.9306786906334261,0.9773809025041206,-0.01127361229697431
4129.99435957347,1.5436165708209981,1.4209060809332763,-0.5158649405741609
5040.65151708492,0.7792662234212034,1.1280407953878304,0.0827226951219334
4765.943353900684,0.8597282091532825,0.5605578530733393,-0.33542633516898746
4822.957896788111,0.8512332734681977,0.6965333938051443,0.275656577095698
4269.053265709951,0.9309530971772456,0.740161707260989,-0.0727564732538229
4638.719500055963,0.8678187967584272,0.5766177988549819,-0.3504960670707232
4153.036799012187,0.5982973638487821,0.5676180387094901,-0.5256754383894895
5423.1388877873505,0.8133629259408811,0.964271778393949,-0.24465937215241784
5524.674534306627,0.9255948260564809,0.8287872370761123,0.05984522268570954
3507.6684964333344,1.2571430205154992,1.1209216846784653,0.10537841178911551
4149.342397865313,1.5005608183432284,0.9069186077341952,-0.12460949529331837
3752.429521436945,1.2838684744626636,1.0267266454753203,0.23144926085824225
4344.983245915171,0.7561552425818483,0.7257918610211263,-0.2839357232237677
4741.5934211467475,0.7760475973434586,0.9213074562171194,-0.7317649606271422
3785.248346211029,0.9101678556226622,0.6167792572238002,0.07063841268562485
4154.69813081228,1.3961397222133964,1.1871515240677524,0.3225239531708459
4097.229839542951,0.9086439869545266,1.127548728626934,0.3248334184144358
4945.087130579261,0.6181231273656422,0.6199696515531529,-0.3249523101538337
4848.541035925376,0.8247057157617412,0.49445923872648856,-0.13617329683038956
4294.783712663922,1.1392640004548542,1.3939016618800977,0.18095500393512684
4923.774610497579,1.1224850692240216,1.25805628561547,-0.15677652698969266
4417.323940788914,0.8999458333770859,1.0789382526187494,0.026346215152123407
4609.841422771763,1.1208536683900077,0.7134809514032869,-0.17910997395257053
5971.416463208976,0.38170694936329197,0.6027799982700327,-0.2723471893653434
5738.322736253243,0.9759573087581743,0.8290458188960163,-0.22409341285168932
3890.293134150682,1.1651713553421574,1.014944841962645,0.2389312982378079
5380.812692515422,0.7417841812113661,0.6767681698478331,0.003445691157718455
5367.977588144115,0.740915365875928,0.9357034442371215,0.31797040960138945
3996.2156978731673,0.48338796180913113,0.5389293886479781,0.13010517373860497
5373.144350628402,1.3474738987026735,1.3917614394269884,0.40161630787023567
5876.552342888787,0.7699615057446083,0.8236038179547702,0.204517048239684
4014.2186356289103,1.0102608194655278,0.9890359924914625,0.18983520756167613
4157.748025290015,1.1009792603708437,0.8754937450658774,-0.030121974658920508
5512.363026790452,1.328016987285363,1.7095291170029303,0.5
4990.046717577954,0.9115255565035911,0.6567979676749736,0.02817455497363361
5186.033392667667,0.8151425515553953,0.9191682516040569,-0.49335584228147006
5038.412451480348,0.9932669121426383,1.0695351677184894,0.06700838490349172
5073.487144649701,1.2710200691355718,1.4911954050053675,-0.24557306080935756
3871.4695101822417,0.907456867149804,1.182120686225616,0.2542553804004038
5533.122394635014,0.7112827296039809,0.7405141656057768,0.18145418954523462
5618.712994699441,0.5648105479211594,0.7003390315768242,-0.04787841248316289
4639.42647915238,0.6446756538486936,0.9522757052202143,-0.2219732533607902
4769.566135130296,1.1660978743516661,1.1160652840671412,0.03660643168020099
3728.224748210994,0.8698438809232971,0.7036708252742393,-0.16030845196426372
5159.978329212485,0.7981197725198224,0.7707369986470707,0.19695099819595915
5200.440209199901,0.7710081942040143,0.6002514795047651,0.13900392856451146
4756.466288100482,0.9712614650500454,1.0495910441953344,0.5
5587.047351909352,0.890136226558604,1.1050630075521988,-0.1112786346627312
4566.145938314042,0.8817169640701868,0.8823085295792102,-0.07585640712116107
5195.2241481255205,1.2873309819526848,0.827133287910411,-0.0386939184841933
4086.234962915519,1.3345040704654083,1.5170555627359632,-0.027746383567770344
4783.513494388033,0.5474945817727508,0.39818841029154184,0.25676973449036994
4677.952019468015,1.0318981827857394,0.7083819605596497,-0.06908641126553311
4957.715545428659,0.7557844753446519,0.7708060187169409,0.4930954290358738
4541.331149816649,0.8879372215347265,0.9550866259584375,0.14556877743142543
4707.9691830298325,1.0273195962816735,1.1080868237017145,-0.12143401199700612
5378.233020009055,0.8968200207672701,0.9044427735754544,-0.18531142124516778
4494.265033933248,1.0076149701569082,1.360238905098858,0.2602180483521142
3675.3960294829244,1.1182425515079792,1.1077778843380852,0.007130037971702659
6024.7087329437945,1.0236442001350798,1.229709729654073,0.0022650134391887945
5767.017855083341,0.7882909239580941,0.9568178952003381,-0.14962005660602973
3895.416113426067,0.792700098257419,0.6156792315948383,-0.015361420230126897
5282.795463671636,0.5900736758454911,0.6334704366240406,-0.15973871270069298
4447.91766061406,0.7365199256198204,1.1154756181502097,0.3404278640564995
4984.441050731742,1.440517090474632,1.2040295285913496,0.17926503806384939
5005.956890309446,0.7519991064761888,0.6886968085590478,-0.04369220982519348
4635.914539778574,0.651655296889045,0.7341473412166986,-0.0473670207631827
4251.364034089523,1.0299819654611932,0.9279696368822158,0.02304354205980434
4316.621263378618,0.922408810177035,0.7886213325685697,-0.0013850597180332202
4158.66565916313,0.9011016907876936,0.8311355938596922,-0.2392340448272919
4217.724454238689,1.3022614916030224,1.5890415133908362,-0.4751935320962455
4752.975196965452,1.0872816688895912,1.0400206676792678,-0.19942516661025717
4298.968007622474,0.8175017670741311,0.625049991924736,-0.03212937266625763
5277.436445998834,0.8438810206020549,0.6090641048489034,-0.18445829942937272
5841.072308735149,0.8243533715235787,1.2349901607371272,0.2048345075988924
4393.96273104097,1.1686849053950643,1.0822130956985632,-0.05728828397518854
4967.583150374764,0.8729630926367156,0.9749729538616901,0.468393393757155
5149.7795772120535,0.5017116243864623,0.4870709980253097,-0.14037356455728725
5130.401589643492,0.9379200803164138,1.0110084293661965,0.03517919967538926
4853.1686875412615,0.5657434997180177,0.8190550702958419,-0.0722154390424461
5319.8776928518055,1.4960576504387255,1.200195256505905,0.10994451443370559
5137.57426687646,0.7085830215381922,0.8287486009571958,0.2664377822492609
3933.6363043708916,0.9095338086605673,0.6663368089589246,0.15207023973177408
5408.409245072491,1.0145506836752842,1.4208995712144548,-0.5076990673665146
5421.10358608672,0.8778354598301925,0.9494026462245334,0.12496540261821688
4265.699727074993,0.8774923996334518,0.8263669601589533,-0.2527195355702597
4826.556484813322,1.0554568215402191,0.981921170528081,-0.07744229460406946
5278.330294967748,1.3315539896990696,1.1291708766700357,0.17233229670933428
4653.480326294447,1.1418772704543243,1.009917993524676,-0.2799402271037599
5551.084633436209,1.3196284696433858,0.6373205379919197,0.2889870018712626
6454.7107462335525,0.6883452229766245,0.7271958316366658,-0.08834647488780818
4249.809777155512,1.0293406583138403,0.9947739592854216,0.5
3833.2687777923575,0.9888115130145698,1.0878956937121194,0.017169456448440527
5012.673016923413,1.0377728229191836,0.922327123040303,0.4263356856629425
5305.0937535883,1.294057992658893,1.039505862896756,0.2994198061333773
4638.393538308662,0.8948027125519864,0.913494600953508,-0.1527762705136244
5817.282464324724,0.848624158361478,0.5941533086443023,-0.32542268190838053
3862.975940193726,1.083495199354666,1.0968414323234508,0.028406840309386477
5285.043036122128,0.5054493181085381,0.3636219072240476,-0.14566077963054372
4375.897425468775,0.8907869877194554,1.115985622041566,0.39492969502175157
6003.564534345108,0.9164505776786367,1.0602100830625638,-0.06171479291815572
6194.760747217682,0.7199103459232686,0.6264031559185692,-0.07510098962969351
4263.340388551656,1.2142647528391444,1.322465798987925,-0.3489746151842547
4415.3100048639935,0.6844399206641789,0.754827710479939,0.10480425326994222
5401.711520885861,0.9160317379090509,0.7441132312873007,-0.29355557048670816
4529.00854514734,1.023289306330742,0.6064927937850361,0.11060922822017868
4768.212147447433,1.2883628903690296,1.302210298339073,0.14502293162450075
4817.771894379687,0.9473608912797866,0.8055314898004625,-0.18741877799359116
3456.2287906616402,1.1840383985320526,1.3953853748888885,0.2391449827544282
4790.313577734034,1.1251488493192818,1.1020092286438714,-0.06871885982280958
4317.190558155078,0.9808643890422856,0.8468914927490826,-0.36781092397605497
4454.81402432016,0.6776216479316362,0.9958425315963502,0.386321835078423
5810.54240242817,0.5913547847739127,0.7325985034577681,-0.23086764351857975
3920.4451740045206,0.9766263503547966,0.2639411435631062,0.12676763531662
5369.243630723584,0.8143257815243465,0.765935862197592,0.10644861851181105
4604.725948767734,1.1798152729203228,0.8254655254228414,0.09729616848108617
4604.167882052916,1.1364641295246443,0.9305608249854205,0.09296547898253389
5353.260327236198,0.9038472513907375,0.8956105490220836,-0.24254690914000052
5038.0359061982235,0.6605717690146826,0.7685078441436756,0.42283740037568024
5199.429098053672,1.0776838874018182,1.1171760072605608,0.23906228755015985
5477.729262373003,0.6955126384662124,0.9091292757202781,0.11876418281260001
4568.084131771674,0.7603840192672837,0.9054687611335134,-0.33324405887890723
4371.434285844574,0.7051460654462114,0.8430987049797622,-0.2445919689138584
4040.3946314095415,0.9153747445150116,0.969252875832831,0.16436415667229093
4222.212629014732,1.2425480835176403,1.495926046383849,-0.5009210279242042
6864.366097716107,0.9487397824441178,0.8981294348491531,0.08467596498509267
5671.275706515751,0.8391953268930761,0.8186784975372913,-0.33279419934640525
3854.247943654385,0.5685962674886889,0.39396114544721744,-0.2170079443774032
3874.279430279501,1.0880311461824608,1.2958080937732435,-0.352766901916899
5137.306243202944,0.7548988485178431,0.7862802939653308,0.06152660394557561
5183.085358164577,0.9793794047895241,1.560491408384231,0.27909036295857437
5184.218684722155,0.8614453460208398,0.8155439016649287,0.08700438095317121
4621.530944512411,1.1595443048998595,1.1456615041666887,0.11445826223056173
4712.1820179979695,0.910690901992862,1.0293100168361888,0.04198972403872045
5029.51566691155,0.9352684113692371,0.738978814312688,0.17067337771765975
4860.1251044053315,1.0714367868638648,1.132531631183571,0.11677140356250357
3246.4897390767255,1.4767350455657964,1.3754421582224425,-0.6787745484992954
4639.140258597365,1.1721117325896386,1.066503119898669,0.22657668441541115
4204.015496017781,0.9278484734128476,1.1627331504690697,0.20028799049022525
4922.647993235958,0.9507994976538221,0.786842375502597,-0.0905782076646017
6889.6813018223875,0.8187851349188913,0.8990427848275878,-0.4935516819331731
5057.2371658320135,0.7125010741200761,0.9843104000554098,0.06061850640860167
4580.529219679322,0.8118123032334195,0.7267644074356945,0.08166520103412461
5445.261051384076,0.7569627590720143,0.752792206104963,-0.11012087064021102
5137.881521046449,1.1133420959489713,1.600820760239726,0.046674931086672825
5094.066143316289,0.6822012855327535,0.8062984790880489,0.2679600644925926
5224.79541525097,1.283302640345011,1.0972541944373955,0.5
6239.580495380679,1.1380115959047075,1.2869801022046028,0.03672591822896652
4008.378095271859,0.955125432341917,0.8544150853047148,0.08347842033831053
5131.542453768018,0.950079652866267,0.6594401423869048,-0.2059472187963484
4151.533209012923,0.8106796725963616,1.0774819265579567,-0.12534801149414468
5188.858852439574,1.017521102836941,0.7902937308559808,-0.034010657592869864
4156.919441959734,1.2220231158021473,1.7496437532475282,0.2944295088476495
4507.843230476441,0.7742108844360465,0.7351200032121405,0.20473943900701455
4593.437060033466,0.5666519777703174,0.9056730855150665,0.4823383360019906
5483.071703541296,1.125804563714186,0.7984835792019621,-0.3725565439150523
5442.91811075969,1.03109149356095,1.2349813163827905,-0.3309337426622431
3927.997836487531,0.6699502996397051,0.798371709045415,0.27552073380898306
4838.453877699894,0.7666521572714704,0.9439606638737049,0.3622150940786221
4303.294101675579,0.7352239314874648,0.9332460713997989,0.008282030417733137
3919.046562527266,0.7688669327414377,0.7296944072426642,-1.0
4648.088064702941,0.8690793114897031,0.6598419820381647,-0.18588229047468688
4584.062048080927,0.8833631739298131,0.8963262203506764,0.08387341303734756
6498.701540441865,0.7873015862328849,0.8627112046748076,-0.22485324664443324
5103.071877752487,0.7604590451250179,0.7274647941388814,0.046281539234428924
3835.667749472034,0.8928039140201546,0.9639789429837328,0.4746388622179942
4404.65819708034,0.9919228837148902,1.059031844093326,0.35653320489875023
5514.968306800579,0.8709258659087888,0.732378264168879,0.20222306134253468
6261.9099410089475,1.2396667558353254,1.281336202563607,-0.01611231970953935
3689.811681433429,1.0770219286051965,1.0044462027830596,-0.12366701447509797
3484.0529304026686,0.552288535785326,0.5348514813693462,0.1894378288193685
6109.675622760247,1.0809319413534633,1.2318286769455737,0.006348663125056803
5072.729924159633,1.1013859956463956,0.9124385399687936,0.014926109843092554
4192.195087686543,0.8413162579689522,0.7913560623705294,-0.38780390322025676
5174.240360285705,0.5762006031742111,0.6526383071300975,-0.17863259555647315
2954.9765826881858,0.952016689852784,1.2256851837691212,0.1879651168292036
4802.3628546180125,0.9480728371294389,0.9951845459209939,-0.2752667101871468
5029.47482099016,0.6695884408667012,0.8021711523713032,0.06642677465061433
5446.989097676481,0.5871951959350161,0.6142874333976546,0.10312589871603482
4090.2728333952236,0.92811161338664,0.9272750325470195,0.11772195393850464
4859.981012982351,0.8917307019872944,0.9034844169447077,0.14006605408942227
4152.202761758289,0.8456836586694015,0.9258131962317339,0.1569315132850163
4978.768628972022,0.9291473163133596,0.8870905728435721,-0.15594827301063233
4173.257574345883,0.6743059065449202,0.925134371941701,-0.36691364091529344
4514.329412587846,0.8412948467834714,0.8058838908458881,-0.21838385309583755
4102.92922364684,1.0833312576535867,0.7020999508263577,0.18248029922622785
5255.7953692765595,0.8625074799121778,1.3757456321964068,-0.3002116484489237
5400.915781659665,0.532006882051862,0.5640600098032631,-0.26015266997112674
4635.765601029811,0.8318269305691071,1.0896922104925935,-0.26153600018941847
4826.76659647202,0.6824603841232848,0.9436194943353681,-0.4614936136858151
3785.9860097565193,1.0167840741154326,1.2049818307750693,-0.28675109153294986
4590.2263463952495,1.0297093508451063,0.9831536930699228,0.2500992283309175
4764.856768070778,0.5353063437284922,0.641350336976477,-0.17919116317889025
6634.555163720983,1.1397532426455472,0.8272981295598636,-0.43723453913858656
4021.6230819580855,0.6719534246803603,1.0171562921307475,-0.12791096372864566
5824.924067126706,1.339795572620588,1.0483827958983023,0.12763680397341684
5497.801141426065,0.9378059338748458,0.9016898337829551,-0.4576931912209157
4996.445483143096,0.6384016253652094,0.7121788039422069,0.23832757744150287
6031.0343389365935,0.6645034823268297,0.7056087971864048,-0.3602452038397697
5060.473830824804,1.0370238229468363,0.8942593365020525,-0.09887090974667145
5072.41143696755,0.8521750275254055,1.1252491635977955,-0.10206627749890426
4762.815542887718,0.9258365225954648,1.1189090670158819,-0.14036002668888165
5656.498217693039,1.3531950581742598,1.35580440431869,-0.016200424620380675
5567.528463667619,0.7751889839427312,0.7505093308024416,0.1946400884941746
4362.025898752651,0.9649907144239266,1.1787655987910335,-0.010200395325802221
3876.526963780863,1.3049611218432633,1.1223704629235627,-0.15141841502331574
4657.91355382304,1.0176283688666,1.332577973797553,0.11433717119022387
4239.973004921648,0.5483493161604984,0.6321213994541599,0.05181593215562652
4755.532797769251,1.0763472529330342,1.321492606420768,-0.16737588998170647
5666.206694278897,0.659249285554139,0.7002274997742014,0.010575355521091468
4479.888841439247,1.3017018821832411,1.2525021881098193,-0.18808562580189736
4770.023633081898,0.7442830987505055,0.9830808854506439,-0.21643468209923575
4840.615914365877,1.692377376936416,2.1917634462289772,0.20145030353747634
5393.901617543699,1.3168439970819195,1.635255361021165,0.11173970164228889
3227.1774662107764,0.7508468575930053,0.9346235680967079,0.19259490880913693
4375.309793664293,0.9550034512504025,1.0774325252996877,0.15878212528787775
4947.898584595631,1.1384110704083659,0.9968060429088917,-0.22180481476351316
5640.055269498803,1.145915118556677,1.180964281373984,0.2503204825166981
4455.668286745657,1.0605840649940492,0.8567724342233117,-0.0744017775704805
3486.413105770688,1.2630397592415274,1.296000809490225,0.23230445581680406
5233.798012176296,0.9192577633414076,1.0171448037726984,-0.03127915249282404
4355.246327822059,0.8583205828559917,0.5379011184586203,0.07829077196983064
3967.2333386367472,0.8632840030188473,0.8959314453784712,0.08580698223675438
4362.958227200743,1.1645933079930317,1.22337008167831,0.20330009632109747
4670.8322496409055,1.0412952600756615,1.0156091722100922,-0.40863653025221774
4376.678734823251,1.0228209164225641,1.09112961678804,-0.39409942817735677
3256.1037600306518,1.1488085623142954,0.8175320794848708,0.16792771627554406
5427.946337820993,0.4372368980365362,0.4358542650785778,0.08909061624834078
5692.412528895105,1.0275172059687876,1.2334856530968294,-0.1939109120471553
5256.065393937654,1.0046422222184288,1.0038268144899758,0.09107722725418535
4003.6200307026284,1.3672020203251762,1.3716002748988716,-0.35199005252597526
4658.9559262367375,0.5678530044340833,0.5663933309947718,0.5
4795.43507933938,1.3392966580941894,1.2682105604034035,0.32789284670698576
5219.156072693337,0.9688522822311664,0.5261093663981508,0.1555756693519683
5267.8383421026565,1.0722473826650112,1.23630518149745,0.018907592669371708
4286.078340855053,1.3689796969023442,1.7505030193182396,-0.15468201120132424
4857.396889489492,1.0901903170013931,0.8432855367317136,-0.32754655983646846
5120.096283230669,1.0500920723656402,0.844310903520225,-0.028455656872355968
5819.075625502736,1.0105727964505795,1.0973703398173447,-0.21494015892378115
5293.154577877306,0.8291304662514057,1.114532897281989,-0.20036046216331146
5352.339681162864,0.9428777188724017,0.9536347969490074,-0.3541891599436358
4858.678639550552,0.7711218084693128,0.6125595142231587,0.06241576298277624
5787.321401642453,0.9388582751436294,0.9111101664924651,-0.09424837645572345
5086.833957171648,0.3660173257362258,0.35532784929518363,0.1337678937064674
4197.2384628785,1.0572598918918872,0.9056888016457895,0.11427469841369702
5782.358979087634,0.9195656865540935,0.8782547124837793,0.05736615751991556
5288.53229077732,0.8659490658333089,0.7255884283693961,0.5
4489.869185210062,1.0049395209850358,0.8477540299079457,0.20592637839138606
4464.354922820529,0.5916090192586398,0.6668896716824264,-0.31514150266247454
5007.602881598534,1.4323174991553205,1.3903326737437869,0.11468411198036729
5124.2293566873095,0.9243081346281,0.6715576710667145,-0.013504685742122307
4938.104585941845,0.9135388917569526,1.0039551023203626,-0.3353826427066168
5017.91607141002,0.7086509474667694,0.7011905293593653,-0.35540822001916034
5989.970162203466,0.9559865956123152,1.103588897363311,0.11330072931989224
5550.08020656442,1.2967399725683202,1.4232380093447026,0.17438688371964123
4933.444913885517,1.2089790523580084,1.037187921085719,-0.2615642998311316
5458.917406537238,1.163609437785139,1.2675339993767232,0.2425417632986611
4077.2332675307225,1.086599737916818,0.8898087443297912,0.07122859920382082
5078.548934962766,0.8603643681093476,1.1213764963001802,0.2989647892356298
6066.514444813177,0.5874592082408245,0.5489727269719783,0.27240509958481074
4647.367873225338,0.8997403070333412,0.9837860621892076,-0.039609228850748045
4206.656249966641,0.8910321338665806,0.8776181206650575,0.4088999325255237
4343.537777984858,1.2121986099178101,0.9292034831416095,-0.2810290225301167
4037.256873860328,1.027347610614955,1.2059334528647832,0.5
4250.666664310607,1.353077881975887,1.117233134201489,-0.21969642012147372
4540.64433098698,1.2493721350095437,0.7886565065292486,-0.012000682919420094
3816.103086574951,0.8358760976239761,0.36700056809709547,-0.14179707465319072
4810.932833764722,0.5012177008450329,0.47475589161152065,-0.09419774696993485
5431.594021650653,1.2963938084853703,1.5695011008153743,0.5
4164.570673897156,1.289846305807686,1.53418515282499,-0.11568017185276948
5863.498746549238,0.6084471022744434,0.5754322843885749,0.2127770930732304
5157.554461969316,1.3273100049568751,1.1603013791955303,-0.058850727821604276
5521.40640993684,1.0455292926481294,0.9399063317822391,0.23413760739693684
4339.515812303504,0.9901713745314132,0.7275419097996452,-0.136039879592748
5398.1676589466315,1.3536958135618318,1.0323504029269657,0.06403302341479285
4035.646269723281,1.2861712933076537,1.4630315934175502,0.15717457511818558
5423.173250585556,1.112832737998801,1.1990671030479505,-0.18045286333412033
4920.287537855472,1.0683042664529958,1.1118624303901332,0.5
5187.275853989348,1.1040985726325898,0.7934012491011885,0.1702352608084494
3977.0837760626036,0.8499856415293685,0.8957551668134116,-0.05649273862934405
4173.451110406377,0.9362246375669198,0.5115391871749772,-0.17430862921267312
5218.05975277737,0.7244207113513643,0.9029088357949844,0.02293075590674547
4136.15639704306,0.8667400560652703,0.9380136409113535,-0.3039995026533674
5124.244404469386,0.8583415303327667,0.6468712605113354,0.44557381596248574
3843.003535477828,0.7911736575945838,1.0971623127429995,0.10781344310027013
5393.721948866668,0.9841866256621157,0.6326480162011612,-0.021996516852848706
3937.233679662044,0.8690047873248556,0.9885460549441386,0.26149446358917816
5186.609956375666,1.0755586800879935,1.1777002720642844,-0.18037869452149188
5237.9416535522005,0.5444198466765586,0.46238428310982876,-0.2889898966076093
4312.259727099297,0.921661301473175,0.929730130681245,-0.03253326793218441
5207.418596959309,0.9828879100443739,0.6634104209083034,0.03188591236739762
4982.3095843334895,0.8723426900407798,0.3861445578597619,0.13264655164819247
4422.8107006650835,0.9069018250476921,0.7272862822871711,-0.3690694791080567
4094.0117211466545,0.5536884973175356,0.54632494258732,-0.11407920750480799
3426.1620158291944,1.0391192761673729,1.1640430278023315,-0.7708661982921388
5044.7550331097855,1.1119014956417677,1.1032372757766815,-0.2955872927265229
3704.6380600465613,1.0733843235509417,1.078088419036761,0.1788153834251012
4866.740939608916,1.2096817648605458,0.9282356774592917,0.2402564521436837
4615.586248742426,1.0003824014456255,0.8942712215571992,-0.285501133828255
5275.399942806736,1.0696702951627342,0.8590771831842112,-0.08115113726859394
4588.568150357095,0.989022684614213,0.7483675439568956,0.006401538781998529
4569.386549557036,1.1218876798981234,0.9661924013895092,0.2695275347105276
5312.309493001807,0.5556925909669694,0.6342960364004553,0.3822737166292474
5034.540620358883,0.7266047580054973,0.6858254037605142,0.038270563805755616
5021.309170027945,1.3467249142582727,1.1867897919405308,-0.06515416389555798
5128.487312865968,0.33489104447594864,0.4747227609194943,-0.3609234021751586
3725.0995137550262,0.914955517543664,0.8380881090303177,0.027017308640265063
5329.7520759908875,1.243068739902017,0.8726147013547384,0.5
5228.728155809522,0.9266848336145588,1.0469359285578006,0.32254813748432976
4088.321809996452,0.8487472321373256,0.9236791645879671,0.0437145740647262
4629.143668428059,0.9823554192038251,1.0506616527168864,0.07584445217502758
4772.4848986606585,0.8617199549993884,0.998872803544607,-0.1721290903630141
4705.852250918787,0.9577123731892347,1.0542497293300528,-0.08928390719413065
5033.701976597974,0.7791547408699675,0.8237343471771893,0.036899793896087225
5801.956747281829,1.227168604988931,1.7413384289422282,0.03765858507961066
5557.23670937098,1.3058162302664151,0.9198099795744971,0.252687483225765
3881.4465645980154,0.9166524194720943,0.8233510007166797,0.24052073318532402
5235.448993214234,0.6033776448271891,0.7966760129002388,0.13014169505277065
5730.253323674787,0.8190392074216511,0.8767087419431369,-0.2497865445498222
5070.765964482442,0.9040028349742589,1.0622620957105129,-0.2403538302954507
5563.686297630177,1.076384719225802,1.0966652864679731,-0.2219728675711464
6208.589311990536,0.6979966942073305,0.956155660709538,0.058880072301665434
5516.596682274887,0.7577094203394623,0.6395520406468622,-0.5065802636890354
4974.51601694921,1.0776690344647017,1.3467160881046514,-0.001568768116155396
5531.561931859327,1.1847272080098894,1.4134484867551,0.3521606791135341
4901.421483167824,0.7946014887073289,0.6306023348167548,0.16670650867016001
4816.732130299469,0.616695736512251,0.7649736459006317,-0.0876819027364459
4554.010035000387,1.771029550321971,1.566123701255546,-0.17456385343744507
5894.389351182475,1.1458260592721783,0.979777529193638,0.20142882119417058
4227.099933840599,0.8832490595582421,0.5634426415345809,0.07651384151306828
5872.657407274681,1.1672578188827099,0.9029168360450877,-0.06160811314568516
5149.90488661826,0.9188858425713944,1.0669197155292072,-0.1472577197265353
3820.485677638641,1.1667892222750464,1.3154886130056165,0.019095747421818545
5057.354505093995,0.9898482994440555,0.950070865225753,-0.07575919099674712
3329.981444643863,0.9728179745418932,1.1380287122034567,0.19609489247917866
5237.855611781725,0.9216045329423028,1.1138752013190936,0.3102922739946792
5419.662038092294,0.5881546666342274,0.6742509538471259,-0.3418124569606791
4385.350831043563,1.434523724848285,1.141834323875303,-0.3064548931322099
4886.483387168908,0.7146165199330641,0.8317091552109098,0.3370140469121829
6167.910203625201,0.6099941059223513,0.7389656589008065,0.041454735665988826
4445.977307016645,0.8967850293109081,1.0400776173821786,-0.2829126591972104
4058.7646890603796,0.7096320466223733,0.8915679507089137,0.24581290166516054
5837.164381723819,0.9370718023599321,0.6907029955054059,0.08542127497220818
6173.811033371556,1.1219409621404421,0.9845985319297451,0.5
4802.586970293493,1.1988257251323058,0.7171163627778637,-0.05882541931638535
5508.024124785849,1.1536826804054203,1.2886648766186208,0.2771759992671782
5739.0331408716165,0.8735919863035799,0.8594147434733848,-0.36220860978319
4280.261037223131,0.9623979569153964,1.0533645150937372,0.34900688754089304
4460.285915242493,1.0519697627243727,0.7340203320632817,0.23604001455278864
5661.612159208315,0.5105531440144818,0.7476688507225074,0.40108685844844316
5979.509995095957,1.092646175029965,0.8170407477492716,0.27764507937718386
5194.016602122048,0.5856751781040421,0.7527913098811866,-0.024762046468919458
4184.129952548562,1.4600866497266223,1.3855715357022864,-0.29278164100921467
6190.942778189608,0.8488712288395761,0.8439152443324928,-0.15051322509100945
4428.320371531625,0.9037812057013521,0.8724229473821424,-0.4402875967995299
4565.403553179984,0.757573225190536,0.6986329700290116,-0.2302247577959275
5039.636484142735,0.7925074920360775,1.045302443143126,0.10646533730210811
5887.912294500342,1.51852339228581,1.4003330745786078,-0.011938219706296577
5397.783183586556,1.1850924221558243,0.8547345008293633,-0.055897535033055286
5090.405850253337,0.5626993887130404,0.5828015456032777,-0.19827572898687448
5124.301971082675,1.3260532251713073,1.2854508880351723,-0.4430997527145713
4830.460268050426,1.248310568785358,1.4085703542037815,0.04552077830931245
5190.697660162954,0.8796968844279278,0.7934012750372336,0.09479004811716088
3029.3079456139876,1.0266742355074594,0.911438647865321,-0.2478908900116789
4592.374778651141,0.9462639801447313,0.9612589170058217,-0.13336006754093
4968.925354441747,1.443144976111733,1.575322149182533,0.3855333635223572
3994.290141466345,0.7509274527519774,0.57751595684943,0.28987448839340846
5070.426322468092,0.9865026524439316,1.0891655620249414,-0.3711061404322377
4656.870145309715,0.8429636672517988,0.7913054188076989,-0.021159096807688977
6028.832988820843,0.5917398988455365,0.6145666677979468,0.363738920593063
5901.113807650399,1.4979095637637467,1.9347028084048912,-0.054105249326879885
4473.936101617286,0.6546083552243969,0.6845037134496388,-0.06723579710179076
4694.413601903313,1.0050322968719438,1.1555699154087795,0.27318440668576915
4748.236704074126,0.514824848404916,0.6724672666921364,0.24676731106880398
4483.838366688264,0.8502323651892266,0.6709972590399144,0.23382583634514995
4936.517488819689,1.0554922053583644,0.6587780195034567,-0.06549618729353261
4269.202551778687,0.7438165051244092,0.9187532909297524,0.16572200406876172
4008.5692655437315,1.0967004626839136,0.8433219914775598,0.37368637848880515
5235.897856730188,0.8827397270279793,0.603807296608241,-0.012468424617144244
5240.670708955267,1.2400206280996533,1.431574459329813,-0.10085240532841758
4236.978968238005,1.2904402283350558,0.976260981901597,0.30751815977240876
5426.7488015338195,0.803313809817497,0.7096104509593246,0.5
4357.895589584268,0.9691832148482392,1.3603788865424755,0.5
4977.215666626586,0.9958635566180581,0.6658413212782833,-0.09362787494373756
5374.240808828719,1.1048373238586746,0.8109075130796616,-0.068510062374223
4776.471204707401,0.9535954990610664,0.8741904890201442,-0.2572905832841374
5118.318638498794,0.9975527398357105,0.950084442709635,0.029513081103699573
4438.4992492787,0.8891483813012201,0.7475758706513953,-0.2685297328643792
4662.4733916003315,0.9788099667430046,0.7552174303604285,-0.13165836042687348
4655.898398383762,1.274485048383783,1.580805366314471,0.17528244954059752
4277.395157421833,1.1115208103029635,1.1455031800231874,0.09749435253484917
4676.258085818952,1.1253139098608422,1.227680179468802,-0.4526803262917568
3715.967190795377,1.1307675810338944,1.0730323966364252,0.3925730745685966
4456.192377000527,0.9115478055297411,0.9823459932214867,-0.27174902178793414
4600.587154641231,1.0297067608948827,1.21469710648735,-0.2402334809697509
4620.674173253234,0.6787065804160638,0.5872692732475912,-0.3097305379411123
4630.951787890454,1.2672019140792392,1.2725987695692358,-0.16532083464100225
4756.76506009791,0.25425989191419485,0.3809127317631675,-0.22420159466645692
5135.6090626602445,0.9282129019161437,1.2332305645339903,-0.2181083602972256
5412.1619518927655,1.2352239942875685,1.6454305876378073,-0.6160680129328612
4345.164341206213,0.6090330165926645,0.681928144055602,0.03248184801345347
3957.759401227599,1.0499449794042128,1.2765426202438528,0.05801629195388996
4070.568911429828,0.7798083883552432,0.38189584744933086,0.5
4458.957955163551,0.8577991837027827,1.1591273128269453,0.12158524941639007
4553.655077528444,1.1864852401598593,0.9801356972646966,-0.12414725492953638
4261.00275366178,0.9995142314712875,0.9514106162170383,-0.3001787446183553
3892.718335025074,0.44141103302890927,0.5657070728349085,-0.024069114949815465
4480.715420768069,0.7058936150671004,0.7335923268197816,0.11218072234813983
4926.99863407978,1.19383393372219,1.197545894842943,-0.1258371548297613
5216.520626084895,1.0622356795482493,1.3827384943830556,0.015254006587143019
4409.803862824175,1.387033893131071,1.1993467185641966,0.47433852351470507
4510.901524499596,1.3706618985033243,1.0071463225026833,-0.09602753175979079
4151.311183806883,0.864438717463302,1.2127891987461803,-0.47169388869812223
4777.992580737657,1.575809451267372,1.5903909417912054,0.21837169684785868
4206.0999560664295,0.9561199174629776,1.3356309561290933,0.0785803614537634
5201.18946926884,0.7093328663977436,0.8909977628696034,-0.42724800281447833
3549.893455646122,0.7915900335223556,0.6098930292764657,0.10691091931907365
4548.259229283276,0.38581872367764525,0.5270237360894108,-0.24946588728443667
5010.77513743422,1.35175475206232,1.0222276878192085,0.11033060059110153
4928.684161425753,1.348690497260966,1.272257081608442,0.47681587730107283
6685.123564786348,0.6961231402966697,0.7370926577968279,-0.04424233358580534
5044.860017197535,0.8930289279045235,0.6179298722527095,0.27081779975912157
4097.161782210593,0.9739018860281443,0.8199073478387564,-0.3071218294630943
4733.175027037649,0.7099117369644715,1.0955665293657777,-0.3798547865844202
3556.627566573484,0.5112244921822096,0.6125141159691581,0.5
4743.580175492268,0.897410599055772,0.8848437915906078,0.07695375338908425
4216.860760099469,0.8697301426351882,1.2186219715694597,0.1591674852903344
5440.773192892113,0.8528971897528062,0.8107005358024183,0.2880055757113442
4415.321807783125,1.005679015650241,0.9861735445128348,-0.1319537024494894
4718.263858943327,1.307379914631498,1.4846923496658144,0.20627908994066682
4355.109511016917,0.8742268200770684,0.8260715293619835,0.16838604057720433
6017.195946297332,0.9926107496803407,0.8456633215147957,-0.3237012051955911
4575.130063717462,1.131717630936234,0.6064004522006563,0.37824632785317164
6082.789930435441,1.0885357316281872,0.8697703357777541,0.32671512899488325
5369.906233482787,0.7963941188880395,0.6757922439015078,-0.32092930975943207
5137.446709134771,0.9740942807785089,1.0102755447900333,0.050071610365448695
5058.113203122264,1.0868849550422632,0.9384173742865861,-0.05776993422823595
5075.658108751376,0.6679121656223055,1.036569262029548,0.35457686748148437
3450.629194458073,1.265884752699127,0.9521444274329445,-0.3526530015296527
4604.78162409447,1.3078972263035278,1.5867654865529388,0.5
5391.6105798290255,0.7693049361388765,0.8463670739088311,-0.04362104234296862
4765.771971568126,0.9984175045870421,1.159884303401275,0.1846112915452977
3816.3671072374973,1.1105695641677578,1.2497804075794456,0.3468745830007008
4763.316884595772,0.8135964609178118,0.4717127250432216,-0.04899983579253608
5992.873861378844,1.0704034614220235,1.0534972101852653,-0.028735471398819632
5672.824200874304,0.9908139065730414,0.9405844938368566,-0.12570772345465697
4756.5971934437775,0.5830204555902998,0.502288993673653,-0.22136640653277947
5466.014493940661,1.0647903289946394,1.1481646467197382,0.06796478694818019
4543.4450857423635,0.674964395932241,0.9808448435616557,-0.03381667004373866
3607.289889221297,1.1848007129155118,0.5330180846437468,-0.12734354958137395
4152.873808309312,0.7821972312165277,0.7337634212646492,-0.11274098700842543
5894.022137955739,0.9096786415847137,0.6960840998841668,0.1440583634732856
4608.204842719487,1.2930697283616437,1.2459131569933508,-0.19939088233763608
4629.631214437487,1.0740954116322112,0.9898928347040409,-0.06174119209805743
4590.113262607583,0.6801315201063636,0.6456486876251353,0.22466684794727665
6132.895612701105,0.696270857300229,0.8517795185321383,0.06180636751732489
5938.171240753444,0.8001743028440687,1.110442098718018,-0.2623898165896523
6353.146163413694,1.0486610208391665,1.5916281881091376,-0.005967767186742487
4688.668352719964,1.039574953733192,0.8789457218448193,0.10925540528574229
5006.937142122966,0.7392244238342827,0.49929655610179613,0.2473180478090606
3738.3502154054463,0.6581976285964102,0.7956591589323231,-0.18884466668622515
5833.854098282793,1.0203958512714586,1.3436255377948858,-0.13963243067528366
3982.5543141124454,0.9045349835524594,1.073055433959749,-0.17378999718004912
4951.7428946338405,1.4893039718619343,1.817096775997135,-0.16138004984794713
4031.888230657009,0.9591509141407697,0.9235675424955905,0.10125117892427876
4387.793221282913,1.4035632069250688,1.1516544599497955,0.14862228247091225
4213.91629826521,0.657404100473915,0.7314397700091003,0.26272587322077084
4374.487317526928,0.5566967651095731,0.5845079019368234,-0.02279372726894219
4422.6141077957145,0.6699787168686163,0.8221150016141663,-0.35133073869486875
4416.211843552446,1.2472824453633664,1.4248176331725397,0.16736754111436578
5383.333738246215,1.3890253974233835,1.5733159126581693,0.03978591960189595
4026.596044856236,0.7544551365118415,0.8797009108611734,0.014992369829000747
4954.378998909707,0.8348584925601106,0.9081004028298294,-0.32085087207780555
5652.571406613891,0.6577547724468751,0.8288800263891019,-0.04895896590133522
4440.7625448406225,0.49709003822040315,0.34723539874370724,-0.29841369653142963
4297.456776476679,1.1296029244441574,1.1488304536561567,0.12049124711143984
4638.632762373824,1.0057550757405407,1.0151453231200582,-0.10747350717596
5625.807645852497,0.9526219956684688,1.0029075536070111,-0.12988359909113956
4935.875341667351,0.599985865709155,0.652881634778018,-0.384288870772258
4428.149993774681,1.3599891704571652,1.389333678326321,0.2567739674210106
5138.713655831628,0.8241608154876316,0.7582140193961092,-0.06464115780733887
4028.395495114504,1.083406606204119,1.3070430394134644,0.021745192584439386
5276.951657310064,0.5863596486888188,0.7142302873775912,-0.18387252267313867
5086.025115391238,0.9023687025949906,0.9488603032825647,-0.41264376499166355
4584.534070202782,1.022843614059646,0.8761865707157822,-0.13290639704431342
4212.989941086938,1.0317688045133269,1.1925299499897275,-0.09288533444317838
4179.32335440158,0.9886621358091562,1.0318759979184084,0.07319000522871068
5174.372135442137,1.073630623012193,0.8985497858066941,-0.08875810272228303
5660.286351742343,0.6673698859917596,0.7153912548276864,-0.17958721492431978
4353.884577079843,0.9993431513599149,1.125224892137199,-0.37583484928558347
5120.870692486039,0.9784394208700693,1.091121833740109,0.012113373855687084
3339.081086978552,1.0079181710487652,1.1043478386663201,-0.19914004844271682
4390.76758853996,0.9680863043297954,0.9924187738919167,0.33020163344142456
4778.258746990368,0.6316968065216506,0.8345513454670402,0.037536665334525494
4163.221608112716,0.6205500619727565,0.8516921746152919,0.1405257100082477
4144.445537647282,0.3964329535288621,0.5473625316512508,-0.06219716657229288
4332.55431047178,1.1543836274613244,0.9899189467359101,0.05032007244197787
5004.534909828461,1.1569143774337995,0.8858920221695002,-0.22267882894256333
4668.869687115538,1.1608875728055301,1.0041837240347606,-0.29455470641740145
3233.2381366725194,1.026697490615363,1.4203561137691345,0.0037827693371391296
3315.509893155454,0.41672019557047224,0.5244197364884094,0.14259791380026898
4375.1943754999775,0.6933223770536834,1.0632880032860015,-0.48645294251539434
5120.3806102374865,0.9926038543982779,0.9701813717915755,-0.12477587270101023
2876.7466100923357,0.9838795006979488,0.9359885775882102,0.46053052697209795
4450.188876693858,0.8943129467119947,0.9009714577913825,0.11980688791748871
4431.626500437806,1.0422293007270615,1.0145881098936944,0.3844115084226245
5771.8364447459135,0.9529129269213114,0.8132759628990374,-0.1585112379471462
4530.484731800995,0.9801926163878404,0.7580009794559511,-0.11447644124861
5068.09228931865,0.7902336667919959,0.9113865991920647,0.24168333008612686
4898.879998061224,1.1955027465303976,1.3969391363291623,0.1558800888445814
3308.6034641349597,0.842307097829904,1.2979859014288617,-0.023596144014921286
5337.745051642216,0.6173377292448434,0.6208854247330388,-0.3156289523171262
4950.777553819402,0.7572502467953178,0.7440916018701292,0.2892129905567276
5155.788047772213,0.8628834521595049,0.7516330103634412,0.5
7548.366394505429,1.1985006970922116,1.4161142628905128,-0.39296654707418827
3341.120942350988,0.9394330003913017,1.106296217192267,0.35090478743735964
6007.287654832776,0.9034629452585877,0.7602886326561333,-0.11707528566434283
4598.786736419751,0.6378341438093431,0.5719356494156711,-0.08336716275953743
5001.130233082106,1.146370647457394,1.327976905966819,0.06740987188458347
4768.14142828913,0.7870119614941535,0.888904831863406,-0.3013808197849993
4503.03456662137,0.924993035264666,1.082036083827815,-0.009284611236096288
4401.1169502328685,1.3200457692204661,1.028268368708415,-0.4028134069505424
5030.656114901107,1.077190832762326,0.6627279474128841,0.11902062244455118
3737.9784123298246,0.5429364880712064,0.5061239108897345,0.5
5325.405417265236,0.5076224409118819,0.6613089839546735,-0.15988287229091558
4508.663916580323,0.9339223874701884,1.3465201109773675,-0.04218583457292792
4008.9514626717496,0.6468148462812987,0.6450911954095849,-0.029869544018187102
4484.99099940293,1.1121366869082494,1.584311657041577,0.24661714849775063
5680.004451803801,0.9605657662412448,1.1290334471130292,0.10139309226295026
4425.265439088644,0.9913461922559657,0.7163949619062429,0.23008650258798213
5050.917532746734,0.7733142045894117,0.8489627420563383,-0.12655883380059316
4288.330606999169,1.3853459138216764,1.5221891947256334,0.1083922512049491
5330.545294946533,1.6606484320026147,0.7725879611729939,-0.8419514332339645
5279.855417153143,0.8803538190608213,1.019477199150754,0.16686564299725737
6094.026183307488,1.0382598121037503,1.27218857605413,-0.30444817719881573
4677.105238150549,0.9743543357660781,1.0575630108196454,-0.08189847037498138
5268.058363330535,0.8850782841397328,0.8957585209963262,0.1863127771610512
4868.647277677262,0.7419823830668008,0.760376655526937,-0.38402245815497693
5707.11024730411,0.6787580031298807,0.699519675749206,0.27235819955550633
4296.817328673888,0.666100683618619,0.5525633506088913,-0.031076202822181043
5321.5037190140965,1.0513100063872862,0.8977209123615967,0.3632788715718096
4663.711892718323,0.8200813804490912,0.7821749111590628,-0.22571103975894663
4755.068276024052,0.3054267874648674,0.3959802040752794,-0.45319693108673714
4864.226739113861,1.0612145551495806,0.931894983656496,-0.00723667883450956
4976.568277498674,0.940434679383961,0.7865648082137604,0.14676901696181055
4718.639669814629,1.2866682503502864,1.4093162822800431,0.16773423470255536
4950.299228219368,1.0432805992727523,1.1111554944554671,-0.283872033981809
5904.682640293529,0.5803316009224256,0.5772724719461584,-0.40615826752997775
5489.814779930653,0.3925808398175047,0.5212324516654261,-0.07808099347539119
5408.4082147478275,0.7701319039155157,0.7378905711032947,0.1291109976188977
4481.12233178329,0.7937231448265868,0.8417414944664874,0.11644669552658013
4177.531420240173,1.1857898002500415,1.369548055711247,0.3930315841180362
5468.710390766427,0.9477822669276066,0.8423258325267968,-0.09336380035435425
5413.2327547708555,1.233422124524627,0.905408593008386,-0.4612241095561722
5830.8694730256875,0.6187917360743413,0.661367416769269,0.29916660957105884
4377.21356182154,1.191316096095112,0.8366414424892328,0.04879882852768855
4639.315941247757,1.13024728835773,1.041706745635764,0.07054697762522771
3652.361086232196,0.44544147214220087,0.49424906226291215,0.19177259802664595
4525.270225757389,1.280654460315193,0.6182710463872816,0.31591089759216534
5497.599357405613,0.9733646229415881,1.0824938866986504,-0.005754996037550625
4473.453234540261,1.0480111259671263,1.0002932217443554,0.2941379083320173
5248.335856640577,0.7337759718928942,0.9651671033444711,0.13803406603544618
4666.647825801532,1.268811753230493,1.2619622470037828,-0.16389559782699975
5026.8399197550925,0.6535369176902825,0.8162545235410509,-0.058309618042127816
3996.616027129033,1.1580230045934865,1.392185522456862,0.15418600584962644
4859.64661474373,1.1551518689771678,1.0927405836970856,-0.17720619106097385
2706.2048203694935,0.7064581429569444,0.7571773970992849,0.2216147755341131
4669.172689286611,1.4458433998556435,0.9203907786700316,0.03954587521180169
3658.668729399402,1.0078821200543797,1.2557702918306464,0.09540455977495449
5644.196161582771,1.113473152567756,1.0580364774487425,0.3601263308875381
5344.185146935158,0.5682198011660611,0.5082535787941515,0.0891417193940495
5126.669687376257,1.4794325007521412,1.570352010078892,0.01785296347882827
5864.704359011566,0.6438607649437276,0.3965942097215361,-0.02064711577703059
4135.758435422614,1.2062216081914825,1.0620790575143202,-0.03366423994518551
6023.15423854089,0.7013070705170761,0.8896515098809598,0.07807484105090179
5452.534094982269,0.7952527992880793,0.7596541595639029,0.3408307460291037
4634.411298946738,1.1471885109713618,0.955855857076944,-0.15294406508354225
5594.934103028061,1.2068881784187893,1.0655984138324626,-0.1718642846677408
4025.594541311856,0.6321789377214744,0.41436539225388513,0.3212599737995073
4222.840086930629,1.2226180422642483,1.342502880526642,-0.14153673496463845
4373.98719373221,1.2112451237832984,1.1370473029410457,0.054023716588176
4429.7156043551895,0.7155116477887769,0.7233875193813051,-0.14794936620396643
4060.409650067823,1.3496618983977775,1.2027998161383067,-0.41987111458911475
5656.158146966727,0.5857855929379905,0.653750728890526,0.04955629832299042
4618.801919741118,0.793806854305596,0.9399710038408974,0.2787919735065127
5046.753477849816,1.0697506560229972,1.044431973779351,-0.015513712948181178
4400.754043510424,0.7366084288243484,0.5698039077913802,-0.370414640814057
3525.577689616038,1.0159547714198351,1.129313633231356,0.02726764576260384
4989.040150873995,1.0102690197008237,1.1087390859422923,-0.18898784716134803
3461.4215172061563,0.9032314325193198,0.9596965488748584,-0.6548762708114404
4751.956167740172,1.1581001346476398,1.366439532219993,-0.02022093043088509
3842.1794728170325,0.8929098018355902,0.9189179754293512,0.12942104847200814
6191.093199461566,1.0078852672034513,1.229979530406936,0.29442636953297907
5437.953905522305,1.2366179693719757,1.518754108381504,0.4392136849905352
4874.027653890036,1.14767155250646,1.2465171669292343,0.1627339193466274
5684.594674358268,1.146504322703552,0.948703687098806,0.2333918521513985
4207.578815773985,0.6627050994458049,0.7007209994366771,-0.32114136251951664
5180.435565069065,1.0811981438753304,1.328186901481905,0.4054564503865635
4939.8673036031,0.7303753022576238,0.5447900257698879,0.3168400453928877
4984.814056933569,0.6296462550554933,0.6365377027782082,-0.09177887124163081
5690.647450074737,0.9320734134287578,0.8804396835641127,0.17041503132196076
5312.744471945862,0.7239262033371026,0.6386145765798911,0.14526704586215253
5002.106563977516,1.1476544297099942,1.3113842243373617,0.36755337763759843
3641.5787946401924,1.153633864923831,1.2056173586745313,-0.03777694303997103
4127.967593304375,0.4743434408921395,0.47233970336363507,-0.1865581594250029
4714.103746482993,0.7429243651057774,0.8838957282563324,-0.12249959241533594
4865.360661993656,0.5850533320205002,0.630628815821089,0.2241989958409668
4008.857392728253,0.8343426808517773,0.7110936907695775,-0.47996760253558357
6488.173672904895,1.063793917467206,0.9009024060195945,-0.7492683598108757
5861.475838677501,0.8894279754554029,0.9899246813278737,0.22356225174199468
5221.482824274738,0.8025601898332161,0.9961531987921023,0.06870136603882486
4850.425802898621,1.2750441317032848,1.0963211825964665,0.004615834075794371
4651.453721069194,0.3737857068509278,0.5046449603530831,-0.32638665699711406
4133.657077984435,1.259217973379556,1.5828960059453667,-0.427472441148822
4854.236362963204,0.8139279267111286,0.6346020791382764,-0.15863227087454645
4980.426778099925,0.9304727474718025,1.0111293591232007,0.09042377484242038
3930.7675971628632,0.8181591655699728,0.9931563692307418,-0.1464389281918013
5033.923492071428,1.3357220263847795,1.2365982067230885,0.22502505006050558
4691.318665822676,0.6422553757986851,0.8755103438038663,-0.23851483550507296
3464.534709485826,0.9529340924304839,1.3852961583253636,-0.129836268289896
4197.730492454349,1.081859662964999,1.1381009750144324,0.17580026367109233
4510.476126604849,0.5472493080287081,0.5885313392744104,-0.09422875412114154
6121.3813601381335,0.7200254573884616,0.9191582374139003,-0.08183749008064907
5189.587187173631,0.9129553666254426,1.0863163198927013,-0.16087211341220317
3865.162901630076,0.7283337413289063,0.3850797612262581,-0.20723518520071202
5140.225402592346,0.7461020571952125,0.7906802985096176,0.0885443384740525
3716.8872077431442,0.8625343342308907,0.8183112389321395,0.12092657366115632
5557.883737720951,1.1123953329115432,1.1753468742219082,0.056787109387820674
4470.212743727485,0.8643205557804639,0.8554300729602565,-0.1540459013883603
4734.45466788258,1.2196065486182366,1.1521625531444915,-0.05037297497834317
5728.057653279533,0.7005605543351613,0.6223715404174459,0.3989836958552941
3898.985501991025,0.6370194348816368,0.7995578868531557,-0.35527084427489175
3822.0172704209062,1.4315863514302833,1.773514935319799,0.47147282010715985
4391.480471557797,0.7855104680836221,0.6846099936712966,0.024929961529386705
5526.865195713522,0.62227199823196,0.49302828134424165,-0.045031597494126004
3736.4577471662105,0.5144865145570423,0.5899744281202165,0.23834458470041928
2817.4910813226015,1.2187758634522348,1.1647773505614576,-0.516816517264592
4484.188799113701,0.8646738713349852,1.0986583994190187,0.3450798936449377
5186.218559937644,0.8865725662334003,0.6849131526986112,0.4644314572370953
5640.18322481718,0.91019957210334,0.8277005162736445,0.27199321686477484
4475.787046540221,1.2032357211674451,0.6614625756902354,-0.5255713422276792
4512.001375018798,0.9051175415060199,1.1772618087217916,0.1910419494501206
5607.730513979023,1.5360134447081566,1.480302128349922,0.4114996395046709
3491.1808102132054,0.9834401435135572,0.8952733952383731,0.3856871969339388
4528.035457371893,1.2154461917395802,0.8598016084934891,-0.35202231180659843
4933.296722947541,1.1513099644761016,0.8438598274363098,0.2540892079007515
5114.453104899524,0.9408881699354905,1.0313357276685546,0.44889260069478687
4443.135314766382,0.8032572534948841,0.6533572346410894,0.007366429661504805
4824.108708194089,1.0329909821416383,1.0476551374188041,-0.3631753056974301
3058.1708526109073,1.0775246828018181,1.495292193009385,0.2071631481812335
4339.226111366306,0.8068534879683682,0.7836893459848151,0.26346449216293755
5117.456098788127,0.9915847164876639,0.802268825358713,-0.03480204108147563
4112.394176021724,1.259051244564899,1.2942226493403468,-0.2976808639659561
4841.288955112718,1.4674869347674195,1.0259241450475596,0.24546802100904086
5112.810750561888,1.1635923300873552,1.517186427334255,-0.19220221640543952
4560.215559399565,1.4156899215950705,1.691336564201741,0.09933668163471768
4919.324639697599,0.792656447198386,0.8030986068529606,0.38954158875323647
4126.087204300771,1.1254705630148234,0.9019195300024,-0.4146995242380049
4655.372104212767,1.284629877145318,1.1178162539176648,0.2269409994923134
5227.151318712456,0.725916666757001,0.728178067588056,-0.05164550757995014
4909.881072677904,0.8286024719887477,0.9263542712603761,-0.04516332099614378
4389.428111305245,1.3844761904588125,1.5669996155650956,0.1285791086332067
4956.951483003555,0.706225286053265,0.6001531428927269,-0.1928460078535393
5300.2268534456325,0.6147174918360723,0.8145366809558663,-0.2937547842321607
3365.0411049957656,1.3319953934098778,1.413154366321831,-0.4460486930076694
5611.351845469128,1.2491908062451096,1.0734779263711778,0.3079406773548037
4564.62168292325,1.0580300609959423,0.8187856527967765,-0.09291804627724091
5097.842953268161,0.9385723113385431,0.972645264477624,0.1424851030893415
5638.0728465516595,0.8403688735987545,0.6857211454177377,-0.12125801872041377
3839.828411938674,1.0204872184522626,1.2244413993829666,-0.29044012584373896
4303.391298300718,1.3449517393503874,0.9826350692675605,0.1630781524847849
4598.015912887006,1.009641531535519,1.118091160401908,0.08199064343120555
4251.3725352129,1.4917398168117413,1.3548622839004316,-0.059224788496856494
6014.455603085766,0.7255145035899424,0.6868607788474398,0.0754740158603671
4200.259534321245,0.9450798114179326,0.9361594620315654,-0.24012113906100083
4411.117254359194,0.8567353330840211,1.0745081535407082,0.2651499436388279
4943.072322122083,0.6787146142094167,0.5585310710569705,0.32309865963361867
3958.495331746738,0.9117290667475861,0.8521797811397791,0.18982614283423016
4523.023501770615,1.0543323254151098,0.8863856923283857,-0.0929964397734175
5022.217282875123,1.0810575449880075,1.05611640312537,0.014836698670852315
4566.997716932242,1.492613044736139,1.1890515905837349,0.39220911203369074
4734.629198770036,1.0661168674308898,0.6803529660288231,0.32029155440279433
4429.46752128614,1.237534200919904,0.9356375193733479,0.4984672726271813
3739.870783573463,0.966523561574744,1.291877016497143,-0.19512971332829346
5025.115247937467,1.3695139001131489,1.3494963646249025,-0.21755307099678312
6028.453150153069,1.5496123213970172,1.4799362867836954,0.03359257189552729
4812.881141548407,1.0827712827439875,1.0054510704853206,0.10172393932407504
4957.684882073285,0.7018352461371047,0.7455567427619515,-0.03557229126489067
5284.905928581802,0.8127987443057079,0.7743735095762233,-0.09742110695885144
3911.4686524173108,1.0204835758012905,1.1234627048124257,0.31684879570728236
5991.760260690724,1.0641245088126614,1.0721683963961133,-0.022683022636784966
4941.630157495962,1.1246062835960928,0.8411730392341109,-0.303802854479581
5942.299829362376,1.0650494203075103,1.1050784230194455,-0.2749222717338812
4286.876903133208,0.9517462290639847,0.488535018206524,0.061766081283375386
6072.643345790477,0.7909503896994678,0.8975452396445501,0.5
5342.6088458243485,1.0502845653160573,0.7468748357079384,-0.24398593593629467
5187.128060096651,1.4137468393701642,1.2938171285391118,-0.07871851716826495
4963.817118047204,1.2049821513569388,0.8835103683219192,0.5
4626.029967347886,1.0836759874090496,1.0670007161960018,-0.1210701824596173
5640.372160931711,1.2073917309556879,1.29720539998876,0.1138652103178513
4898.251908893633,0.8572339927747868,1.149771949171743,0.46897768064780776
3423.0512074889934,0.8229337134791699,0.5918716438126542,-0.23786967022595557
4017.9694768050986,0.7630537239085045,0.9626011446422558,-0.07731505550539021
4669.907973465077,0.9186783443076405,0.9589052988619584,-0.12109148340863513
5016.999288215889,0.8444985258227299,0.7947981086979663,-0.3794738407417979
4760.388057770073,1.2520686851630347,1.3789362310781077,0.3923414864221566
5653.279552855564,0.8311691455794528,0.821788632631796,-0.1463510846174664
3434.228695172963,0.7493195709437709,0.9077623111116582,-0.21906141895547301
4900.511555553612,1.4356442947076578,1.0704489531263253,-0.11110847201760544
3527.4145422289916,0.8371561922296641,0.7576326424350903,0.23220785128852642
5331.798606838918,0.9883821143125877,1.1776587841430974,0.02822338425197021
4733.878899890598,1.0628307061858528,1.3618775865603558,-0.19791657635759094
5093.726980416883,0.6658267202697962,0.7171919959734572,0.10228746122876313
4195.281927587163,1.2588709423757671,0.5320343496560166,0.20314867443714313
5695.625452160426,1.1092797601028068,1.0432541348872841,-0.005941146975689242
5529.207264841196,1.3395960029701954,1.2717052896270626,-0.05869023221641489
5208.481012108321,0.7801945156954748,0.7817323922928195,0.25396898459555495
4709.337927195592,0.97478144811904,1.0456808994422941,-0.04479631162836037
5205.900099706592,0.9598389387485488,0.8754350357917424,0.40204787657250585
4305.1752024088555,1.0159721235875054,1.18267195704406,-0.18940871802257797
5398.888961314498,0.5863463128557097,0.5001780854738961,-0.195228366440198
5954.636626026744,0.9777090946730556,1.2250757093209832,-0.22594919502108646
5549.42739198543,0.5933840221440636,0.8628696634324112,-0.059711614172495694
4289.278271134814,1.0395835177992303,0.8431712575436727,0.0006260153415796401
5052.992122091172,0.41783771887037,0.40660901504077707,-0.3314089773932035
3894.800919368947,0.4871032914273533,0.6086672373911173,0.0241893169785464
5200.673217822973,1.1546371791099996,0.8555159798598985,0.14133854682148894
5115.422389003777,0.8132903862013043,0.7641037485577582,-0.36637288869825735
3491.1285623274853,0.7030354815919397,0.9207071109610777,-0.1302928565952214
3986.7513092613453,1.267711405268887,1.387321425982307,0.14187143214224504
4601.802772279363,1.0319065543321038,1.4315612400723723,-0.27235481646898013
4589.398177001422,1.168022548883446,1.1709743605751723,-0.07899463047836572
3953.3661452068363,0.9084394819197923,0.8129211198375742,0.27204589223344927
5072.285110546529,1.6199071734750006,1.486005456601439,0.44879569078150455
4976.031526258358,0.7988715348600512,0.8104021891150399,0.1099788028122818
4664.011607615036,1.386123887339972,1.2630352006923415,-0.04231332145690343
4270.945949889146,0.9346584899750218,0.9428657566088705,-0.12534950515893187
5534.094988491594,0.5363724012718134,0.4943209123569263,0.2276885246928869
5958.784979161806,1.070712186437027,1.1157952104493594,0.28335159977891744
4461.506961307424,1.028690640363791,0.7347066214509198,-0.28910894927941205
4371.483157991625,0.6871695464401926,0.6345221325245,0.22760670398598315
5143.845365788397,0.7194451807163212,0.7501493834154006,-0.15176157543155527
4549.37943417711,0.9438255892287519,0.5233168898834752,-0.21488894348806073
4702.421959535736,1.0374369538119954,1.188226594472126,-0.038411050887607025
5317.75720620727,0.33233417928014974,0.2441447379190934,0.24790331064059118
3463.450738744895,1.2132803631309508,1.3235806440208453,0.07735133120991804
5722.811627396868,0.8263755065462556,0.6365270626741929,0.07058291619770415
4850.876367030539,0.6170631289004559,0.6245782749015173,0.08811041349992024
4511.954798806474,1.1852666378629826,1.2646009932417641,0.11691450467259029
4737.536092044986,0.9440955051453859,1.3748743186534604,-0.028537804381616242
4773.700548514363,1.2540414441955634,1.226445939021488,0.15797219134799648
3588.159087588552,1.0594880657449388,0.6320274597469377,-0.1649205489937589
5846.456759217265,0.9496213742629884,1.1425020102097068,0.16275191273638218
4828.927942589433,0.9118175137549609,0.8857272743353101,0.2142463369584972
5110.101491313163,1.0706781901390343,1.0709202331630152,0.17478414864174477
5466.08483940183,0.8466171852976674,0.9729432271801796,0.1877572079235246
4085.1862797077897,0.7368568528133751,0.43465064592655833,0.11621641005753623
5131.43032932466,1.102477280663661,1.0825878068724568,0.2933607288356535
4612.651236370844,0.9138780396388926,0.8542445893885414,-0.5679034459946655
5392.739542651546,0.9583919120172515,1.2027711176103337,0.2134364893912904
3310.940805753953,1.222344959038652,1.3449955094211357,0.49386438178946895
4730.633989831112,0.9215308480660647,0.6319082005936526,-0.15547386873971458
4378.0255409512265,0.9537584813854476,1.2059719109617186,-0.18343246459062593
5102.584065443909,0.800087622137267,0.9117981218284836,0.32157975324345084
5129.030931157741,1.0576849834954627,0.7222395341685643,-0.23168483486982056
4304.661873624582,1.037456978170022,1.0413385107317008,-0.16668107814386313
4301.478295076769,1.1751937829476393,1.3733535195356217,0.04248712992444912
4722.53424200987,0.8052177907482809,0.6367020703128254,-0.1997378025382652
4172.350440879354,0.8355457576024535,1.104744683162096,0.21875612549838977
5389.388586816489,1.1480343497863672,0.7789186125831319,-0.1977005305642949
4541.554959686788,1.0130532508407157,0.8505332569892774,0.09015833692667015
2765.108246474851,0.7234454684518263,0.6262871059344771,0.0711206157491265
4537.624560364736,1.2766385169336252,1.5505874125334318,0.41597201810211754
4073.019325409219,0.5253873578999373,0.5388803796529403,0.2913254665739321
3658.1069291773383,1.146071188315938,0.8558778417677372,-0.13238188536341344
3933.801353244199,0.6336969910004508,0.7560491250697345,-0.3161231016180614
4876.585930283079,1.4214471291213817,1.5001048111270634,0.209492210494359
5730.048579773762,0.5638500682735941,0.7167293683052047,-0.16334770868833165
5019.229131705486,1.238062662968187,1.1219209609004535,-0.08391918447593782
4375.447628248982,0.9295914099971889,0.9912835712972964,-0.264956922515909
5119.132936619492,0.8583493575403139,0.7698874678928022,0.16975298269670824
4478.6367828467055,0.9963491641169403,1.3310599331752788,-0.161623279109377
4313.779741585799,1.1079750847894532,1.333889026761715,-0.008760422075697145
3991.9461322369107,0.7238998744172825,0.9394799823731204,-0.0048757664731164515
3573.719835273797,0.7460530687078569,0.9167120778238106,0.04589015497847771
4527.053405408388,1.1124012162782213,1.2021461069917145,0.16540962542991194
4910.637442944092,0.5231642615876,0.44732597722884887,-0.060705092973555266
4732.363430989577,0.8039427267019786,0.9461784653584097,-0.1853568954716356
4508.823150436849,1.7101717385398603,1.5712490314582939,-0.4648861584388616
4137.977757512253,0.7079967588526798,0.9503042443420773,0.025657407341917512
5225.772334179478,1.236950697939938,1.3768768004734135,-0.03924976015450714
3878.0076560373905,0.8035123078215469,0.9318516462846731,-0.17761820753024807
5343.219539690433,1.0772612861992859,0.703836714203085,0.01563811553813399
4098.448086751293,1.1135889226490543,1.0704830721894552,0.21399566815372145
4273.295333852875,1.2322391837957367,1.0499656598956995,0.2779720212367948
3773.250366569026,0.8999365432968061,0.9655048965667731,-0.38378435460609783
4449.0184971800545,1.4472211596887132,1.2323819330236407,-0.09021532525383372
5482.718720934585,0.8026658588537049,0.7924515189857724,0.2402563030996068
5160.939661910769,1.0085551033998899,1.0992728259492601,0.39901025863075595
5484.895478419625,1.0113192330544019,0.9218358062229379,-0.20431591328960436
5165.499782153755,0.6695079700126461,0.7430867819355343,0.34458073230814434
4027.4311200287416,0.8785319362552197,0.6276082887626439,-0.3375240705586547
4568.44754297071,0.9903783748096018,0.8270976563221701,0.28707114077998624
4253.860609617776,0.8419697392176451,0.9857798307630531,-0.07043908305133542
5731.402432827328,1.5602309913641337,1.076218204795886,0.3907058164109376
3962.247947501582,0.7403440816001172,0.982109125666508,-0.11600780406382348
5425.588382572378,1.244856117035107,1.4237035607588486,-0.07747268169008471
5425.067709076138,1.1641149532871966,1.0686864977216761,-0.03334815730096201
6080.734141201261,0.9465344663739321,1.530947866789727,-0.38426253868072335
4513.219385159352,0.7336977365369383,0.9746401080579156,-0.440618167689665
5298.625511706114,0.7579361699020575,0.6490353911637619,0.12753854826017794
6397.15628557719,0.8205081751958725,0.9810137679422096,0.24711558683833929
4367.650826146412,0.5035646795134342,0.5852314415707358,0.1518943757102758
3725.4718267273483,0.6991336435501774,0.6343498566435666,-0.31349390354463075
3483.992976264565,0.5793808711590893,0.5079300512280918,0.1200471862680105
5298.898420202932,1.286468750794429,1.4666647323783304,-0.24755099342592607
3481.7948543589914,1.1046155980970547,0.9533543476433788,0.10191317705591622
4539.376662943454,1.146493524716365,1.09284111218892,0.28282478630060937
5106.119230927273,1.0972079878854868,0.8786423030133967,0.09186671333375464
4929.6228757809395,0.9917419058335407,0.844745819857838,0.36713347556048304
5097.811404928921,1.3151700830322843,1.2134398513780245,-0.03749686783818626
4955.602899060598,0.7973093360670657,0.8990291129663374,-0.05416233032609128
5695.206069319375,0.9766674138417611,0.4733037911372988,0.016837824445195177
4133.378533482843,1.1367647069560307,1.1117409924224346,-0.3356602709496854
4326.103403079028,0.6196976920359677,0.5801750251216187,-0.1007377689042794
4259.138388310424,1.7241472240356372,1.979838402947668,-0.07878329243501622
5381.134268303827,0.9571414406943964,1.5338466055718305,-0.07099998582172021
5430.279011876544,0.9854973626438981,0.917360053703244,0.06707279179085311
5115.857723522956,1.2642195079187304,0.790799985024357,-0.3700822799558227
5628.445566822949,1.178738833252556,1.1672638717540196,-0.28640349596512515
3975.3713928365332,0.9595195048491147,0.9277324893851894,0.28301739915961777
5967.056878085796,0.9825323595245105,1.3747521688093023,-0.5018120560159524
5866.267035198581,0.5739628672630053,0.8551469214481229,0.15409276721821097
5314.9353980720225,0.8108835555375059,0.991956372523872,-0.09338992019942083
6047.259236139742,1.07930255403974,0.938228437371853,0.04003062041586295
3640.3637546255586,1.0609732097607216,1.190614214079031,0.38952469633348485
4432.886304616144,1.2552914375010218,1.263061649766968,-0.032795696466330716
4285.287577522633,0.9198747354441688,0.9805142044223798,0.15634700137644228
5305.03552663014,0.6031783716422834,0.4593761757033992,0.014641741920478879
4064.901482278498,1.2141826076939195,1.4159844079292065,-0.027344042438326183
5330.24660453624,1.309022336545504,1.2671330931195535,-0.05829382446009068
5759.375300797699,1.1745611432140572,1.1144279684808855,0.17526458712655668
5286.6420300588,0.9090915822856271,0.8153673830010199,-0.18290046653033523
4998.62571656305,1.2110965129691447,0.9805773645385639,-0.2830057971378158
4108.488661369475,1.8072276195020534,1.7073716292442211,0.018618743357771878
4207.204323712245,0.9787880786101189,0.639110795014603,0.04819600089712381
5674.733233707667,0.6220658269387188,0.792027090000639,-0.45603954134974
5345.544302733732,0.803428737611962,0.6624198859363598,-0.0026218571526659333
4772.68633643572,1.1063690000760127,0.6378112411013298,-0.30671923030362774
4507.463317963877,0.5487989222754843,0.8442394579204852,0.1567107768619551
3381.934488822036,0.9923507687280173,0.8233095086635572,-0.45092121397415824
4050.4033069208926,1.0450841625789706,0.88628955460522,0.48126895746577225
6137.993360997806,1.333780434953163,1.5448252315195188,-0.08454960415895685
3903.681100298273,1.277548714013575,1.6676441089806107,-0.2162404871218281
4932.635874854756,1.1661461979379428,0.784126335286874,-0.07074311509204831
5505.210781236639,0.4093302473713676,0.3958058093478434,0.13906771465847287
3921.5541323983953,1.1802632820119812,0.9402164794489167,0.22261752230873424
4929.297332346759,1.1263783465150616,1.3055203316988746,-0.06857782750620922
5456.540876257459,1.0139860942695866,1.3426626464171922,-0.3596726037030476
4808.749525335075,0.5174444684636286,0.4627847928489819,-0.3030742834055452
6807.882138966737,0.7558065227032349,1.0255053347566365,0.0715969246851863
3631.9805187852635,0.6582943076164833,0.6142160171034596,0.246831782377613
5541.109970918716,0.4462478901232273,0.5596503247174303,0.2793688128960296
4679.038783822475,0.9492712121463013,0.7152893923596995,0.04202314385269543
5340.344108385672,0.7505444696393051,0.7754952290849182,0.24182489154535575
5108.9150061894725,1.606326395067228,1.4285881944698713,0.47808730439800023
4286.790662023002,0.9078070151405225,0.8672009468592614,0.297586928184073
4960.2974747215385,1.27343828896649,1.3067595600938755,0.23050947535109287
3499.468984021199,0.5577252438266938,0.5005669714552027,-0.20163929577307102
5222.273250399976,0.8174776034987825,0.7006727814529667,0.24065490510700077
5008.710926193368,0.9742244690085786,1.065089772857137,0.11530811947218679
5247.062118050171,0.7229615128480824,0.9784773911496127,0.16266140709178464
5540.682827561005,0.8444498287988139,0.8695067840649061,0.31527656973612794
5057.333888146798,0.8955122734391153,1.0077195321580237,0.08963946209204769
4903.662593858793,0.8915230036387763,1.0505427592514784,-0.025636582665365785
4183.252164337096,1.4137796432588365,1.5383018455258097,-0.26746645191523
4301.445465445664,1.0445565713578775,0.8380162866562594,-0.07412907941133122
5630.7142341241315,1.0698776407353259,0.891491720394629,0.05321306679067103
5805.434783994185,1.0849136935862675,0.9200594746679992,0.06940483504563212
4633.322694581562,1.103156594334278,1.4989506547402325,0.06096907466758097
4832.201923077292,0.9292782540312836,1.0388569733602921,0.239877464940261
4166.769937504364,0.8698134071302884,0.9772983654863177,0.2163411750542803
5620.929791687211,0.9917040148795693,1.0661183078653154,-0.015522060364149302
5265.791776584245,1.2392009872283682,0.8735697190264695,-0.211815526863987
6158.852205524625,1.2315595471090959,1.639232462453471,0.09583948419439295
4185.173845974183,0.8899003810778972,0.9982039284840475,0.5
4535.394470687248,1.1419609236670278,1.2728783103659835,0.08031069381976097
4962.012145767901,0.901353834240083,0.5953200932126393,-0.07398098809330492
5252.542676408039,0.958467637358811,1.117359783648149,0.1339590381167902
4649.0326537166575,0.8316191546114506,0.8013863218622694,0.1489340646903183
4188.92723668241,0.9045887152734415,0.6787505435294201,0.14616265010144397
5416.9852702465,1.28533251738742,0.9892217056114038,0.3432200487614252
5304.794753781907,0.973105286834809,0.7309047232901668,0.09652323923836761
4158.608129605393,0.9838206271380794,0.7340021420999099,0.3313530588525871
5748.809960773847,0.5881955551855104,0.6619800776224378,0.05755852843437758
5619.139096437622,0.8726890230918175,0.827415005633674,0.37812456687721835
4894.007548073455,0.8896712740638177,0.971566001687586,0.301683798934901
4855.718503663225,0.7427141286391487,1.0524515267461751,0.23044985288822514
5187.840439781135,0.9554163529258909,0.9391984096932696,0.1972964339407251
4196.807850820619,0.8427044274430864,0.4805175682395192,0.5
4821.022035414858,0.9699989638108955,0.9286996116251074,0.26915439716660805
3293.331518773574,0.9803757524547335,1.2191939092336654,-0.21232925115612802
5413.518951852055,0.7110614105443389,0.7481629286171674,0.0614751378670802
3706.9547442906987,0.8503245543792026,1.1470079662116854,-0.06617919205681545
5852.393879900299,0.9693435706902084,1.0637584646468874,0.5
4568.915934223485,1.2460748577891814,0.7540325933551189,0.31285938989886436
4651.833112648176,1.0141797931989351,1.0334925558883212,0.5
4360.586265740846,0.784516205020643,0.8724521350480865,-0.1899986320586956
4598.372788254546,1.049751189810963,1.264235815199463,0.2754186696374907
5792.971941603626,1.37688722233044,1.7616106307831658,-0.3411322457590081
3058.5339404254446,1.1791766181472547,1.348072942960909,-0.3980330835344956
5693.875770261731,1.086881632608905,1.1630891309782065,-0.0992390331185235
5036.616436771195,1.1313975438705803,1.2530805035782124,0.37809378437392627
3955.084846499949,1.3099885103571576,1.1994172726711962,-0.248153760238478
4047.2813248655334,1.218906698504415,0.8288127552255001,-0.00420296170581084
5973.475119045742,1.0916900952794144,1.0816055973041157,0.29721071705147156
4138.145184040088,1.217160554897521,1.255745177047401,0.21160329028982577
3992.6546425828283,0.6795872259339848,0.5574315346365819,0.5
5596.1201796553105,0.5744336869149297,0.8120705830535284,0.0008429980524652114
5036.98701340014,0.9892746626609575,1.1907654928416014,-0.11040738615766689
4143.452096424521,0.9671701774126346,0.7065260034121165,-0.2736202702697443
4951.637482783233,0.8140224866216855,1.079926777719916,-0.09199998502935003
4081.973121451806,1.1564631674569275,1.0540576005654945,-0.2758997397964761
5570.574978895824,0.48428410338719097,0.4726915381525362,-0.4491113199774036
5542.9596754111935,0.816306935985549,1.033629193145374,0.490848145335522
5172.40433917536,0.8287611137805962,0.8516990578410002,0.012226699818848124
5053.162742872912,0.540924553725135,0.8439897316175444,0.5
6032.831687407162,1.323682751817326,1.0380132168468803,-0.20982210916812094
4799.7804291717575,0.6101996828341691,0.4402862632684593,-0.10720215217600246
3972.688112205439,0.8029149856730785,0.7918944814361276,-0.19384225293927626
5114.6317389826145,1.1769949394512835,1.3190762878628708,-0.1601890162481911
6260.23293467598,1.1115113358571829,0.8864623119953574,0.21840093605236088
4089.6683547699035,0.6729563258788134,0.5346550641624099,0.14158099156609363
4546.97606331421,1.1206223023151591,1.1455393630684616,0.21885235635444047
5091.512226671017,1.0224461196645553,0.7199345436986037,0.33556789803798515
4762.266605695982,1.5332588905278668,1.4939853132925138,0.27683876104187083
4112.38749373588,1.0509851040170761,0.9696948541742098,-0.25212243611049673
5585.3004993613295,0.914689544732867,1.0232329022620001,-0.13095464091725667
6424.028505412081,0.7358745107201443,0.5658769268218786,0.030370702517909385
4937.292021316735,0.7639391582611071,1.0155257027652247,0.5
4167.1521971848,0.7435577261329605,0.7600729649066843,0.1931000355328438
3715.7276324625673,1.2927747034779804,1.4155860609731463,0.026672202101697403
4980.583186854827,0.9544924787541176,1.1483788591888069,0.16831868043643783
5572.71414032138,1.0913117809936825,0.8241555134639392,-0.1507785136027137
5132.617422546768,1.3285618999952218,1.4766564390663863,0.06560637775057619
4798.317311356803,0.3603839644481337,0.31601689133735966,0.23866554620251815
4387.509843747485,1.2697184411750937,0.878791975497618,-0.007248921135335283
4035.485457097337,0.9638492279458335,1.3523714492330166,-0.18913831351179694
5384.325928427417,1.0587620929101111,1.2795039445156706,-0.019468513169923016
5439.64013496991,0.7428991945629372,1.115368418526905,-0.07989415214904586
3717.989149316487,0.7612189003878703,0.7443866236861505,-0.3392818549177243
5912.887284726479,1.072211472453247,1.079024478612033,-0.142888040048152
5201.849854625801,1.5461494500828672,1.5665653287445092,-0.3482031965826111
5779.716251602055,1.2008283282037253,1.1548462069276813,-0.30919872262400616
3860.510576060419,1.266380730354635,1.027696859475081,-0.28523612196661746
3843.9230912091925,0.901999682434645,0.7557766889276587,0.23836282455646549
4695.721483162893,0.7999489438535929,0.8722467554691193,0.3722912658398752
5151.949098826636,0.7547987621052517,0.6281080535390003,-0.3840199192595567
6057.452576048874,0.827931568825828,0.6715243563641308,0.39504591656862237
5294.255239670592,0.4368043917073686,0.5560784617228817,-0.28164854324013655
4630.1231062315765,0.7687701642770994,0.7948626935926062,0.18672002349308953
4081.5415546338754,0.8099117109850391,1.0031416814219336,0.06463964269157635
5661.0004009034055,0.9061604564012897,0.8456557158054286,0.15896288617821336
4124.7062019745,0.9829375274368228,0.8716649336166807,-0.29143576320274056
5939.927988340625,1.0406127171564026,1.119812263018629,-0.4530893206680265
4600.930745275444,0.94626865688926,0.8013932006641616,-0.20072710253314283
5913.407450832496,0.8046392284143107,0.7297733517591072,0.10671716249016429
5275.251903041495,0.4591603391836198,0.47014175797161417,0.48922604387146507
4704.103157390279,0.8061728478995516,0.8063712790348954,-0.25743089942151987
4436.4225397217115,0.7068873405782486,1.026254568352954,-0.024709371662077585
4561.3644858577445,1.066516687069651,0.7629529679353712,-0.1872697996274047
5099.8216846626665,1.1773218491734234,1.4347522354915796,-0.004306545694086015
4854.009547352402,1.1846427667649848,1.3141481410166764,-0.4826963402574155
4384.332014351907,1.139238184031955,1.4577640616999705,0.37451083384747536
4684.0580127776575,0.9166185661368779,1.5178486705385157,0.006009019571576455
4855.003920803405,0.8195111086310258,1.096940252229896,0.22929141599652125
3309.8861339096316,0.7632243115832333,0.9547485130085019,-0.058050505842276945
5120.717680352089,0.5731252708495623,0.4724567965560612,0.04765701903173582
4114.195142698235,1.1979634251269644,0.8813333861938554,0.28221812316168665
3992.6673177559787,0.9063222405175063,0.9909147766503025,0.03292920577355614
3618.858957022503,0.6384149265947815,0.46118956811737327,0.041926581028863805
3544.275251492477,0.7433771560724413,0.8858926488239256,-0.1984852606563747
3851.1867478213976,0.733256635891862,0.44706561012593915,-0.13360589041977494
4303.685329658657,0.9607561212537816,1.1916626454226142,-0.25320390946023386
6167.281396268598,1.2168669627676714,1.09474385202489,-0.18450439711991629
4431.884226873357,0.8630026126011041,0.9113157129570637,0.3128072776160418
4924.425074387622,0.38686662130408767,0.3977720214426321,0.4521523275017846
5080.33697055443,0.9027049162102699,0.5715243378121845,-0.31181872115734777
4891.745630351094,0.910951524975701,1.1572879778806144,0.09879294625919383
4745.789577491804,0.8937699422661195,1.1582579567102913,-0.07942284755011102
3963.2943654805285,0.7931347083810745,0.772363138056385,0.34924214167894074
5815.649283795448,1.0043597701814606,1.1363337478975,0.03371505454447986
6065.037650546519,0.9665352787872504,0.8970591973446699,-0.0018689261852170946
3622.13891411412,0.9437924214683382,1.0098639263432694,-0.1861923280399339
4083.179986379534,1.0531603403607415,1.2005580612829048,-0.38294500977310364
4604.132760336096,0.8425417942130365,0.9687101738768293,0.19023462068737196
4124.823543562866,0.8283535825748366,1.0908330095015881,0.08824464368786096
5154.1758874191055,1.2950308223963498,1.3573913705230782,0.09436103513010738
4290.209458315371,1.089838852428859,1.077264634115427,-0.1498317756646495
6315.539247464621,1.1567365152356999,0.9524409121306617,-0.036442111377509454
5633.384016040517,1.2565261463335171,1.0855485162059444,0.1977677465283959
4948.80182144255,1.0814860451562,1.2371623813924737,0.24552815743277806
5518.890384323812,1.1820971697840428,0.7998229855437108,-0.29461790397963256
5574.1302970501165,0.5551637094824349,0.76262308045599,-0.15833701762534935
4405.2367583592295,1.0010384679990068,0.9445552344058618,-0.3474708555180357
4228.647928820625,0.904320384546418,0.7716297327793744,0.05031610314834132
4854.7001440787535,1.3694210227249524,1.0033818584787335,0.2210845780258071
5403.145287148561,1.181911382950825,1.297225297082623,-0.06967887926235473
4897.342279057392,0.792388702301705,0.8277077515244311,-0.1657141577499286
3696.102462466302,1.0431985396323014,1.3630996448875419,-0.08382546345132283
4238.02288923441,0.9919203333623099,0.7425500575414805,0.5
4748.218995483935,1.063582858288057,0.9290727605394323,0.29798202498088705
4747.034076971919,0.695289382656337,0.7339178621417007,0.18274929318241523
6180.779523752866,1.0400041163095564,0.8767124942947119,0.08001697389566803
3829.8084403207013,0.8929621626779414,0.914529209421918,-0.00318536615476212
5153.912469285112,1.0206124410139001,1.0814079496507485,-0.22665804102384482
5842.379175829803,0.7689037087194575,0.8889213824063077,-0.26542260607700796
6390.014821795958,0.8037342071508501,1.0925596892387497,-0.14197766912830284
4516.921803771227,1.2434605050916756,0.880094976429757,-0.23844496995050843
5144.00061690414,0.6871131104149597,0.7906998431698439,-0.15195324050496134
5198.832250039053,0.7055613997394878,0.658646241834613,-0.025473906529894393
4936.837212087304,0.9371046856961055,1.0310064516492456,-0.0063253971407395545
4730.808359132486,0.7570274062035113,0.8694120256570075,-0.1550953188461186
5105.182772650032,0.7287428419343003,0.6231137307706816,0.12380238866005124
3027.42774034622,0.9762689928020737,0.8041690779637121,-0.04725159303709586
5277.448643043842,0.5737335357740738,0.706771891393152,0.053674657794545014
4888.324532563377,0.6980094412715905,0.7535588669268733,-0.18614759623339358
4644.267572255214,1.4635238957309107,1.296618170484858,0.17321813862750188
6232.8035370036905,1.0648687647422523,1.1899502333143224,-0.13371152506289602
4327.546186846614,0.7633591619325222,0.9236299023045944,0.40213855918466407
4517.846807654479,1.0545537695665492,0.9328857032236962,-0.056247838522791825
6194.087311543313,1.0918326192466574,0.8899959530715752,-0.02367101537363098
4217.5570866051,1.1986036050225595,0.8642097661827854,0.1483971215855568
4414.919301944423,0.9182109926358173,0.9402646315462002,0.20296254836374658
4697.082203598405,1.1941244256932222,0.8244591479038448,0.22989842004783276
5388.514137490684,0.44038836877945675,0.5292004089086074,0.44389700825349254
4945.461755147319,0.6859229673810616,0.9196439916005008,0.16547138085100846
3895.162256993416,0.9909678504341138,0.9225870394945731,-0.01674662221117884
4427.482005810967,1.0324083832019477,0.9158313902597172,-0.13241147885045432
4374.851896751452,0.7220544280828395,1.0785747498286453,-0.03345707079991957
4745.9452683438685,1.0148549978157897,1.3173897722777894,0.37100412260722093
5098.09056104088,0.7940399378281848,0.7043662260775878,-0.34674157575559217
5092.744029121581,0.8807602264432085,0.9285298778064514,-0.20475202911477353
3556.791772166119,1.2061934501662526,1.2381779501351915,-0.054746685883390496
5544.758691292599,1.1772343742221498,1.185848725780791,-0.20807886738668493
4976.798192197636,0.7007349181591843,1.0254584138060092,-0.10219299621053708
5769.172433315734,0.6856871344949741,0.7523365483583835,0.45155863458662776
5110.93882910347,0.8472066511116709,0.9173256392354181,-0.07452325990748986
5570.926070415034,0.9433134247067687,1.085837811072081,0.1029121412907362
5126.581718015089,0.7855253778563147,1.020570916846608,-0.41454921249893384
5742.358029341924,1.210160610699917,1.3831334387319052,-0.27560931732961585
5165.575445212445,1.0368474604271387,1.140148684916842,0.23317090240550026
4731.459327489967,1.0515212774686071,0.7164848417763054,0.41700710963622234
6390.704304312817,0.633365292763757,0.6261944858500034,0.05535264932213102
5422.325985595924,1.2418226793459448,1.3840680954262674,-0.07650406484741636
5201.6210947030895,0.24495779443982724,0.34079662846730807,0.12404040772220234
3906.586908423165,1.1585138629623422,1.3107837621510428,-0.6493586290546877
3898.184667775524,1.1835779344176927,1.5762606661399294,0.057280335879510695
5004.900837499297,0.8418997031805096,0.666264630346135,-0.26152765002687534
4901.864838437768,1.268227554311856,1.4845959514984068,0.19852324555601047
4370.114204494179,0.9342256117614134,0.8844524504810519,-0.5480747270452361
4898.687889728442,0.9656079258318607,1.1542954234044673,-0.1570939939773201
5912.038849630517,1.034882196851054,1.0193363323947793,-0.010243959526998758
5286.781732185209,1.7466437279527636,2.2268988654315036,-0.19044779573898848
4001.294043173083,1.286108477020751,1.2548066197570809,-0.09387110004703555
4721.94382099994,1.1252828001782293,0.9582406829121198,0.22610858766912698
4236.523463403208,0.7217988783497012,0.8351263717526002,-0.006124003629314493
4528.6100585140075,0.985897456369873,1.0527585368134451,-0.23264520124114374
4510.46903405925,0.7467189765384034,0.9718282071583728,0.2351000165019479
4465.648092177196,1.1555277118207032,1.2231947139430108,0.0627452172677906
3921.4052396186235,0.9851167439337142,1.477185747645839,0.07312186989624919
4710.641722937267,0.6688695800965261,0.7087405603541681,-0.223127756307026
4407.574654206883,0.9702811458546257,0.9567045352733555,-0.6369016681655131
2749.3859169984125,0.7376456325709235,0.6892506067014742,-0.2265328083390931
6237.0804171511645,0.9878040553343868,1.0071975803213997,-0.2519671445088708
5562.13875795167,0.7352306709086858,0.818009818924503,-0.15332423929518044
4536.589492552503,0.9568719083402032,1.0196391917976013,-0.21046391649807628
4813.173334818419,1.1376174654837736,1.1235540931154866,0.02817462726174149
3979.8419568777067,0.9367370020187235,0.8333095187752757,0.22021936776142573
5987.006014467605,0.8522779332069028,0.7247974357012924,0.2690403568382198
6128.102086341178,1.0008190552643657,0.9255712835371886,0.20930296459090708
4909.685609772568,1.1242956551982133,1.3489987301351347,-0.22440624395292616
5516.471450929741,0.6732041825295598,0.9263731656470635,0.014725198329959725
4922.700745253746,1.0151640386763006,0.9965335850168706,0.3912914620425131
3864.2921927868483,1.27938520475435,0.9885251589428893,-0.39618358324322744
4511.72364172544,1.0934142408191787,1.0566210799892006,0.33705751110628274
4892.34957674037,0.9644385366668069,1.3778371131044678,-0.24902583409741982
4481.816596879589,1.1099343766747236,1.304200526039155,0.07344132189602072
4646.9427057954745,1.0631241140256706,1.165865005276706,0.10319627924225722
4736.02030974362,1.1384002772899535,1.322841620723125,0.04747825914236764
4743.385051494177,0.44401709725426386,0.6832271615933049,0.5
4836.580943348238,0.5616359665841837,0.4849882488423823,-0.07520797511782315
4057.5764535223793,1.2012072873708093,1.0671686906922773,-0.4098719687309104
4298.088695610445,0.5736802059596398,0.5733206656804803,0.0891117668817113
3900.7910140100216,1.0503846589298012,1.162241170376312,-0.04250999618111493
5484.47088478034,0.861987585991927,0.9164100417887887,0.13870030205479308
3326.047140711773,0.7009526886010007,0.8664135428781451,0.22052381046843317
5607.513240321848,1.0374124392868684,0.9254191107878575,-0.008422417926115706
5770.444578083991,1.0002583759291426,1.2746538207755091,0.10907760766057453
4588.473589112165,1.4775856630240942,1.347651940194041,0.03605948305925759
2977.804038520891,0.7937971988660276,0.9467966587249032,0.4479718610186779
4547.0826066228965,1.3100275300172934,1.5378859899612096,-0.09264043821691632
4755.071087097826,1.0381057285960786,1.2601683159586956,-0.17176754950246573
4092.5812460497605,0.7847445296143218,0.883170470395339,0.220182725777807
4439.34712433423,1.1498116143793113,1.301384398694446,-0.23229495383567914
5871.136639204346,1.0914346261134877,1.4460891471920605,0.09803945139563648
5265.449013611219,0.9589608237145123,1.0663653894266172,-0.042397288417288535
4152.80511993533,1.0165738391101558,0.8653762589267578,-0.025330171135483307
3681.680581283197,0.800753242238617,0.9347608922042211,0.5
4571.087877673161,0.7435532186863733,0.7830676956329629,0.30852168623055853
4650.580254454693,1.1398605434556457,0.5889585165198054,0.25539488332985794
5147.339431154322,0.8940151439216815,0.998751477290659,0.1326426601192433
4425.278301202638,0.9299792504377269,0.9655935771224476,-0.17287853036004386
5158.049702753303,1.0199553989860692,1.2509012421467245,0.06537042168443019
6154.607828042161,1.0163220861959519,0.8610620442336689,0.1458310752071675
5370.850715710983,0.5926683822564838,0.45987350629682583,0.049746357534842196
4766.338044868459,1.2715630216137146,1.2527950387952556,0.023687581835990297
4671.794670262694,0.9802955379751696,1.059039628009127,-0.09936232469735128
4550.32880607409,0.8993366842944626,0.9358635671932987,0.06836466242032067
5626.448638716502,1.0577115012924367,1.050240592761249,-0.13139283786338166
4360.880587834088,1.0091355484037157,0.7919956723232616,0.1758557948918151
4831.655896299988,1.1417656723724254,1.080997289951907,-0.5039428002894092
4835.83853131676,1.0844959180377352,0.9926911511667018,0.3396858916124856
4448.751065031927,1.1294615572490667,1.3387812170396216,-0.3279164754669724
3839.2741164811296,1.287748476431879,1.3171118116799816,-0.26681375601738927
5026.082152532368,1.170906137242743,1.071454933771136,0.10221354640541984
4757.297219701231,0.9098784449178593,1.2469153348774893,0.13498545758866565
5150.168328605599,0.6692747109807917,0.6862382966080816,0.5
4426.479785492583,1.3669494832511286,1.4273610608545289,0.07407113232728149
5654.574909169133,0.8905691566632218,0.8810244879546208,-0.010113691498208484
4186.258353151708,0.8317231466598694,1.1444637538234108,0.047824844635706035
5998.428198812525,0.5158182955588901,0.5990694257063313,0.3976219403219445
3576.654443120217,1.0346182763280278,1.051525503202824,0.5
5104.339045189824,0.9872216509884425,0.9620764561630593,-0.04620007472724636
5132.801477768637,0.5712212659376298,0.6640265096855896,0.13569310404302812
4243.110052441382,1.0633185105332938,1.3023268968994415,-0.018597296123881654
5097.075756502709,0.8254520198246402,1.002837749328223,-0.023566585313466396
5695.663068832111,1.6225787518221733,1.4811412332197673,0.4697626559661918
3248.226812452155,0.8076597019772829,1.1297267568830436,-0.2314329309658724
5151.92136524357,0.8412016669505517,1.0228431344230402,-0.5835703022208321
3054.7104257689457,0.731305943936408,0.7103089987354474,0.07936108976163833
4124.034637533754,1.269469130260493,0.8761823240628525,0.3002516321905185
5940.416455430662,0.8568060513838117,0.8103526346635017,0.05497415656275772
4392.752576625562,0.7687714615586257,0.8772710692586889,0.12555088780200296
3978.2840249137193,1.1267387524801356,1.2315709464448115,0.18809834528172334
4661.443589710722,0.6049117661467036,0.8507106101716272,0.027727768352401407
6247.534436714486,1.1062776365622369,0.8468233641952174,0.13907690586208135
3517.822426955782,1.3953499291502145,1.190753274914709,0.13490297466341494
4064.0830618524587,1.0916519582087723,0.8200279184015086,-0.48965114930987186
5848.202178225738,1.1094745790649811,0.7956964630330956,0.02846672343244788
6100.391640476413,1.1675150542268709,0.9897787940811575,-0.39319570823987443
4727.5981429968015,1.3774270071688797,1.386708213831458,-0.009542876276855563
3932.66310823135,1.252473490004776,1.3820558254121942,-0.12382023720985856
6267.090451266411,1.059917430568256,0.8489441204434969,0.25850281359195704
5916.109674224437,1.1759728501590003,0.9541944791677478,0.06110318980249936
5275.262891433563,0.7285162686337223,0.49987465728471286,0.11829821152205723
4231.318355743806,1.1440733976868305,1.1614311458063293,-0.04786267949056268
4765.679461413374,0.698611007204063,0.6406614779933304,0.26304531565159067
4687.747943268619,0.8582443953420933,1.1792085921608069,-0.3993313351306834
5031.595913230904,0.17935945621419058,0.2736474052596916,-0.22387561303033487
5815.701006691936,1.0503574148418655,1.0044233399391091,0.3215767804022007
5415.591928796182,0.7890319972229118,0.7212425753114128,-0.10891212478304607
4045.836746110669,1.2277863038011156,0.8261465729732355,-0.5364580012927214
5763.547515013676,1.0475481526513506,0.7539288521930456,0.36316031915347136
5019.192498009209,1.2310239736754063,1.0339629540250121,0.26923401783994944
5280.946057101241,0.6791008638318655,0.6311850022454699,0.17774235165268318
5826.578601495022,1.2095965092899081,0.9317347936359837,0.023601501737925627
4021.893825340514,1.4764640860908318,1.4687774395408697,0.4151867545396742
4774.922094905476,1.1410395749829736,1.2256267793182634,0.3146546072656254
4427.9818140485495,1.1475872521730721,1.0140169751247217,0.38696401719800255
3702.498402244181,0.9923994190987337,1.37859023417226,0.17387512011180767
5042.696984323444,0.8188328048586588,0.5545061603523552,0.030698962812770438
6558.089586109097,1.1402980931753772,1.123666961502563,-0.0997912177536998
3511.945578845973,0.5734792723994828,0.6129161308872402,-0.31723096061646794
4777.403572265371,0.8455612187697958,0.7781039930989255,0.12551140386658619
5248.380054552342,0.5072357994157044,0.4999221213797178,0.14633933369890106
4886.1547411593265,0.7740859056712293,0.8136289240888154,-0.08744533297683096
4720.810363238982,1.1105112729733904,1.0384216624085414,0.15342025702915837
3890.548545587923,1.0763483440551158,0.9774991323663631,-0.08304445789978593
4962.950720058115,0.9627284238838681,0.7181001449490583,0.2168569228367402
4270.265216088852,0.9926002485155027,0.6723706436206356,-0.2205268232856797
3267.0548065150124,0.4785338455339476,0.5225379056907181,-0.2637778837521755
5636.214554359612,0.8568594298572713,0.8126762157085834,-0.060144681804661884
5470.8700738894295,0.7796620983911975,0.7871624835362813,0.20719634887557165
4836.162683795756,0.7852350773713648,0.8062337845483585,-0.28969636616475586
4960.352281743992,1.0998946569534382,0.9663762252448238,0.26242175475229884
5552.022608900893,0.7348731683736723,0.7483712468545624,-0.4106470335963031
4957.037759744658,0.7988297874681473,0.6929024566958139,-0.061686468898572676
5432.81228833292,0.42823268857262087,0.6620399436096064,-0.3532690317756602
4591.762459388305,0.8764692049059576,0.7559541996649807,-0.652474841045808
5718.388617001762,0.678040613071595,0.6784589135879774,0.09161295119381346
5024.550008152879,0.9698007321724108,0.8345169258504462,-0.04445277715777868
4935.836360524112,0.7122229883143838,0.6493414017247505,-0.3492747332076222
3910.9572379015776,0.976135561387304,0.9856964449565179,-0.12915346449619491
5000.869098011196,0.9138285598144141,0.9114225943415212,0.11045630673232847
4217.631557753884,1.3680104432605802,1.1668337826129123,-0.0920374167472923
4353.202091430054,1.0743044951132983,0.9989734809275234,-0.049670278892099635
4229.237060178715,0.4900905318594242,0.483853328841773,-0.09961414258076258
4053.6355476705426,0.6337777889743228,0.7500878480201456,-0.1455755328574899
6287.339982111873,0.9638020022480832,1.3700270369361587,-0.14883431868576938
5731.937343391883,0.7175380129018373,0.6326253491006512,-0.1561743415739339
6144.257251500983,0.2079078924410369,0.3070681394360384,-0.18828571901826852
3943.9734863111053,1.2873865784584357,1.2349630220866934,-0.25432364942270064
4849.877624937625,1.1300560042263519,1.2502246623868143,-0.09492807942945727
3894.544662357133,1.0802442183729428,1.2119312729025953,-0.15998196308200427
4313.013585962055,0.7981692386322712,0.8692829302211516,-0.2679246576289233
4157.311111608397,1.0569191927524824,1.0369571479477964,0.19150366383923823
5667.708804509093,0.7739099189447796,0.7438329460703889,0.30815899297917887
4522.639225328768,1.0012143250544225,0.847830663867887,-2.5693650849964258e-05
5547.865533585811,0.7198541935408806,0.7538782102194369,0.016618246982709757
5222.884622711963,1.3290721126390035,0.9329872618046775,-0.1731409914673994
6412.547126473352,0.5574408364795388,0.5521380888728871,0.2667578391977493
3764.389043802193,1.2580709573777078,1.4676132213979212,0.434545278769085
5681.46326785076,0.9597289570043326,0.9867163831335997,-0.04094845725641544
5602.5086092805095,0.8276332511645023,1.013006073912319,-0.13036163209813043
4118.634813381076,0.9917507304239346,1.2853825359500368,0.08536881648871128
5504.993335531211,1.1333370017945452,1.0661832604760648,0.032232761009597224
5035.301474118361,1.2916866841735992,1.2781166575493916,-0.1250388688643224
4640.766618032614,1.0282857557833829,0.9608338829055967,0.11779895825808759
4223.2451591196,0.7273259786844306,0.6491680348414832,0.23453940184747432
4296.6233839855695,0.9639075309414471,0.7859499758417894,-0.1964546003311949
6234.868467050148,1.4041983091655932,1.5332741549710762,0.5
4800.477973270238,1.286919521378156,1.2746600894362206,-0.38323553927445697
5347.491001072021,1.1771908695310895,1.5602085527087945,-0.21292268158522523
4246.370432832713,1.1489217550305966,1.3347070041959304,0.0584920075755908
4254.102937644853,1.1248625226516353,0.9380241939738829,0.5
5557.389366474959,1.2396887086274675,1.3871339618171763,-0.14064767292015623
3855.2966519139272,0.8358428035695237,0.8135013740721713,-0.2664365781488967
4509.35036246631,0.6112284835562485,0.8386175181402403,0.13731036960718637
4823.819187750562,0.9672508751842653,0.87900375793051,-0.06214860192951777
4877.960821288037,0.7456046033055772,0.6242623522433925,0.16631392373860798
4674.63470048869,0.6862448111557038,0.6221588210723937,-0.017695137475104945
5077.073846767146,0.7699303558530171,0.6904383648036843,-0.21429163553248892
5284.999029072468,1.5713284811334214,1.1942922875778352,0.5
5314.246281821531,0.984031158518961,0.8741481137766233,-0.7385976497701798
4109.937333932521,1.040476959090247,1.2091170500362796,0.4550596875874429
4601.091431449842,0.6444092982489364,0.9563472856581434,0.2333154760584818
5636.334003313857,0.4890617603018425,0.41415661091561545,-0.18639732288180366
5426.2530313017105,0.7452368392202985,0.9901099705264564,0.4681050262084413
3838.998383963255,1.309548896302187,1.1222416508508823,-0.34285479981106515
5046.035930246541,1.0335688665191303,1.0982049325308039,0.25202774050188115
3415.2423254376326,1.099648772861098,0.7220049464933426,-0.5206612782617775
4832.854431442259,1.1346415098005154,1.2222874506332906,-0.2864695482425938
6128.436911722184,0.8021626550504305,0.5021014458505088,-0.2870904564119693
4136.47509791171,1.296991395993342,1.3085668540685658,-0.18766416510719972
4215.973868155893,0.7917981001944544,0.87232976054954,0.0028952788446645348
5334.820847101002,1.3015580898156383,1.2818951604488136,-0.20649409102703944
3720.0389393532478,1.0605755390338352,0.8941110564233603,-0.5091027379244472
4357.071479080472,0.5027387114384194,0.6402650577914231,0.11586269217516966
5217.5087963072265,0.7629976283498662,0.868409256858751,0.012237730731869755
4355.999906617418,0.5037653667819738,0.5535443669751695,0.10223183522454499
4634.82100895232,1.2408205331985522,1.3480994554610437,0.04297947731649427
5320.9299972205245,0.9438161447993997,0.9365380654012073,0.2385588204962914
5095.082258475593,0.3929143900125549,0.5237179136678424,-0.018870588290275818
4986.772877406781,1.0439367204299146,1.0089406317138203,0.25313015870257743
4562.614404510973,0.8157089344029199,0.8864499072853451,-0.19392416202530693
5059.042780688269,0.5790485362416691,0.7201538028145354,-0.17966759483471323
4713.387123930171,1.3694914592421743,1.1836745852074562,0.3440098488495482
5120.463926948049,0.9768214665241446,0.7392329419501643,0.33891716455682225
4452.147582417415,0.8766421494216718,0.9497278295727178,0.1434355356952082
4672.201717934321,0.8501438047534957,1.0871059100124554,-0.2222769782149519
4107.029545213591,0.571680132710557,0.6775771754973172,-0.24240810882393912
4775.494672995635,0.6238627751039726,0.7292244285787132,0.33201599059031767
4232.299395459809,1.2712291962187707,1.2014347211883232,0.31816623189453985
4020.1674848866046,0.8315292825535702,0.9903238479065894,-0.015894839417531257
4981.062803498771,0.9555169252342158,0.9283946205696654,0.5
4948.917843100362,0.4389173809497313,0.4705170007221529,0.11472501798653482
5348.011614464001,0.6204769910511235,0.8335226877898863,-0.2767998435077799
4498.21210129743,1.1024531299686882,0.9664364953747687,-0.0689077749169729
5085.636992785729,1.0444279400284584,1.219576547927987,0.0013676445013434397
5185.558300591564,1.3883437996810788,1.587741605711343,0.02159965918727838
5111.341665482117,1.2857390829078066,1.3613168231096293,0.3125008044629269
4222.0424220385,0.8923222568787942,0.6848053912315218,-0.23907222816608978
4904.554437589833,1.0682383911783178,1.0599534901215233,-0.3328780747780542
5054.898207238263,0.8708491392742315,0.8591017053076825,0.15058092075127383
4805.024926835559,1.463702454659662,1.2217734693016937,-0.12674612723146345
3339.4656391402405,1.2372536740131,1.2195301572364794,0.5
4912.342736781436,0.9924212727144378,1.1468402328453617,0.23580509536890815
6348.77172757807,1.0000986962190879,0.9083611830550415,-0.13134911308506003
4547.972511870112,1.3112125718149519,1.1994751851492205,0.30321343469605155
4290.346031501275,1.0948944617784617,1.0233828376536045,0.18260269877075144
5061.343991797979,1.3396570042675213,1.5576806866038886,0.15842428686581952
5018.6647473266,0.4015880184352816,0.4571918760120527,-0.03056098289712316
5634.91461579149,1.0653070653746994,0.79221557123799,0.10511271290961642
3919.4922908637786,0.8211412838296537,0.5853603483731455,-0.5257394751481661
5311.966176802494,1.389094496906998,1.3950871069062727,0.3292723510555127
5213.295442876024,1.3365996717974573,1.0693677870304632,-0.8590155974170056
4700.497424141618,0.9582089522753267,1.0956794746348268,-0.1105307735064788
5037.0811225451835,1.3339077447027579,0.923958153299804,-0.39892763829850847
5520.62023711885,1.3957786299981265,1.164994850110001,-0.12521278530788083
5410.620766019915,0.9686016679815368,0.7153933670839409,-0.018529318103026333
3999.88648154839,1.5679834431079644,1.5576562227861934,-0.29919838347905287
5374.110730728839,0.9421647118325693,1.0771875279922865,-0.6936193106598102
4754.717976477237,0.8963697624160227,0.9782484820203456,0.05176643103526451
4851.011868610861,1.1664681471460858,0.8854339906241759,0.5
4851.237893701186,0.8615523172144215,0.7552259845048177,-0.08782004171250168
4694.829907841218,0.9713349439487234,1.022786476038107,0.23983273905645
5634.195247974945,1.3023586060127275,0.8183492681132252,0.37609620938922156
4741.397428105552,0.9548047130543176,0.9172020756208681,-0.47500948113644953
4016.317710131782,0.526245551756173,0.7798699019169004,-0.11431878786958023
4524.52910082119,1.041829846962299,0.9961356319778355,-0.3190964029222004
4925.086301767333,0.7759266052369013,0.5732890704880738,-0.201569259494541
5660.450349007935,1.1663177893236365,0.9935832429650386,0.4255029252866573
5222.166279464183,1.1240474289565614,0.9595560157653555,0.055919871606048034
4204.6253048770695,1.3178500870416305,1.7809010764451207,0.1972059002612935
6539.632941675224,1.1768830751981743,1.5186617343657123,-0.010974776490946346
4985.342717684585,1.2225610709145163,1.3460833782271304,-0.30263816143388594
5692.773516599311,0.7827258099655716,0.7656263578415953,0.16952892430467648
4693.79989649594,1.1509966239726257,1.387794074783189,0.31314384286070535
5173.351471293815,1.4421128223400725,1.0364585398935025,0.07934355404216425
5387.627953162883,0.7778375228408081,0.9940311462196288,0.1222810904399837
5652.736298227979,1.3999345729317745,1.551752462268158,-0.3087003465916961
5540.1578137647575,0.8126624771996673,0.8214466816079734,0.17671590828730654
5410.537900051085,0.7370071887375064,0.9618740062365736,0.33650345573158724
4579.439288164124,1.0240501108387094,0.9280332141824028,0.10114636856786337
4399.777770630757,1.1289776040322024,0.8231119559773618,-0.44919581146922316
5032.825257226938,1.1779375309930662,1.3629539168694027,0.4089073751938203
5453.189650638748,0.7095593948066995,0.7470042204883682,-0.236205973410941
4644.095509456375,1.0586350243135725,1.1726086613383386,0.09694670672247785
5545.620376000071,0.7786113571291237,1.1166765902129414,0.23824406714022958
5816.831721840325,0.5777694359823558,0.5516309607442088,0.26990458051274857
4158.575356648606,0.7178159211168038,0.7450314968585122,-0.4500142029449614
4214.155507342604,0.7622749085110454,1.0574516128544926,0.02930431401823444
4701.737458766264,1.0803987900881267,1.206099595356463,0.01275540272065222
5015.328867732437,1.2380534157671672,1.0202624414254873,0.35975704693162786
4432.803090363064,0.5816983425311832,0.5244509566267739,0.11468088560265739
5746.541875207001,1.037990268552014,0.9214644496876759,0.36202941526124
5096.846803062916,0.6558254535572734,0.6081795256042695,0.13497939997128838
4827.612933768518,1.1072713522535,1.1364352299354805,-0.01854155114030432
3794.863333292031,0.794317354749063,0.8448023102287802,0.048464855384539846
3878.928928500745,0.6871677454941802,0.7820804501569157,0.3808992292756157
4996.706475197265,1.1499161288368938,0.9301894204920675,-0.3242329588753122
3307.183061691615,0.8032693486387262,0.8273559685987468,0.22648862753013305
5508.84618675085,0.8710090121618254,0.5272665335516075,-0.15690399780519676
4689.292308939376,0.39500272811090587,0.4894360831736618,-0.2106197710621758
7070.1650787163135,1.1866378403558684,1.4162910221812883,0.2558565916540433
6415.541375431278,1.1552271302922767,0.8025476208548469,-0.22077181375274843
4672.985651526738,0.9513644610703285,1.0538036499914138,0.09426867923133121
4725.564098228079,0.5681047646610602,0.558389060999546,-0.12223535553994123
5496.9070598014205,1.2523422945836908,1.3893884028872217,-0.5892341739741184
5992.220826942626,0.7834341534098022,0.8487266606294013,0.11942899502608721
3653.3796597947885,0.8366616374748529,0.937220552103417,0.031580318239197394
3549.537174251719,1.5280110140898828,1.4219866960199878,-0.4775201286037046
4364.575636111933,0.7740908889726925,1.0312235022567182,-0.17464738538471547
5207.916308221705,1.135552490606625,1.1839661601810991,-0.45174802917807616
5147.811513355318,1.0905230655206544,0.9205729339211614,0.18292247182410326
5548.840018488695,1.0475430482200212,1.058347383698507,0.34699830067752413
3960.211730144284,1.0205001356386276,0.9413830745435964,0.21237265126154645
3178.6992959217864,1.0440971404722998,1.0687456620355582,0.24728253920002288
5400.609936711502,1.0179851477351352,0.9292027005871736,-0.12945760141670354
4220.262608924336,0.9370204103059847,0.8207926999809478,0.1367320027775936
3387.0584949279537,1.3278207810276856,1.3046202660913815,-0.0022671575355401553
4901.544622171567,0.6218348598001804,0.691447231568444,0.04632862902220488
5355.222981753074,1.2053645260038441,1.4082532129520138,0.2393578651136306
4714.560007515106,1.155585574671888,1.0294735770461239,0.293871855161809
4479.506129672258,1.1245997803323502,0.6633038655284876,-0.09743909740962893
4688.446437497865,1.229244856910032,1.0936950490290172,-0.3519112028387622
4540.592066319452,0.9268501511829017,0.6349320414758887,-0.046851133673214064
3856.367021641883,0.4827564810432808,0.6048738889201547,-0.054818321328471045
4299.723526106698,0.9319268350713785,0.6287399011167202,0.07114947000353908
5164.89593350967,0.7022014455938613,0.6046723729060866,0.2082489796160307
5025.1749789635505,0.767035197535484,0.7502079382778688,-0.4786454913710143
4917.641864176774,0.639395081541897,0.9151355806726783,-0.16772838779786897
4103.3960627026345,0.8306637853890414,0.6770851214959346,-0.24097204732936012
4672.947786505033,0.8008440765041377,0.8392947815900551,0.3127234471729477
3276.054467490002,0.35560754251822435,0.4880217103792372,-0.052092723338096884
4924.933664719772,1.1250554778205721,1.4250044103679076,-0.128220892390447
5800.200395469497,1.5050804645012206,1.6026544019625832,0.13457542311164444
3768.1075075705257,1.101559298374072,1.3168372978794267,-0.14825158772900568
4389.850628677571,0.8992690108664431,1.077353929455618,-0.0037986941992123016
5030.37474509709,0.9363134010809461,0.7192944076775273,0.45351780002800657
5676.989844099238,0.844753532996706,0.9365993473104816,0.4465725809716609
4486.242768589896,0.9725103959667395,1.1439363057994791,-0.10184608076570474
4315.424769513873,0.9407479764816915,0.770133555172537,-0.045590450539894384
3421.753800308742,0.7397378924004263,0.6946053924758381,-0.15475712518270135
4872.406690515674,1.3707220972369578,1.08021100493592,-0.48146631876004253
6229.453228100621,0.5782114410725572,0.7448563673604606,0.2590473362741795
4994.150923375273,1.1295828857985615,1.0871130797552038,0.5
4784.4047145714,0.924700593170617,0.8790189815619766,-0.11086235941269325
5025.45761753689,1.4252079537664362,0.9873713602152125,-0.20419843182231792
4792.235597235978,1.0352161498120553,1.0142178063702223,-0.06821169908500163
4230.889939417909,0.8600236157041878,0.7857391348835101,0.021261511957146314
5376.2959409743935,0.8880732003913756,0.9536675191494455,-0.2838825275517201
4958.033066178228,0.9599766736299402,0.7466066814527842,-0.11461961524603284
4812.32927635356,0.6643023262508998,0.7465807675445367,0.25372431348450464
4117.243780905225,0.758282618720522,0.7310711342306019,0.03184515861681787
5712.455552354331,0.5037640077020356,0.4334354097588961,0.317596507032245
5265.291921733177,0.7192557754064764,0.5643181575815014,0.09119196321537544
4412.955413842888,0.9734766204151124,0.7483286939619892,-0.2722293171932297
5501.277397577356,1.0250437623211301,0.9778805283080781,-0.14400349417993982
4451.700413130355,0.4551675762508995,0.5456591452851164,0.06210301588862039
4252.597555242274,0.9156970742389499,0.9822624398573907,-0.2806473189902769
4268.2078177637995,1.090852487705533,1.1379866038549273,-0.31307993322765165
3560.252012838336,0.9092719516559411,0.7861440303883961,-0.29805013834143135
5130.079666292744,0.7915528385555499,1.0050139187086955,0.12895109695345394
3518.198585163155,0.8469597137379465,0.7981288877190194,-0.09156000385563447
3940.0893181139663,0.8148091612556945,0.9253012617376319,0.2956104077732368
3347.088393645027,0.7908173602229857,0.8016102921125381,-0.22410509573665915
4739.751215046374,0.9934558813112121,1.0694919607075097,-0.6143500669884621
4694.775677809689,1.5269220569338628,1.3428466320523722,-0.0326762797008038
4571.312650769545,0.7640750207737041,0.8698018772259407,0.4118887575984551
4070.1956137305965,0.8704643418346433,0.893631613885887,0.008642354237151477
3979.436372594352,0.937075515156192,1.1038569240671008,-0.34302331078321735
5125.058904482602,0.7781613914104266,0.6842245003804805,-0.4060691490516865
4414.613647804059,1.2245589508808565,0.7596803377767116,0.2994754784808726
5021.4508250753015,0.3572786566733904,0.3534913049861598,-0.20185919286047785
4180.325919713045,0.8172352074053311,1.0328064691866006,0.3854488319141325
4926.743919939758,1.1545784340799905,1.0871815524625748,0.1635233622128209
5712.294626121245,0.8764764229028416,0.9164650220722124,-0.19239217860117125
5210.3160602749485,0.7447902602874271,0.6235255580654377,0.29178421107791025
4511.310327248464,1.060189188609691,1.0616066208915056,-0.23097428831581723
4980.039279249149,1.176585808849288,0.9059514625892043,-0.3618342781112495
4631.534377828851,1.0026588613037646,0.8265977950755392,-0.21668634833611136
4805.5161292863095,0.7496949100467791,0.7302321079684062,0.19218416289755474
4572.0722634960475,1.0640508297879359,1.144472961451786,0.2844917472503341
4684.9653558802265,0.8494876749313025,0.9745254738615806,-0.09900681571697789
4948.465347151922,1.1362967204734569,1.2358997793735198,-0.4670778277847864
4104.648910292634,1.3208147212141477,0.8525146131686429,-0.389191615282014
4088.8848211070153,0.29860581107786677,0.3797513678376429,-0.26691139296484084
3828.0202123181525,0.9777668682989081,0.9435188095308708,-0.323499219812531
3679.810226847403,0.5160665157630931,0.408555240188583,0.06635759401614155
3947.9021154456645,1.5604471463324425,1.432139649745489,0.4845289611811128
4911.623754762891,0.8329688665509524,0.8207059052194704,0.19894414350639691
4175.048739155681,1.136593310456343,1.221197500752875,-0.28205771124768486
5159.530124961768,0.941170785101276,0.9681330782209898,-0.1735939414166388
4824.299624126793,0.749228854820235,0.7065581493118722,-0.12482266982470179
3422.0470505933627,0.7194867382056432,0.9107359246462543,0.0973035417482715
5258.482908955183,1.3464197932751896,0.7050605898779999,0.39281368396300237
5367.559051914197,1.1889845150445777,1.1337642993462933,-0.11685009486271349
4104.296127615603,1.4358960218443908,0.864644177160838,0.3846943227670472
5094.134080026494,0.9638633337894248,0.7938395233417929,0.5
4200.451233813561,1.0219799053115,1.1243499866891504,-0.0874767165721814
4868.369263723835,0.8832021085861779,0.674680107584134,-0.09391115526532698
3914.8511151315242,0.8782294492212477,0.6446858992416534,-0.09015484184777915
3544.8254832257962,0.6895282668806579,1.096585400234245,0.015622496421971627
4532.027967270922,0.9710025477310877,0.7112012168439288,-0.08954477419545646
4713.389737607615,0.7526883512784507,1.0596875071402359,0.22104436534732644
4521.624214469777,1.0604772305410506,1.01199915512023,-0.3872078200981955
3971.1786092442085,0.9925025547450523,0.8896617628942478,-0.13365552382402798
4520.070656508204,1.0219205109189304,1.1328391389794008,0.08229366826805887
4988.506326806514,1.3687824849225565,1.6291213455495956,0.21752112679012792
4768.574878914224,0.9405705125586021,0.7339173203854301,0.5
4927.750721419449,1.139181750713357,0.9966130975812949,-0.32225630690773527
4330.919359682037,1.4628773660213952,1.585330262960523,-0.16301060354681401
5620.202540301312,1.276654267323762,1.285818340249208,-0.5666016433068343
3976.6786644116537,1.2382924246137113,1.4479545288154723,-0.2774672518382161
5141.292207960703,0.873327946119875,0.9897516048468031,-0.44223132423351064
5627.323765071973,1.0074107638919492,1.3697114995369957,-0.13032434876608215
5136.635664924227,0.6204309269925146,0.7069621407805875,-0.05709139816040779
4658.233041054619,1.0747286002411036,1.1063440430736053,0.11736355995939042
4430.1920673359145,1.0186150444034603,1.0801652393044048,-0.07464988257998044
5525.261355732379,0.9558462812890453,0.9370316183319627,0.11748427010303851
3803.9175523168287,1.206798697060715,1.3594138753547016,0.028518541773485714
4120.9130177342495,0.6480562943939008,0.7402973157885793,-0.25833080143754583
4521.709564155795,1.3587157127900866,1.4793635123675404,-0.42156842646021947
5666.357630258399,1.1754411719850708,1.353025666905924,0.14592049997401646
5065.837345228627,0.9323415050870064,1.0265171907178805,0.41162574625362675
4122.367969042828,0.9128176030456515,1.0229052197019555,0.5
4582.784606230567,1.0701528038121486,0.8424102235499136,0.23386367530865523
4369.973799132594,1.3302128080159448,1.1181302504344748,0.36437880298601555
4303.147705436525,0.9754019296725026,1.145621803166495,0.11536492600973378
5485.222690989745,0.9860077254948065,1.2703250068547824,0.07550234639755288
3839.779809515546,0.9545296194064677,0.58955168497232,0.027750255947882007
5926.146599014061,1.3955060281753682,1.1572535746351529,-0.026452411005216055
5379.760783129236,0.857779224265744,0.8886837667079522,0.15176913885728371
5563.6031694225885,0.9426231003452321,0.7860933958822554,-0.13014927034118093
4475.942341582319,1.3158589135652485,1.0406672162790618,-0.03686061289679799
4695.041496644623,0.9867527084032158,1.0833640623318581,-0.29449157074109716
3796.7937298327015,1.2342647150113806,1.5576624393200558,0.11873166726622725
4432.736315053238,0.7221799857742603,0.4575473753630124,-0.23977438528662537
5145.558393350206,0.8986768695928714,0.8867825978015769,0.008436247620053178
5707.244143246977,1.321108509610057,1.3653194403161093,0.1251227734105951
4024.9902282382836,0.7809150710591136,0.9485428498969722,0.14647285784245334
4544.145844110314,0.9121752400575731,0.9884006153092197,0.19287713445385862
4694.0905458372345,1.0141713077228696,1.367589772934327,-0.05332288128701396
3822.9475584652605,0.7027113705017533,0.7584468457014175,0.1215159448474219
5213.94446923088,0.8465474703445257,1.104886183621602,-0.12165631577805103
4293.206767780173,0.9781591704564101,0.8554790329993239,-0.4927184282525558
4663.226754176083,0.9616704335404903,0.9804565846470868,0.13257731843538992
4483.635439661685,1.270088005209284,0.9171175968644306,0.07462202671603546
4247.463045996228,1.3353642987080634,1.487392003533805,0.25333087572478397
4795.068510163612,0.7359787819997721,0.7636645638291027,-0.006322178217900324
4649.073295002384,0.9778171297918723,1.0525053540912324,-0.4007908414293529
4539.699482404934,1.1185620771061913,1.025224234739756,-0.022907696091055633
4290.07686482376,1.3290868664497992,1.4028361010722201,0.22164514118493203
5023.667269548068,1.1296225743292823,1.1900467543268283,0.1190087021991068
5957.532087944599,1.0227283503980829,0.8156025005968605,-0.036686143223708945
4897.921062987389,1.1166356329956577,0.8876277321857007,-0.41588980697829575
5497.28275043779,1.1184422085840648,1.0876074025758822,-0.25650423872598066
3826.844652392576,0.7180714269289079,0.8684560638026338,0.11930971546284201
4910.433007505639,0.9981996981265672,1.3706019090789525,-0.4162892880185698
4031.8421767202535,1.3147902485471727,1.3201888287057122,-0.07956122868920884
3766.152550727669,0.8981608078264988,1.1025780072026998,0.009605544744105493
4282.440014778675,0.982361660636861,0.6678538429037416,0.2874842889600153
5634.329534089501,0.8893708876184945,1.2770192027497538,0.15362263778263535
5465.011080068752,0.3715351260982812,0.5077602311327686,0.24070280820599096
4970.10330543808,0.9551475443086698,0.9543908405409428,0.07546333100815233
3727.1096080770485,1.0254479826632181,0.9866989889904095,-0.2113527455528731
4662.603544028444,0.8218766522797745,0.6654837028334094,-0.1534151169771367
5011.190006231215,0.6613407627788179,0.6003614455928966,-0.23316490981031973
4922.8753607050185,0.7298483850545876,1.0742900239876996,0.14769521048155135
3509.344491563478,1.141046904033891,0.8915074456568038,-0.17348055473063942
4176.77750638609,1.4431311932617263,1.0706217176826718,-0.0985000782571208
4755.145565095899,1.295608335226358,1.0574336188594335,0.005622809546712079
5175.403636662033,0.613913498792362,0.5146443472185679,0.4103281116453199
3262.7105252300375,1.1636568276376758,1.132367559253272,0.1642834769858077
4686.513217164099,0.7842094060476774,1.0025711996092856,-0.1932133561502773
4900.134138915267,0.8044332343728057,0.7376287101068039,0.03796191430822329
5394.728391961349,0.834506100507179,0.627599130403633,0.4128279401239595
5285.000308966206,1.1265167374638576,1.164202609764752,0.15379483210723532
5207.799923166163,1.1898133441122596,1.1363479907323528,-0.3995630898747651
4240.041645308646,0.9254922321800529,1.1284352214929145,-0.2288098571594411
3464.398504013685,0.9297323147479938,0.8576245523112058,-0.24798387562578006
4524.863070057019,1.0660659358089482,0.9977488264038861,0.3601824563399921
5501.142277645992,1.0919986348810604,1.0408579465237129,0.3140703089659139
5775.418169267102,1.2440564266896321,1.2120899787644845,-0.15625924444640374
5297.384371608449,0.6289070061227002,0.6358558514281428,-0.16164505495183235
5100.5385759612145,0.9550068349510075,0.8569228342102014,0.011172945665570899
5065.747753870176,0.6829939060272056,0.4643248610327097,0.018667261523365005
4410.716877267454,0.9372644302341492,0.8421227683154903,-0.24058148233074933
4708.957794512466,0.8934561780798097,1.0445321255614128,-0.062282668724635774
5968.348668078432,0.9383126365243244,1.111942014910398,-0.36340081746330233
4140.209395945687,0.750064277972367,0.7196150941111485,0.31808017622775897
5930.345153496896,0.5781775516981428,0.8128007416909558,-0.4400826282079199
4574.580291855559,0.42639061832127423,0.5027426435285558,-0.4428598554731869
5727.802476366555,0.9172049614337898,0.6835018131883704,0.10875986362798254
3815.2294933517232,0.8422497235417652,0.583604087430528,-0.3092190594585135
5210.132940815254,0.7810155837990431,1.0205316712153356,-0.12524123953363497
4284.260904836665,1.2806371157079153,1.127898484450651,0.015793215275654044
3809.3129656530687,0.7351404533011723,0.5919696771648882,0.16882520746670923
4952.973829687662,1.3042085205347007,0.6779113385944974,-0.055270529487218584
5506.6302520171785,1.3559609360673142,1.1748700463725068,0.4447929493199485
4208.540992984553,0.4622748833026547,0.5830770031886469,-0.00010974716497731887
3750.688827679119,0.9730953647497423,0.8418910705241378,0.2976986770646856
4735.708664965531,0.8500758772910022,0.6931644796524189,0.06963894509162338
4738.795269855973,0.22204901382068354,0.2670607121292247,0.5
5183.823739288149,0.5888396867328964,0.817399460235273,0.26459087598104714
5464.716199955142,1.1437340267771186,0.8032271592948594,0.010867443868153309
4758.409373109254,1.4547998131778161,1.1764936934985002,0.15720767922687023
6098.852320355984,1.1756695356748121,1.4138482437802025,-0.06520396388273296
4956.964321174704,1.0309081181282445,1.1259226443661075,-0.06772495958877942
4557.50144579517,0.9446669045922281,0.9897137070355929,-0.32585270700889635
3671.9028486280204,1.3706657286620283,1.120004074498338,-0.20206540061678216
4616.138335778683,1.4870598004894102,1.3819881256160544,0.5
4564.529138212205,0.8032893301189534,0.7489861674658931,-0.3010078428196449
5472.2133573970295,0.4500033599224272,0.4371870944001348,-0.16387317819590966
5123.738536846798,0.42545313418219954,0.39572280319036124,-0.023429669239775682
3974.441614857168,1.2804702480399506,1.4098115083160865,-0.015102323688142601
4920.578070487726,0.9382353648064033,0.9387948045126868,0.0959314549327401
5270.071820210337,0.9958104776146796,1.0593388098723038,-0.11728017702851574
5869.621951571483,0.5023372517608217,0.5939838105494906,0.11134409174908436
5421.252777189841,0.7617027718028834,0.8752470813759061,0.2855963602866813
5332.592658018035,0.8761297965248044,0.853781441529828,0.31665808599537504
4842.060196230615,1.0019595958410177,0.9050848924410909,-0.06687795015921003
5071.818403796415,0.8503519902715602,0.7351489683559151,0.15283585722574114
5674.653430494311,0.6906684504246643,0.5334082315898767,-0.28653340553529716
3867.055821764245,0.7538582518493693,0.6186796626893094,-0.1804290113180826
4555.392470948131,1.2520808214868082,1.1095489916257566,-0.29343334967263557
4259.201875870632,1.011196154900875,0.6854705836635694,-0.0114361721899127
5065.4071831082865,1.103039201738888,0.7825948680732491,-0.21480481908998608
5661.1555229555515,0.7252815472806675,0.9346006407576294,-0.3801733897011986
4382.117999295248,0.21154412864984384,0.30155661935150785,-0.09650130564528764
3126.786942771393,0.8192239232788758,0.7755113234258246,-0.43214594394523803
4511.445478482871,0.7333573613936258,1.1347781784379485,0.33179827591153555
5439.431612412184,1.0372530671570197,0.690254795147279,-0.13938076531081844
5176.340932064916,1.7714309284204606,1.8883031265005155,0.24632901840953222
5099.730373467403,1.1237915044045639,1.0733892068891853,-0.12301687250874295
4604.0046886878645,1.6339900398458722,1.7137063777131822,-0.2987344564876502
3904.6784846461496,1.0921924238348621,1.0964814574876813,0.2938809928389798
5160.706025137128,0.7925284406068211,0.5193672959111112,0.02217589577693461
4216.002732975763,1.0369790195302209,1.0491302464976027,0.4717273214780741
6328.86771336632,1.395159649869427,1.392864251438682,-0.11663073155830382
5199.355045848161,1.4073906490803099,0.7381780069912429,-0.1112325748916082
4393.5461882122345,0.8061656579892302,1.1689129313184496,0.2511977105547773
4372.03032682796,1.0132959239248247,1.0735253613114526,0.25293816262476126
4734.939055370488,0.5926832800822137,0.7464890123904272,0.03835759662866291
4632.348654584775,1.1561671561728575,0.8612949711275467,0.5
5581.783642870968,1.3383386747639736,1.4369518472236251,-0.07014019808008783
4930.491318820832,0.959949863529004,1.1787203717625045,-0.3173658092422544
4287.85778276403,0.7831539864099679,0.8640962150296269,-0.25063876014517883
6123.308479609048,1.0400327378193905,1.029965887375302,-0.06868487233980669
4834.515832064156,1.0543647578407915,0.8568113439127178,0.3796937513729127
5338.187773178228,0.970285957962405,0.9339468876027066,-0.04658596553667005
4374.241444788669,0.9946787810839882,0.8937710237999851,0.3915130245915345
5054.180939421166,0.9065462873826572,1.030274024205124,0.10860627884453121
5017.776993800237,1.1989887320566015,0.959716933917441,0.2708423240901291
3477.245495532693,1.1340568612912816,1.2307667927882011,0.09679215665670107
6210.692577322448,0.7042242132139627,0.6286341658177426,0.0948120016554843
5703.4511226457835,0.6973523492103513,0.7101572901145395,0.18817765027651873
4521.963278697809,0.8864063957433594,1.0199217020244,-0.14167712052143636
4028.4111816809013,1.1342092810262947,0.9503189191550796,-0.13892838613687192
5043.2931296624865,0.9870143534727036,1.1183518335816622,0.08738674654114864
4860.688389590077,0.7892123974693361,0.9189932706545152,0.48527786887650565
5048.96826399426,1.0153796491814575,0.9574290563749982,-0.385188306316745
4934.104177335863,0.867297370119432,1.0996914111327063,-0.5072964048600068
5154.368692514148,1.1701216150560327,1.1515665711770295,-0.06593595905715322
5813.113989574264,1.0332646087667618,1.2528270536575508,0.25771177012343616
5197.672243590052,0.871180453136964,1.2167681443119827,0.012844021420045293
4065.2411507630413,1.0078796930116154,0.9577346169806517,-0.29233246170376126
5753.793996898717,1.2787620148810503,1.3744288429591145,0.01977337421659699
5948.430194441801,0.8075924808634056,0.735381138972679,-0.43324330322078974
7006.4397141584595,1.0506642454117903,0.8254365134659583,0.15722926521854377
4013.5541767322816,0.9323849148835011,0.9085692427367389,-0.07727700411327289
4970.017409205193,1.0567459209655248,0.7603218806058303,-0.02050812488635752
3342.530907767709,0.7863587646010674,0.670360525708277,0.10679636762778558
5187.204409465447,0.977583858289844,1.0981870228322106,0.05142222934402729
4416.259791283259,1.2269558206042002,1.056784373847947,-0.1353148934327778
6146.412056377467,0.7157482546884731,0.8740040418426541,0.2584032094116177
4257.769520986993,0.6176487241687295,0.7208599781487434,0.19923314115976334
3617.5718734229167,0.6271361088782589,0.9433724192580598,-0.4435710480560662
4470.115381508236,0.6573343674499528,0.7898402351440237,-0.057560667868149645
3417.1585601480037,1.098830821973166,1.3186076352507274,-0.2700716984240693
5325.769618155117,0.5985350785336336,0.716550807159932,-0.3170145247988556
3354.4418676205755,0.8755261638141173,0.9551108455009173,0.13378340587790477
4819.920306828211,1.104572325827677,1.3350563500743426,-0.10481532016631011
3345.531726100662,1.0541647651371484,1.1826268459248435,-0.03569291223660252
4575.79153682435,0.8536102550093787,0.9180804104193981,-0.16742123344426507
5950.364709063174,0.9977309329387765,1.0392405872359256,0.09254386320495693
5052.453524005056,0.9767863324343921,1.0870276444133409,0.16958672132975788
4195.554476524546,0.8939397611129534,0.7914558822085346,0.5
4778.157557742641,0.897291320336355,0.7860483404383994,-0.04524356612453787
4812.611810431113,1.5088568586892401,1.78586653283139,-0.3621043686938779
5130.841242090384,1.152327725982825,1.5377801547793948,-0.1259734226078795
3843.1991457034214,1.5701627293780356,1.1681520318526963,0.21176498034541413
5214.797091693132,0.8257592167698746,0.7431927793500807,-0.19316129753257705
2906.9258578780573,0.9287583507779631,1.1579744033657147,-0.37053189986374513
4359.080813345333,0.6169685586808381,0.7520416699419077,-0.18795442157201753
4458.208310283919,0.7476082994776069,0.8995896052836437,-0.13334147943732857
5243.328778249866,1.425478287165625,1.566030601858041,-0.2706673869911641
4815.841596873808,0.8194914275395608,0.8117189295028983,0.05436912852910939
3816.1058623005993,1.4298203250361148,1.4189919352763716,-0.019755570301679962
4110.504811928089,0.6391594348300274,0.7342736867554461,0.19742631020469922
4939.0760066831845,0.6866327414816807,0.6131519997481064,-0.1114649587313973
4744.65286069481,0.8646921947441447,0.9463023673321865,0.13951619214212543
4394.613123254978,0.9340625195802055,1.1812885126331931,-0.12306769850591646
4463.416347341615,1.1807718231125324,1.0658476042187905,-0.282403090452184
5287.317598011502,1.0626926042965665,1.0818821600446644,-0.1357547838114832
4437.61519899155,0.845921185663993,0.9108717143370928,-0.40456679726257433
4738.336129179649,0.9166710483704734,0.879657078253573,0.4470539099957447
6318.95561165638,0.8702342700538249,1.0158984085361509,0.03562493694650055
3803.422154181254,0.7213365661685676,0.6652999685745938,-0.19885172258261574
3503.710087897739,0.7280092658495946,0.9824822195177254,-0.09441104057051508
5348.512765359024,1.2069709728583524,1.3079858684279944,-0.6126159958100174
4324.949857094128,0.492958768018215,0.4614769653483021,0.35858830626795435
4577.233730580166,1.3543396743612637,1.7074887368472162,0.3341370110535584
4253.19053530822,0.864251443599442,0.9197570338903036,0.02688547604002413
4618.139901462741,0.7568728484019599,0.684530677228582,0.0798655740158516
5918.976678467439,1.1349398226743173,1.3510214385065602,-0.31691919423141507
5361.489921032684,1.3213041460367791,1.373327031786855,-0.2987424738151293
5403.556458320884,1.2294081104009893,0.7615980126887011,-0.424324037296933
3808.641060945148,1.0754630123399727,0.9484956212501948,-0.04026702144339772
3994.1923844129915,1.2217158724304589,1.2392697198882852,0.26525885121648307
2812.644938360201,0.5208756057140335,0.3371334224408903,-0.09580365717558631
4233.433425242072,0.8195423646279629,0.867329394932391,0.08692395754440425
5469.692230469961,0.7222074849937888,0.7951319137084224,0.24470847372339152
5161.86256102386,1.2561596828037938,0.916077183463737,-0.40602516949450956
4644.940715933513,0.8541304952690283,0.9292084151947589,0.46139135634481904
4784.389801397363,1.1613516391955139,1.1288046953601045,0.28933009685781685
4317.780120197216,1.0839642356221595,0.8124925665134223,0.12847317944010653
4943.331217681249,0.7344232659590797,0.9248612930230194,0.23102363263401815
5336.11479563643,0.8032604475059288,0.9798696722542226,0.24276907581876744
3668.879248812669,1.2734544227036815,1.1430411602389579,0.07315997164745307
5009.753381486144,0.7561293378288966,0.7678500985361981,0.35706948822314233
5452.7044096682675,0.9812169025488697,1.128011102300121,-0.11316508715436342
4509.429797725641,0.7543646784183887,0.7660838469245183,0.11545280129884959
5290.490428484409,0.8715119532710348,0.5498681349776439,0.33041070031251496
6770.258111130787,0.9384595140075069,1.043019354990888,-0.6727999390148027
4726.960044909176,0.7542833724256272,0.668241872156539,0.1094908364935394
5075.3149350037265,0.7098882615040296,0.7009672086466886,0.18115124461083867
4283.360041437026,1.0215683341943604,1.3138121386156116,-0.42711034147111065
4926.875813821435,0.7388156478022059,0.7638936317144405,0.07045502150414591
5122.190137487612,0.7473356110753318,0.7924341992869448,-0.1984264950899097
4936.389638189096,0.7152367140745073,0.842781915750978,0.09920157039780914
4086.2132762038004,0.9305229884171704,1.0394302428450226,-0.023749824102687726
4944.453239927815,1.1859254085999602,0.9354518602578232,-0.2365820422925733
5823.537157102346,1.3266321590780668,1.2386001174292476,0.27741591590036274
5114.045035160169,0.7685204785015554,0.8159306100079683,-0.10459125599737631
5473.391032350289,1.4875776983328026,1.448742964694663,0.0674909485053957
4634.09162099116,0.698823784823301,0.7941744828309011,0.3285119058710246
5324.930167596597,1.2208871308319673,1.7801875053811136,-0.22917362359579532
4995.487486751568,0.7695758864961393,0.6202474193032312,0.0020123119932068355
4134.362489218937,0.7322691825324974,0.9321256078365558,-0.1238317862608349
5022.964703359212,0.7638109608039028,0.9968833604831432,-0.06804491113443101
4105.812335591782,0.9368880750877202,1.0427319566288302,0.5
4356.983807580646,1.0949930427584025,0.935441969385634,0.11419397101756988
4932.529815104662,1.1174670094762054,1.4567877671439275,0.07839816915555153
5008.070991366087,0.7140037461630279,0.4289336732001717,0.13102183348286506
3967.5372744460096,0.7025851781221828,0.6509451572091758,0.10756490689561651
5537.7900398280135,0.7208403266591132,0.949958887114397,-0.45645338474629576
5200.404394810331,0.9221613994036222,0.8678528010319115,0.5
4306.690095072381,0.8974610989522813,1.2099118580094785,-0.36609238128466115
3723.690642485577,0.7124561344825512,0.5319089364974754,0.4331485665065704
4698.5667946429985,1.017400923515811,0.7883853982853719,0.15450384125556288
4487.839400297188,1.5156422020838294,1.2463949493480941,0.04519475453361792
4879.198319937116,0.8238211345412121,0.9278701095698078,-0.07637124401916043
4545.818337191104,0.8416220446991166,0.8324688496205375,0.5
3394.7801974784934,1.089915392581092,0.9662340063466504,0.15112239004360656
4528.157143189189,0.8102959270658012,1.0851924537264432,0.004422016229599819
4586.066622252181,1.1172411204295456,1.4235026292757902,-0.133815676127585
5243.562717341842,0.7703643233052399,0.7443633986681591,-0.16378706718677138
4311.260227772265,1.4080299018943252,0.8652588405815053,0.012652711793053602
5975.072271360797,1.0361937431480737,0.5849055094076127,-0.2326507579153108
3461.8516145437698,0.7949942627308221,0.8721549268983795,0.1699127619861865
5717.817248461837,0.8028270751326815,0.9489287336838067,-0.16141059180908432
4642.976720385326,0.8215500618229912,0.8652566767972563,0.25123887861145605
5401.709410640489,1.2931874165622184,1.2109496512373703,0.24564684532782166
4855.861038841113,0.6328122480996792,0.5818743469649912,-0.01385891978104805
5597.688875217828,0.7830145823851238,0.9299871189222999,0.14507555746374426
4528.846624813032,0.8095848607686434,1.1279721286553313,0.1575909773816995
4030.9657023755317,0.9460780083107655,0.5324806718670788,-0.3655829022862001
5794.353001089744,0.8822225768383013,0.8905906875745339,0.432923247163406
4720.563547882502,0.5771930421523843,0.5192235353552648,-0.0639359285717886
4955.090931536947,0.850044329101133,0.6163575356624542,0.1738933783539251
5664.326339831357,0.9251123292037579,0.7272759790281245,0.180905877763206
4077.6313305338954,0.7929755412300541,0.893703987752121,-0.6223842728838521
5216.84362834748,1.121693872261916,1.1850103250404944,-0.16423229868736736
4387.0736704759765,1.1798521071884118,1.474836634854547,0.210092205106514
4707.48145104894,0.9304033250676518,0.9455817671806597,0.015563114858800759
4850.595275769002,1.0076353967126823,0.6523130215549542,0.17224233408451745
3749.8446969871447,0.40973600066268223,0.46645228345806133,0.02309164036129598
4254.814070025695,0.844724306959542,0.6314581622645323,0.30734544845078626
5745.751024689198,1.2012054229394782,0.8784762727238687,0.028508472111102665
5420.333832009357,0.8441408542051806,0.9746296961618798,0.35602227419511906
4756.152295870936,0.7656845809020097,0.8390483511021063,-0.24500714430301113
4970.186420959025,1.5194222315077326,1.5616920931302547,-0.03191001736973614
4594.03024605448,1.4047692975489512,1.218615176904121,-0.14834989214550953
5749.608370079587,1.0668937281205393,1.219678051342802,0.09715901601556631
4659.753195544085,1.2347276528700117,1.085869232202292,-0.06966698622064414
4962.2894644943935,0.39351614551048053,0.5801175469589039,-0.05737854677340918
5602.221100899445,0.7531121398428233,0.851993116116536,-0.1761915908125617
4255.839960607866,0.8325105317067121,0.8278458904793708,-0.11518387923213595
5891.152429147825,0.8910049752832634,0.9504871698201376,-0.002569265979169339
3728.677013179636,0.8275139947565093,0.8563792573175392,-0.5053362877957932
5940.749491778959,0.3124934271209133,0.5202239776001701,-0.5754409640077942
4539.127091233618,1.04650615467714,1.087940519485249,0.01478648557687067
4630.1108765223025,1.0859135320701516,1.0678151998524608,-0.6922941413083854
3476.9928801719398,1.3504746978974953,1.2110547563610865,-0.04828556920201781
4481.643697835615,0.752922683806259,0.9312791494409154,-0.0942909402978035
4072.135428281181,0.7324592105550244,0.8898854830959774,0.13550946746521836
4374.647558238569,0.28000387850888275,0.3414047063747841,-0.16800459476298232
4703.882323947784,0.8766082908522784,0.6919876338292112,0.39237869232299155
5470.454130131034,1.1752779452655429,0.932648069222301,0.21204071830760857
4945.322345980438,0.7970580344518201,0.8033296033764529,-0.3780735079128785
5015.37365738078,1.485861204635912,1.7430624962890575,-0.07108658936858563
4033.1364278081064,0.8858512910526191,0.8621763657574937,0.38179628604596877
4183.472137278089,0.9867480710721388,0.871821014466321,-0.1744079763498835
6059.107512845918,0.6092242298546016,0.43581313107758335,-0.013223081256352805
4285.359275665727,1.0218050862938197,1.3253836964466008,0.3510318939636942
5959.345776440106,0.45517005128682614,0.593401106527121,-0.13514890401569454
4629.857160783394,1.1234244887532863,1.2723137736620207,0.28074498502072304
4801.601555300453,1.131107044058853,1.3158373476497647,-0.22749990065340478
5549.2556121609505,1.2898228560841276,1.1854268502140093,-0.7219034625365298
5690.32469535706,0.6950078203080778,0.7601122677890101,0.3071323291101567
4722.431207804639,0.9901405295743547,1.2874743877159134,0.10968376001436893
4528.229862534923,1.090954139846626,1.110631050741979,0.1261410688336164
4760.855686034451,1.0605704095825774,1.171334951054912,-0.2732406978263186
5036.570269762483,0.7336751812162872,0.9164565984086233,-0.25333815412421584
5423.912580808828,0.3520045276109649,0.48952329199808536,0.287609129934035
4802.960901295906,1.0367400742211204,1.0029010913834169,0.06080182685106574
5233.220408616207,0.9118750804225201,0.9225611183229783,-0.029364014334439924
5946.851812589659,0.8083323517596399,0.974658501022439,0.05523166552854103
5066.916728585349,1.1409863409288665,1.283753827854326,0.3771263825030751
5018.156999203345,0.9387701154613917,1.1728383077949482,0.18092205676314244
3736.762422436953,0.6202012368080501,0.7575911854255263,-0.1186612993462895
2958.4889042196555,0.46713692772594456,0.6088496483248516,-0.35087196528001297
5071.8630104611175,0.6677591837167086,0.6593206254126173,0.14701344045694628
4733.623038103389,1.5482530736916966,1.2537555366236175,-0.23099200265855718
4439.652127559681,1.130694193483193,1.2755026002381353,-0.2955942344046914
4970.471142930442,0.9971530854937529,0.883146425130859,0.3289372967185169
4757.7173895621645,0.9045847682035488,0.9190891045430022,0.21810143668953666
5589.446175443729,0.888151765013141,1.1603097100889759,0.09642148167012443
4860.277607781284,1.2417989958397737,1.4794532325317176,-0.30959926523431236
4277.153700450883,0.8273510645241421,0.9111802244137862,0.44731651519177057
5493.116367271502,1.094230102671073,1.0110470083606857,0.2572170786789624
4648.0082475376585,0.8628930124271015,0.866791352367698,-0.07594640026559855
5168.575678570615,1.4350391579587656,1.5667003786801201,-0.1288200145402164
4465.81250566504,1.135572126894576,1.098980190875346,0.019622435327233644
4345.121180151795,1.2613892036709062,1.069695643397982,-0.11960466663466278
4858.917761129987,0.8038975563279402,1.0439647406186947,0.5
4808.98005048058,1.2145340281418555,1.2106584596714038,-0.09638209367621621
5135.878924756783,0.8718556436513273,0.7926427319384036,-0.2669707178850568
4611.9479726831805,0.9775087059832123,1.0760267359991202,0.39710396458326946
3514.548151360722,1.3587619176548644,1.5261866335256231,-0.14226545832177662
4497.058281488128,0.6893062358108952,0.5929060206285394,0.19660752702918222
5355.672927000671,1.00081193282635,0.9605326721644861,0.16884690152151766
4591.836744529825,1.0595013146296817,0.9956528483190222,-0.01464051263626355
4627.531618239816,1.0800010952002024,1.1597064535639092,-0.24324919113067403
5490.463554134156,0.8373038767266336,0.9772366925945039,-0.01204573174459762
4301.618740918754,1.4715660252020202,1.211908801422132,-0.2924652765830547
3720.03774722997,0.6262670286649349,0.48239657115913087,-0.005929440634225828
4687.558216332154,1.3147213471581174,1.5015638724778904,0.19319536661491452
4461.078234125884,1.2537664013979097,0.9299104947114757,0.42944501654799944
4123.627576172722,1.4252221974009212,1.3997299362974387,-0.2719622789860721
4677.235080870916,0.5529432253230449,0.6060754637619785,-0.06261465099898193
5144.053953072748,0.7327921280275724,0.8051373569027466,-0.13120277105632017
4793.498006902529,1.3229857647904102,1.66408826505956,0.06843484437687204
5014.886750880367,0.48074021134242273,0.8947909293476657,-0.380452094077705
6069.385388960796,0.5483852747398965,0.41637564291870616,-0.23216566928124166
4559.984796909705,0.827923053322127,1.0289795652061031,-0.4230041395171589
4994.844044251268,0.9979984471555668,0.9671989305661749,-0.359576135166276
4443.550646180606,1.3480562684121937,1.5360231003349958,-0.16510944847802136
4207.5481960791185,0.9036835212674104,1.0987271727888412,0.4177206532064719
4390.564642607561,0.7979402129838651,1.070155817503668,0.0869001192331583
4464.868999934818,1.0278474844241068,1.0804758046227088,0.016248968399951595
5051.633058282988,1.0673991208236002,0.8661199451599115,0.3367215010071211
6444.35305069053,1.0603099555425677,1.2423923889434494,0.09589947029585477
4298.769594606912,0.9055034480121636,0.9454578198632074,0.11939402784925185
4508.362286069177,0.46122847152046254,0.5132526577045003,-0.1182561162949503
4755.813890822126,0.720596002723417,0.6961207481267861,-0.15933208890227046
5077.059194096823,1.3050677713168655,1.4864354004890552,-0.32778173743285477
4984.485568368349,0.99676723449415,1.3172572495875157,-0.15027239151034796
5698.867055763682,0.8693694702232357,0.6803116726615803,-0.0701308535247631
3101.5255506253543,1.2295421370934936,1.3265141322301173,0.08617973687923013
3129.1490908630294,0.6674708419077628,0.669781040080194,-0.009189603761175889
4452.885279592895,0.893662966571748,0.6457719190996408,-0.0912673664669222
5568.110131280596,0.9844396012935093,1.0167050398610673,-0.22791918797418734
3704.0463778760823,0.8396556241763427,0.7246363189061226,0.09978170198880261
2694.65736221437,0.9751907057253997,0.6708307486442422,-0.12444152175846022
5199.825584353446,0.9030765171445586,0.7775761499353692,0.08844912699799731
4970.5600565919,0.6001642380535313,0.5280560773442883,-0.4783180273983841
4036.854115240399,0.995369470469764,0.8674358299148252,0.08410529074247357
4110.122279495349,0.6179120521217831,0.49994724927556616,0.18672672569905968
4121.179396255728,0.9914037812741805,0.9146330137965138,0.154882714840937
4877.374722231758,1.2935339560375274,1.0533689376315236,-0.049180106337673675
4361.579306671895,0.8797442006809864,0.9703830281085013,0.22882957885609428
5145.844743282863,0.6571292175072534,0.7995346447703394,-0.31823972073896184
2801.7613359669263,0.9182530466987548,0.9826478524311609,-0.022301516301632553
4200.20369441054,0.7420072229803671,0.7505487327450099,-0.048348950290174754
4011.7622273622646,1.0986272506578674,1.0215653403191345,0.25909992226027173
4620.5615251392555,0.9130028131192865,0.7741164140279585,-0.505123292631137
4423.366569056903,1.3774408129161433,1.0819118259686595,-0.2645324294818249
5358.490645927037,1.2407473989193345,1.355582798503692,0.43681270215762885
3498.4642598379596,0.9117298738796493,0.6018770952300848,-0.6076415309612405
4831.844033431526,1.1289022669932727,1.0840671356647384,0.20360599292187515
5190.8354962481935,0.8516908977092886,0.8225718445010671,-0.17508179075678557
6099.6532055933685,0.958489221291292,1.0824815337277522,0.06367565091152497
4462.763820234567,0.859641450912422,0.6335172792971417,0.35344560096483846
5027.121023046762,1.1416139899624271,1.1145463535872484,0.07330171776970758
3537.2960452063444,1.3082470691773944,1.3248469597059251,0.3586333441902544
3125.630656980883,1.1496620517977858,0.6921249740172474,-0.12308729519670039
5391.34206304719,1.1804841503213388,0.8965863802827071,-0.0900440639607269
4796.10779444635,1.1807583593089324,1.1211971064451602,0.1967105622119313
5624.958882858896,1.0878139805836775,1.1796469166744517,-0.10985761507058289
3838.6179777211755,0.665178460197433,0.7480313347293845,0.14933659525950066
5163.931497670127,1.375242879854125,1.4349732056160651,0.2959510541444208
6108.172488380697,1.4011027066746062,1.0269789778218628,0.2170842235718472
5093.793925850086,0.8915300991716578,0.6223752416171678,-0.39472789136164554
4993.6070539137345,0.8573255211959545,0.8990738060777373,-0.08534519426238046
4805.989256577045,1.1031029132288437,0.8157154160497432,0.07045812101370542
3700.3829800118615,1.0877032087958762,0.8844636370588242,-0.060973384907348
5748.901054997244,0.8995134828117453,1.0900782098691948,0.019841503347883295
4372.399652136454,0.6374935861030989,0.7239401349658647,0.07376768606731499
5153.138279468112,1.0264252976874442,0.9050601133155136,-0.1316420301793924
3705.8759854001228,1.0878591345438862,0.9203549479377433,-0.048359720113965964
3974.378234844554,1.1314552870096992,1.240930437569207,-0.2952586820017138
5804.561179455564,1.0373231930885518,1.0734041041130042,-0.11946044672683039
4556.88839772951,0.8822212129095226,0.6848709491549447,-0.38166965069145387
5817.2928332297815,1.1985005098765695,0.7055863738813773,0.029124173923172764
4745.238538659038,0.9664621243914795,1.3393066623285073,-0.04830555108963744
3510.6715589295,0.8337692464088198,0.6532411802607098,-0.22894880301215728
5424.447319812204,0.9048366544885698,1.0205407110646698,0.44631495220721173
4387.075377571075,0.5135077418812545,0.7640025446809139,-0.06135287076171021
5289.082169461931,0.9044395439553652,0.9500319621906863,0.07163823601990503
4817.647607278058,1.1221091299686672,0.964867427257898,-0.1596582912113656
3719.8172404399907,1.0349457555348074,0.7347044236095812,-0.10358700518432504
4915.006335759398,1.3301660432452964,0.8945474741705772,0.08110336771213399
6337.3561995069595,0.8842562714960739,0.9745584774212714,-0.08306276245172192
5145.0905209601215,1.071828290763329,1.3638154824190076,0.0008258392220669851
4759.737572896176,1.148185044076443,1.0285510204477946,0.20170615383836613
5552.740381369828,1.5357142520718519,1.2527940871820167,-0.1295065448797131
4947.467925642178,0.98619137277941,1.1268908364546033,-0.33304029580947164
4946.673961183956,0.6889532052839942,0.640423450811868,-0.3815660724196034
4035.862379488628,1.1619821883388204,1.1895137367352335,0.3596097590967158
4963.693618052719,1.4164318389921142,1.3322087408795926,0.2327866751438924
5524.810391491861,0.8693628224433446,0.8208312090024908,0.16394991679693482
4214.756493529982,1.1602703846516038,1.1227825053083016,-0.10901320146800315
5797.147074872863,1.25718201380723,1.6244175707319832,-0.3332700027469585
4735.805783098412,1.2042663859925384,1.3006111518048797,-0.0705754033740369
4178.561341923021,0.9813896306183945,1.200324754654063,-0.02333859282151139
5498.342453844171,0.7753815604467134,0.6659497955017181,-0.28288791668681973
4599.244034983211,0.9296801129966035,1.1501043279333298,-0.367414078262155
5331.660421240275,1.0646501134694075,1.1857665392389956,-0.4325781516009831
4595.768957419024,1.1770556310229323,0.7976011043016807,0.16434829688596106
4758.121699529067,1.0334862619997598,1.1375411644743056,-0.30133957880075357
5145.492143034004,0.8550230083648557,0.7916655963790398,0.07735258017898455
5003.627940313004,1.088844914037442,0.7395198484345835,-0.09944996335181208
3403.1277536837833,1.165021266935705,1.1592989886140561,0.14740947719403408
4015.1293819339257,1.0449025141036201,1.1474276724180588,0.08395612799225426
5450.586989353571,0.7409532213654187,0.8105978412431508,-0.057984354472821555
4707.504387768917,0.9046484913207025,0.9028159919848904,0.03261335630230431
4433.3880880600045,1.1869551941031167,1.0711243652888114,-0.02758402709417819
3848.9981893197682,0.6042455478138815,0.9979825589794032,-0.15383678765826792
4044.184575106906,0.4267054944022102,0.3862813454408485,0.24502069636446575
3384.7409520266365,1.3270207125360052,1.4729445181920116,-0.10576843831049959
4729.103496908927,1.0778538137554698,1.0650878991849535,-0.021712536562869967
4381.093693593267,1.1016825006300266,0.8958918480996418,-0.35378127491437655
4123.38847631028,0.6807957565932359,0.7280967714532213,0.06851115096120322
4752.313602382433,1.1343820158666345,0.7979794636569667,-0.15264539928636528
5054.7794415969165,1.018812171892091,0.8941345070996483,-0.11921216478947559
6265.238552546962,0.5539181055379007,0.6175335122363302,-0.20989021522111045
3741.6816063057504,1.3060708535684644,0.8540471349762581,-0.030999111972087143
5611.5667303103655,0.9896708309046822,1.0921668518557892,-0.5016181537592483
5481.1710927105505,0.8509790084801827,0.7094829179413276,0.17058925322831486
4254.63508243631,0.8555025635036956,0.6263611516172568,-0.009666193669807057
4942.265168210221,0.4461945236419058,0.411044809089236,-0.11682140030055178
4479.656725463669,1.0983341499078407,1.5470246767177345,-0.38705766644772943
4929.982006293118,1.0154643018114313,0.6118528201792053,0.10826667161999258
5856.391709383185,0.9014799669167263,1.0006544741103611,-0.15858189007376897
5223.924362841919,1.269621301862918,1.0284686272251693,0.3265217175620786
5156.02586126341,0.6040352452510385,0.6213278231716091,0.12157974058244554
4498.78347603175,0.8008068809080962,0.9383071081280193,0.38366392217178086
3761.1603345529657,0.7374979363099035,0.8707801755558666,0.03424251019714296
4654.072252621714,0.8803012550571117,0.7800973127428286,0.26945569029053884
5644.625708404741,0.9668675063143057,0.7090624634861292,0.11569276132455426
3730.9825003872465,1.0575033809528387,1.1758641197165896,-0.1127453530509491
4061.4374422763135,0.8632566367237207,0.9872358051850525,0.046802504621033615
4888.387415363848,0.7306610662112765,0.7336472167112142,-0.20849656661473404
4110.741650606917,1.371501737442611,1.4013324677187378,0.5
4245.233587019351,1.552910047947142,1.2952581191638703,-0.0252162774263534
4503.480992790276,0.9858216679705063,0.8251124848388965,0.006552572879662728
3844.0678170668953,0.7608049082447832,0.8041973894541302,0.09749646540837971
4118.114707648542,1.3188635327605736,1.3773770869937128,-0.27173633107918194
5292.399541751116,0.5883107234178837,0.694622113478304,0.33034277641664384
3884.8411524383255,0.866306668823793,0.982319846733349,-0.2563323876920128
3681.4895058536135,0.7759707371634246,0.6921700928092855,-0.3128676405903485
4358.982514326274,0.6601161123873778,0.9442267428390909,-0.04163100317575646
5312.368851756892,0.8799939417695576,0.8409645999266802,-0.3198243744473961
4662.154734402177,0.7339569802065087,0.7622243039955833,0.3904851340478441
4474.793245319067,0.9531636160371636,0.7085497888360313,-0.05767581742076378
4831.051158260925,0.9567942919181159,0.9278584160366721,-0.8052918744601075
3578.0047969982434,0.7946670691195051,0.9206170280099649,0.04998712953126052
5146.293957642522,0.8573716608515325,1.0190066857802682,0.1383764967135101
5068.404521982551,0.8922877580240723,1.1980260104957139,-0.10535806209755444
4513.484068132995,1.1524615152798567,1.2367693080131918,-0.3389732564403022
5504.147158257491,0.9128926497339536,0.9811732831865622,-0.025826754166624527
4010.752730732873,1.1561754351965243,1.0228545181225788,-0.12042636680671112
5589.5362952774985,1.0964532458886638,0.9339801051973915,-0.24389297996475906
4908.145565916676,1.0928826742251854,1.28197996415064,-0.2659562675236876
4564.413187085279,1.2969614925864934,1.4654356264806043,0.03905893723434617
4786.088455242182,0.6701522800635225,0.569620613707998,0.22575545009741393
4724.914663932341,0.8317042234232216,0.9877252212157148,0.1153859594992743
5654.198027492402,1.3908247000748923,1.471383397364101,-0.431999464647095
4046.3246107702907,0.8856708748526831,0.7052970067784095,0.15386950113899564
4266.2365325973815,0.24621907752353756,0.3611045235655536,0.19311850300676225
5525.412024450736,0.8992579142130286,0.7257455293331803,0.3484241877119416
4383.125545371298,0.9837348825408124,0.5074403972814798,-0.23747193902297367
5430.373154132114,0.29572172064219726,0.365235301433186,-0.014150659841156883
5989.605188106097,1.283483909971987,1.2839485326658777,0.141881062575958
4518.743481140857,0.7715718840335994,0.7939431092639668,-0.13188842453490277
5276.953628602714,1.0321407787968788,1.6137497653250692,0.13797746258665705
3992.4154030620994,0.8935046136639844,0.9830983510834465,-0.006006581554476925
5328.313308647466,0.6279121451989895,0.7094392901386195,-0.21161370416388658
4939.596790190737,0.682372966341145,0.7998611194549072,-0.19031055967263658
5131.126797512151,0.7162292908931132,0.698089105687995,0.3123223390687141
4348.099549575223,1.2214179772959095,1.3916755002197412,-0.24910466559916797
3637.241609102979,0.913115452974962,0.9970031136014436,-0.29200007104240344
5152.276445324654,0.8195336208620633,0.9065686869261798,0.08609471618295236
3355.617793264382,0.7163477718524421,0.6701846999792657,-0.007643196085623602
4577.854655430226,1.2490375553815316,0.820921810796423,-0.3279053443566846
5458.8273064939785,1.3160503181308967,1.1207963633751337,-0.12985504352238114
4934.328415111126,1.2461859746766701,1.2599310920180347,-0.20419536956513834
6163.839851352869,1.0731093347885416,0.9639670898230258,-0.1604168865617257
5517.576406807241,1.0224575104676779,1.0773173539916736,0.5
4342.271128172097,0.6460155455060246,0.6722451143060955,-0.0756449761685072
4819.119365896007,0.8885452183222355,0.9881429979484644,-0.22031273604303708
4766.840508218895,0.7790349491633908,0.6589380208221328,0.5
3692.476265657711,0.4936219727538225,0.5904113618642777,0.22206369954809893
4141.720758460953,1.2142608547913414,1.0182889446225298,0.18120639014635234
4407.467365114097,0.7760425134019311,0.5652362085617896,-0.20827357357534168
3374.6456480008446,1.2489854768588267,1.1552036191132398,0.2978708394216265
4833.24542777615,1.170436600190003,1.482659605445554,0.20406864705820965
4625.649708742872,1.0891794941583546,0.7583809876734394,0.0367723954595037
3628.974269081898,1.103221017940796,1.1075884649056036,-0.42907578071806174
5082.949005694132,0.796171529481573,0.9662329434821401,-0.004980000619456991
5301.110921283672,1.4144625378226663,1.9267609730469852,0.43248267854134465
4958.924135205422,0.9607813577382622,0.8730189399045497,0.05509570493551016
4573.152277353721,1.0254829212796759,0.8913644530503724,-0.09411663177046575
5214.009506226298,0.7877309166083402,0.6334407544263052,-0.057114335772167346
5276.154252333684,0.7172086848057599,0.9413504153443293,-0.039813076703454145
5015.1824988037815,1.0693240022023558,0.8720458372362015,-0.1999035534442347
4222.7714246956675,1.0043783739846963,0.9291223778069967,-0.010311207340703787
4993.620535857826,0.7526619085243557,0.5020730507870663,0.3606836323863874
5636.836455577835,0.5903933203061489,0.7719936527676852,0.33236371972774476
4382.359658971789,0.6325192281681131,0.8537817769441799,-0.18858397758101603
6268.557537392702,1.2490334292727767,1.396790734952119,0.3189743461376735
4432.058346210231,0.796686546337482,0.5660543710428855,0.19028532816318758
4822.684909338095,0.8652728635810415,0.9988372207384777,0.15833463440291554
4329.260082795565,1.3125850646897654,0.8272328797064687,0.1079779704100335
4956.289585144183,0.6694623596283963,0.7338261980005464,-0.23259409469486386
3580.4448151553074,0.7682512935707357,0.8430626372697045,-0.10139454623927892
4417.770740828295,0.7578082928598266,0.8507206687555227,0.20822960078033145
4035.515159756003,1.3545171202915098,1.4110639609918638,-0.3017175859687369
4894.7368435246035,1.4483458751456033,1.3427633482332073,-0.260193776348969
5496.113162856235,1.1378908063505426,0.6736539041618642,0.07654935619147646
5252.204330980186,1.1458461810385598,1.2344064230188032,-0.1973831651647758
3139.8384473987753,0.8049112492868171,0.8570276645384715,0.20597358842519167
6229.448757049517,1.4368321217260707,1.0951184197825725,-0.18855448906413633
5006.695958434608,1.0169240635896655,0.6953944573072832,0.061095036215786706
4256.4506016549,1.163277566112435,1.4762363654318564,0.08201789116268281
4909.989543293658,0.9236187653072614,1.169507178840968,-0.1205236694743692
4923.332875751885,0.8829918531680974,1.0330560333634327,-0.059911657413648345
4333.205898133905,1.3657605648990292,1.109647942787076,-0.17000287000998873
4938.541667139453,1.0849309199345767,0.5300650409183071,-0.004651176413059117
4374.769398665785,1.3128438652675953,1.4334270682410408,-0.24042181002198165
4516.946605116984,1.013832042936261,1.0851981751457829,-0.05587693787426466
4319.6046049714405,0.7379083658942273,0.725396387673847,0.18712275194880396
3797.130097182243,0.804164266780378,1.0289592403099417,-0.28418776976516774
4902.085529150769,0.9757413106161525,1.146845541086521,-0.12176735299447347
5209.709605561437,0.7933749459891682,0.8602309436260029,0.12956560249623725
5160.418517253461,0.6731346478430773,0.7336958551065568,-0.5194111954201656
5373.947676844664,1.2503542579467561,1.2079001922120232,0.4638960090998343
5027.038147010408,0.813782482294122,0.9633417966888006,0.26131447850773337
4427.092151248167,0.9845481869478301,0.8182472868671555,-0.38458389505933005
5387.764705101832,1.024033397471401,1.1060117244609549,-0.5260489499829379
3849.7377221106453,0.8029617186698578,0.6845152434136551,0.007404396833515406
4169.530032241264,1.3126998665771847,1.5754897031617847,-0.28006104897552886
4125.059950003729,0.6707145596988467,0.8038082286823983,0.24037332254960295
5556.039241397517,1.0154063158951927,0.8729666358304903,0.09850054053292201
5459.951959898053,1.011529426594146,1.0254806257537135,0.030844754084317635
5141.113665931496,0.936436349283963,0.7867998711783049,-0.14256409625590058
5550.350905648258,0.6257718466820044,0.8940275027707311,0.4000019099473382
4184.502052311608,1.167704387965866,1.499487840020161,0.1883630251804213
5044.016583902686,1.135877667583649,1.2614855482500567,0.15079145225516144
4712.377900131785,0.7811078678521959,1.0761708935451442,0.30001399115686056
5392.81747271944,1.1268718018013404,1.133674186887844,-0.2547152158732173
4719.343037213462,1.0437269215751939,1.1928525097964409,0.3211844672597726
4530.539978112944,0.6298469636597228,0.8600786437317682,-0.06615207409065935
5178.635962992693,0.7365177713571606,0.7820732204708417,0.08368242415061244
5413.318417033863,1.2345703612223948,1.2004530460634821,-0.03911575241798334
4332.158363607239,1.0273540462855126,1.2126305716724586,-0.4694664015933963
4757.247030053337,0.8089242635473435,0.9530933984235009,0.23933706524306192
4059.091556450843,0.7353810272068395,0.6638508098018034,-0.456120830726864
3051.3572877549423,0.8211515504711447,0.4805789275451194,-0.24163015000314375
4940.32174198961,0.8388801175305738,0.8383776675973367,-0.11320615760703032
5226.2337493782425,0.7385092418426871,0.4555904562697849,-0.48840388650231975
4983.446766360707,0.5145589719041743,0.4712076123966313,-0.275155655700927
3435.306797571943,1.2350033216001963,0.9769301527796759,0.06120502269600785
4554.405398946468,1.1926584181528608,1.0204216508357566,-0.08666279788388422
3247.156567964243,0.6316861370482851,0.8060959713174014,-0.06603821843128768
5758.790775357929,0.9840778238909169,1.192129980936088,-0.2287516127471475
4039.76179251734,0.7244404493213084,0.8513036208251884,0.011545330939472374
5678.782526621928,0.8846081941933661,1.0212510129700918,-0.08131200629914974
5462.108750578902,0.8638083550315858,1.0061959521489412,-0.41024135025459174
4169.586753224757,0.8430414460705318,0.4367163819856599,-0.050229667392731964
4007.0505341125786,1.4507367710190715,1.3494467526921234,-0.31047795672953515
5045.259151470436,0.8399185788309523,0.5572499913024638,0.2244242779856412
4208.97317397185,0.7479340437332688,0.8733823366002953,-0.09787668367465108
4871.739249510745,0.759354642625738,0.4664601980814625,0.5
4462.020686435158,1.2109442391004388,1.1234062489035552,0.24172563413036305
3553.1891098740566,0.5369744170767663,0.674700919552846,-0.03256729382179216
3238.6723866128787,0.7593442708911199,0.622964905658567,0.14486970830597964
4958.678973946218,1.3117057100278835,1.481393393902775,-0.5224497971779073
4406.909577568562,1.0109965469994115,1.1110024391638107,0.2405948517274389
4412.837128160108,0.9979805012590283,1.0744259367715014,-0.20507262428937303
5287.10468736565,1.4830366150359253,1.5619749347667962,0.022433259261088394
5621.409593642711,1.0115869882371247,0.936753722343687,-0.18190562821250292
4609.218695046734,0.7729534596601043,0.8385359504202817,-0.15532959381084055
4561.580905163097,0.8794807357809128,0.9041765866520224,-0.045283022494856336
5150.100123179719,0.6661419227423577,0.7207125015019458,0.01920819375165451
3850.145101210297,1.2639842600039242,1.044016739366489,-0.006728970197323094
4956.207138323388,1.0936404293841788,0.8072813481797163,-0.0004961560345070736
5186.3201802755075,1.2311035374927222,1.1013979584056206,-0.4064206768703608
5276.161145892341,1.2532459821373427,1.1040187072887893,0.5
3444.2731082482746,0.8464473047681168,0.7461955836529964,0.05799508226700253
4267.051311133741,0.7138117869977775,0.8937278191483622,0.10939183640928303
4185.215723023573,0.9370717221729885,0.7267695932101773,-0.08499777769876524
4869.920868086449,0.7318097323028654,0.7522461129358343,-0.2185386736394054
5136.521205837589,0.9912392188522561,1.2246168308242626,0.037758932742543654
5847.697285212187,1.2330242202086723,1.3974323043131522,0.07231922766025684
4453.524163742349,0.9079650884877082,1.1508450497452565,0.32545221936368324
4451.699251183551,0.9874987724769347,0.8730134989656988,0.5
5604.770413215123,0.9265385959441583,1.0883553726587183,0.3692556009975538
5007.603856971214,1.1506818931094245,0.8809736104554539,-0.44163223085498976
5687.356057831582,0.7830544014279275,0.7769355971839154,-0.1151045352024482
5002.109602106885,0.4008884345892252,0.46380734694475045,0.0839542799885919
3990.01836690071,1.0677172148438452,0.9324505203384738,-0.10007141310310845
3866.8101516555353,1.1969586053269983,1.0711282228265728,-0.010956704186434012
3713.9414256587497,1.0615935611896339,0.94547042526252,-0.5362840610232953
5263.436284330931,0.7899423761329964,0.665386047108914,0.22855325024582615
5632.017776160906,0.6662469754534828,0.8463888423538237,-0.4688638097016147
6094.5534989704665,1.0736243829450802,1.019854271224426,-0.3931223810368333
5390.173732626268,0.9853697382336684,1.028093649751806,-0.25366769607291145
5613.98700427449,0.9185518430854175,0.9648957688072137,-0.02438348844219982
4393.988567142421,1.4056158357484476,1.3274585348407373,-0.4056813387947148
3990.5089282793006,0.713299976454667,0.777328824633622,-0.2650980585162076
5395.055532692288,1.3937592552818663,1.2245519340114166,0.28723626057738616
5092.37652656758,0.95794597621766,1.2403075204643486,-0.028090088256356106
4875.211062038625,0.4911073807822813,0.6523036342449856,0.10838674467451548
5071.160036443093,0.9051993364202148,0.9268065551634743,-0.30906069606243614
5026.229837720744,1.1898740191498602,1.0464614613426244,-0.013459006139307396
5698.671801897493,0.8587362417987573,0.8642563467265997,-0.03396665157784214
5706.489909371869,0.5813053646904012,0.7020404269648005,-0.1988176177265974
5180.954246638243,0.9088713670509575,1.204318303617131,-0.012769276029464632
5392.0620107940495,0.7357069065270735,0.5674606153659153,-0.4730313232057295
5159.843786697343,1.0729536002719906,1.1975506663056124,0.10965218608403286
4477.181187575767,1.1433499540169028,1.3639599844135026,-0.09987317938828572
5329.595272439198,0.6859323980629735,0.519718290200524,-0.06430484795586945
3823.8534517985167,0.7735489862210876,0.7848082894510571,0.2129414505291958
5537.724086607118,1.1391606162767345,0.87356635393386,0.10800836936450232
3963.8339421637756,0.7352889304252601,0.849255961382469,-0.07958479726527795
5000.062300756313,0.6794604660430013,0.681449460873225,-0.2791465072780083
4208.392229101689,0.6553272170509363,0.6945653591051862,0.3321653511968977
5187.372288152099,1.03800965323953,0.9455922099652923,-0.3350305004819214
4776.252341850463,1.027289429879366,1.1689412613202226,0.1573417256502878
3683.6708292856674,0.7789884924052395,0.8563991128152453,-0.39934848605159134
5094.489741712935,0.9512713490320585,1.0051992795289397,0.22946832578628132
4395.455456217102,1.3317830960387826,1.298012363107495,0.25265021322089215
5416.802704569358,0.7064849607704445,0.844037415750072,-0.47815271079711696
4800.927982114085,0.4620643477473876,0.5109631730232561,0.11233376317198371
5076.7946897716265,1.0637688939300927,1.4080978866781981,0.09162591193746367
4129.701731489352,0.9223997090246029,0.7059175464041729,0.17576232617150656
4387.467438000846,0.7724937282962246,0.532642060854834,0.09131006875457966
4478.95295472924,1.113020059338727,0.6953487293735678,-0.2405789231975556
5399.691736169789,1.1598062861671974,0.6576312902516748,-0.05430824186746773
5974.1639614638425,0.3979304950299768,0.5428771431738205,0.4161616341084923
4236.379773779987,0.7868505226671278,0.9165238692922233,-0.2769533689873933
5553.793701260376,1.5293790577992137,1.7441272953952873,0.0807144895877931
3281.2258075920086,1.0958512289495477,0.8485899778588764,0.28781346848876255
3964.067419235397,1.1190259095742874,1.257265576220846,-0.24768820221516125
4128.855080669257,1.2432235696578695,1.2037802884479403,-0.3541966617789533
3853.2439173914945,0.9542672062999314,0.9953359718945652,-0.31652558341278114
3691.488127148694,1.149171040022905,1.2575010332048304,0.09874284039409992
5089.099238496458,1.1295155109593007,0.9356001813478196,-0.31865094324792353
4650.152611590497,1.0847603741881897,1.6195016330251255,-0.03384001015801913
5065.583778323577,0.8694970073456488,1.1323408248613869,0.34281784907580504
5283.330880285059,0.9930147305915646,0.8886613529688878,-0.01282703110215776
4985.931895220773,0.8029096089233054,0.6559309017432904,-0.19445319704020092
5260.434223305261,0.9532035761416237,0.9454647850387528,0.03135241817834642
4751.3273996304115,0.6578772769751833,0.741421152954227,-0.01716821351708137
3969.104628185979,0.7523440021817618,0.9661354677699452,0.11316440970081057
5540.469926574558,0.8794219895187676,0.6914036078861977,0.40478613845471306
4387.621507053211,0.7140736421424809,0.8074384046380446,0.09919221470924391
4145.082590866302,0.8237456823137058,0.5944526267701888,0.5
4675.457486936922,0.909018505811121,1.0073866505748386,0.11382547586938556
4161.032356492441,1.0505655861660943,1.0178856495947988,-0.191832823177011
4507.798732607397,1.1873143254632272,1.5916010144416202,0.5
5040.837745094426,0.834053907155473,0.5974578970909572,-0.031204504336304242
5043.8392174722885,1.283776154317156,1.5559740437591412,-0.26372305797275125
4171.51895350206,1.1846527696563733,0.7549397298714636,0.5
4458.6062389358785,1.0760234579859853,0.778903135252432,-0.18327922154511986
5552.03310333917,0.9884122823241547,0.6584131336435638,-0.19309735800897385
5147.480082413759,1.0297802104671352,1.0750139504827179,-0.1378676270111022
6252.545527543979,1.2467627876665954,0.9129273402639552,0.041156603330551246
5626.08972161907,1.2558949149398184,0.8763628960172715,0.2327153493622218
5601.0051479919575,1.2837366820959106,1.270706301812873,-0.6621979034220468
3828.4920146809386,0.9603317079692507,1.055613571269888,0.23162512132787547
5334.702246143395,1.088741791249653,1.0789155721930432,-0.13863365058240773
4762.825238812163,1.285886626655513,1.1831459747521653,-0.10322361079003335
4414.312737523225,0.7940709912709017,1.1357135989217162,0.42879795273032933
4917.61073837277,0.870395786570424,0.9209994759690063,0.05332703996724997
5461.648074228038,0.9540091657533696,1.118216731828451,0.1119253369662754
5150.582113702948,1.1748996844948516,1.1701474045635862,-0.01214002870489076
4185.068339060558,1.1787930376796556,0.8901866549649579,0.19091064597058388
5319.721239514834,0.8922839722005161,1.0132501185837188,0.4045026432387195
4353.688720546826,0.5728476364050725,0.5563798282623726,-0.6187663207682599
4951.678183275,1.0115459860739917,0.9908610546411016,0.2711544976840607
4587.654952766006,0.7204209656678997,0.8162391526138123,0.3867582659688382
4646.793623785062,0.5775159488399444,0.3942768701422678,0.1252658119751481
5336.370082528357,0.6340321098165709,0.47095832103155216,-0.16934060567621226
4071.8643961288717,1.03159525196139,1.2116723564701581,-0.28806811197504434
6161.636551993854,1.2902593402332017,1.063374578589125,0.5
3525.2397514938525,0.959723629059061,0.8483705665397806,-0.22624592165571608
4381.6326217216,1.0028451636614912,1.0356389091270346,0.37941039276406296
5059.148322959219,1.2457237347194812,1.1002105192347298,0.09762783111894291
5209.019916504717,0.5638862727291114,0.6851556107305762,0.5
4729.666995599807,1.0800441054000678,1.052664445774054,-0.07956504107746643
4759.826507898921,0.9471025539202946,0.9954839233621948,-0.4018952309042219
5087.385059729331,1.0915143647080168,0.9220071311892759,0.0005427117989855939
4638.2513657796235,0.829129022899046,0.8941198877422664,-0.3716119094751042
5775.2268805544345,0.7455156773933794,0.9653558346468832,0.5
5387.544379962122,0.9851272260714014,0.8758873954977562,0.15737455602021888
5410.977045703944,1.3622978308336153,1.515045816382751,0.1945326123386144
4123.690293640708,1.1652275261353657,1.1184765029853816,0.19469257075651367
4744.428102916008,0.823076807454977,0.9814687020205762,-0.1733974201558317
4589.673835895507,0.61475699100468,0.6950340987275243,-0.03300762312926377
4096.0790370173745,0.5294831790755536,0.5972689793541849,0.027591157839942898
5052.1149287620365,1.2790248629626202,1.302761822643911,0.4859721158548641
4423.647969554128,0.711229427966043,0.9461955291880675,-0.2892729496455831
5258.782680895166,0.8686216467512659,0.9356258708987315,-0.18214597243869987
4050.8659059739675,1.280302781519394,1.3351936459089342,-0.09073277655650387
6003.3284289892745,0.546524636130252,0.5712692842179952,-0.16841166477766029
4172.567138985557,1.3230661273687647,1.6440658193464848,-0.3647316136293877
4953.511636040305,0.8865898865268744,1.0245030970896427,-0.6761761301062313
5354.301517271648,0.6628541711903153,0.7308565650567665,-0.45671111641780837
4400.551698859921,0.8881622682127717,0.8871712220107617,0.2747574831453725
5396.728050403065,0.7693508046496306,0.9693458873580207,-0.0020547252448051183
3939.5714815397087,1.060204949726429,0.9208348328014742,0.20888472906351738
5816.482389427792,0.7879668915280555,0.5317460896959079,-0.14562839897709054
4809.9044854760305,0.4720894472702392,0.556497079329615,-0.024583915064773355
4382.512014421784,0.8948593663977525,1.1327258092848924,0.4032893752397209
4590.572759300796,0.6108637369283652,0.8887039914344792,0.3881806514143542
5366.2434885749035,1.00107997099708,0.9793865569500423,0.23549303314806846
4390.881295704693,0.6532174169291689,0.7174898707343772,0.05060444682260473
4275.449617404056,0.8279967992069784,0.9491941528005412,0.12949235688731014
4644.924381691383,0.995646951053584,0.9438303549414462,0.09265957466134807
3976.1265210610222,0.8968853187414326,1.0112900768302424,-0.04173169841352947
6074.380735559271,1.012607570750261,0.9928209967338,-0.10109245236009948
4403.5237861496935,1.1200717914294391,1.3164368093428427,0.28059198632528143
5382.131750326283,0.6605165750671734,0.8214085877370455,-0.3239068872240339
4946.629058553441,0.933900614843823,1.1001798515826178,0.37183956931216056
4110.826164662622,0.11762405062296766,0.17305603189098184,-0.06886070168695359
4795.831703551089,1.0118333254206309,1.398283100230809,-0.32851337617442067
5348.801945517524,0.8747964674062894,0.9854760739761407,-0.13637621442415304
4668.217065439585,0.7041375591305071,0.7926681465579546,-0.21860197177281845
5635.17906209572,1.0289298555741309,0.8673769345345127,-0.14391858802596252
5515.060774947305,1.2431743942962667,1.1671083395838457,-0.14848837967179124
5443.24039826083,0.8309955631002641,0.8820677269625355,-0.15842369284380572
4478.240259408902,0.7137963774395699,0.6432963720376821,-0.07698926703495881
4044.110286552959,0.9912563156096779,0.9349447931247524,-0.016193333015268124
4370.488676246044,0.6160983333384098,0.656258037149545,0.19096490879524192
4937.368658466704,0.7849046573661151,0.8330743649875628,-0.06123815799677494
5182.050699472649,1.2556005404126256,0.7767713525440181,0.08150520165689858
3279.900016667687,0.9655448074530719,0.9460337598174433,0.0018828280121344037
4794.320758871775,0.4801332590134584,0.514056434122236,0.13514519262323985
4910.662457726229,0.5007520881801497,0.5726383664022214,0.011668834913965045
4605.719020579114,0.9905214231616939,1.1978936712645276,-0.16170544382924248
5703.891687311116,1.1655976439794218,1.5944304637869993,-0.22954991316014658
5095.24605197561,0.5455946353434624,0.6994397448674254,0.052557399626053665
5717.134335656628,1.062428151874127,0.7904989179175633,0.31834462247515966
4648.8276357548375,1.2825858768724296,1.1360066532650566,-0.0572811567524337
5456.234244754847,1.4219647469896597,1.4832553300017344,-0.17521591345705062
5944.546476169264,1.0328056899649691,1.1253461978222212,-0.0640426688178923
5718.185414490863,1.0767006486381185,1.2703952510750853,-0.14034862772562226
4035.500884599887,0.41670389309296396,0.4867689234585872,-0.16674512977797856
4622.426745720333,1.4749381369989973,1.2654333648675353,-0.3608986453750629
4558.384706185143,0.8061274467259696,1.136613126221538,-0.061102071565472114
5142.478174553429,0.7166322103937396,0.7750031297700576,0.05894428846084684
5280.447488510174,0.8861984663900938,0.7232702486689712,-0.27047603929951297
4212.775128181985,1.3279183535463577,1.6248595668902497,-0.21958493756696348
4847.4869597418565,1.502011511885887,0.9703331452926849,-0.23701549862205326
3386.0508674907046,0.981352169868961,0.29649225646319727,-0.34666949176155043
5809.361504061323,1.1995210431509138,1.3346455599880014,-0.23889802590981676
4441.338031526315,0.9608010121713759,1.1449215916684814,-0.049464107206489714
4839.1047578911475,0.690551131745454,0.8052040643269079,-0.3355144515112097
4583.245200208357,1.3191859176970726,0.9229711831477038,-0.034385616866209015
5602.21930250939,0.7944681299109027,0.8220864172993034,-0.17586669811510372
2813.745491021835,1.3338826933429706,1.189144370433371,-0.23224551470507374
4788.3727603718635,1.274635332442271,1.0837709860005627,0.09430220409328315
4725.926869751612,1.1035090659893019,1.3875509412715252,-0.1600314013284756
4482.454528685822,1.4072436890635882,1.0391756087111437,-0.11750346651691253
6008.358581944943,1.5080865082964345,1.4769456190995793,0.3245017025000542
4178.8693788009605,0.9061891592589221,1.1449317024326433,-0.23001390843549283
5340.257324064963,0.7478014703958922,0.8530169737880672,0.39146863689809097
5049.376952094259,0.4839325406858819,0.6984258036497061,-0.08694778226316516
5683.063476774862,1.511170563857564,1.5482662166662835,-0.28403365821799126
4332.967640655746,0.8400794977703876,0.9445699326323226,-0.1384870852655042
4286.921770613369,1.2337592142754348,1.2697919099524293,0.01719372665559271
5567.248935234179,0.7646861581226292,0.9058283660956554,0.31362596496017825
5097.724915831077,1.3345664102280086,1.162580724763067,0.1997062021408201
3718.543857326269,0.7749706020461467,0.6031702317357367,0.015976712458926998
4422.4864898757105,0.6520702165956642,0.8458190918398598,0.314988995372281
5070.467857693643,0.8978733922615624,1.1305912192262508,-0.4702592619668714
5386.434955082613,0.8170560747595906,0.893623233480168,0.06236038251496354
4324.538542764932,1.0990749463653031,0.9602191310607417,0.07748493165640025
2760.0208071281413,0.937151268201869,0.6536184621468107,0.080535616894746
5166.256230015923,1.1069255986379802,1.1032771516164042,-0.4025377914971773
3945.775517039217,0.8772446317286765,0.6575735115325472,-0.25422810041961835
3387.8628413143124,0.7837231572452986,0.5778199262292999,-0.04161860553943158
2817.3718525111017,0.8041098630259815,0.8364651473890483,0.2786978762403695
5369.786602138419,1.4612346995077565,1.1475868408917165,0.4788161239294154
4890.032215283477,1.006292733056734,1.0744403900519797,-0.16610881289585566
4642.040533501424,0.45405944763673883,0.514788375720991,-0.32746169799277397
5772.317054073933,0.8199477466364797,0.7496460651860383,0.20394035910628047
5246.127278116151,0.9742165081189689,0.6453881613798259,0.5
5931.410029905342,1.4113499203125945,1.0926561370023877,0.2767351583252961
3825.0851694831026,1.2071746789724749,0.9728000800203382,-0.18715818099850653
4775.814563232226,0.7195705408795212,0.5801900198199044,0.5
3668.3006375363902,1.5545889383931129,1.329622032715172,0.1716999051172284
4639.432367701173,0.9422099087996305,0.7347147082894269,-0.1977533033979234
4625.9689023633255,1.261582452768736,1.1648550894456688,0.4835755415844277
5238.629546084149,0.6612478756500243,0.7528124534233487,-0.21749795284971007
4831.894716799329,0.35045922618727554,0.36080683399127206,-0.15527212966548587
5236.384996795941,0.5978921274079098,0.7190526935647714,0.18165520558528106
5292.408093197226,0.13741663095107348,0.148730752954821,-0.006226329472313686
6308.4500741681995,1.478022331813227,1.0628726518505067,0.009251783001191744
4579.292341299713,1.003633229721604,0.9801962785206741,0.009672875410699288
4141.284109533534,0.7188389953879921,0.8734170484850446,0.2786199814675402
4972.258530721486,1.0631560074950301,1.232404445684915,-0.5810976599279057
4238.40398100232,0.9973335090450414,1.3196562706184831,0.07112847147161752
5837.372537905575,1.1052333489034978,1.001741564293164,-0.07255084427012946
4601.747372738338,1.252382850284067,1.1667328220625044,-0.18812400813265398
4404.096542488207,0.8775197117437461,0.714715533993461,-0.18878410448333352
4470.078995194217,0.7300401734747533,0.5825084986396474,-0.6592774173048049
5302.892196430149,1.1569438035929793,1.1750677502366456,-0.19960452590029856
4689.57711173796,1.1505831944711165,0.9451517395801262,0.3226156812348343
4350.833225908732,0.9751839520303361,1.2216677285774213,0.20801371950688488
5965.746342336472,1.494388547170193,0.9756887488121855,-0.047845440598623126
4200.681111536775,0.8405444692845869,0.9549097224963622,-0.35281393046016407
4824.896251823096,0.7250355070911829,0.6176661910625822,0.20546744306478212
5256.614306127161,1.0545228568766505,0.8721766953254444,0.3274621029151045
3658.0654227080486,0.7812655357716254,0.909303956214738,0.25854866769941615
5136.182350984147,1.073879131036224,0.9155709650843548,-0.24218138874659245
4061.4246271636853,0.74174793604014,0.7061900436573323,-0.21621967021567176
5375.947946583801,0.8499394292670286,0.7354118569126628,0.4139778147110535
4126.144291656717,1.4227101050097912,1.7991811298452278,-0.30231776037424013
5284.938322294202,0.8486031608130802,0.7686294014961967,0.1195533413788927
5574.0831464062985,0.7502871139956759,0.8028544749073434,-0.4444340367682986
5403.005567942963,1.2426696971766251,1.1417805121656024,-0.07507884184347888
4975.921653766672,0.6872395124283266,0.7735793648235264,0.14628760018358894
4638.089339949211,0.7767641924632329,0.7165673292084366,-0.00749148928552817
4396.506296565609,1.0941402801272486,1.0314678366072325,0.13097833026377687
5829.724283571973,1.1846028559683228,1.2353650034326573,-0.30655126891343637
4310.35334588265,1.2551190977702686,0.9923450723437588,-0.20500049112391386
4074.0537485010027,0.7631945419448788,0.9810860359727345,0.12045459462471725
5265.758254522981,1.0990021682465299,1.334142682411184,0.17422203551309381
4242.704237769453,0.8334729501139551,0.9692469847956665,0.054953213265715645
4134.955551773711,0.7985860916223418,0.8470026315521731,0.23676443541457814
3789.4770164811644,1.2508031955730714,0.4806702754483932,-0.4143019846428191
4461.963112377638,0.8126114010351034,0.9189234101668801,-0.11654948758671493
4742.099483272455,1.019551149005245,0.9361227163646155,0.455670943306546
4970.164209362489,0.9888948673076596,0.94228917526962,0.32086720724843
5465.914371009639,0.6823114059153743,0.4570303719182562,0.15840954125188608
5168.828546566056,1.19152321383908,1.2640612731724457,-0.0388417433388758
4666.389446312774,1.0900702234197384,0.7610189741652839,0.2587039070874922
4661.263026534196,0.45342734703239473,0.5437164452306634,0.10728537991540171
5157.110228240628,1.0193552778093358,1.1991821805787195,-0.37936009115180724
5690.799114049999,0.7567566414583446,0.7250326987268058,0.24894061176403234
4888.41993963824,1.224268826603157,1.4616589438065055,-0.21651085358055824
4471.608402052714,0.5886500408048104,0.5566883126910167,0.18992206250454435
4104.993799240118,0.860880757842614,0.9935872460605532,-0.4039931971860747
3788.356314911442,1.0405061377471163,0.7628959978986104,0.39975483302505216
5266.388770430466,0.9635850735354687,1.1709565164468407,-0.06872409470052983
5204.58496654769,1.1407395641784928,1.3057507245228652,-0.2773340830552942
5204.154467574663,0.5703945034976776,0.697954632403106,-0.1721263082676935
4709.9383875535605,1.3629785842168445,1.1803550097177458,-0.08421227432842633
5784.854322124225,1.0812861646970677,0.766026151474725,-0.0014424291068173881
4461.117053790627,1.289929553250224,1.1301169506459297,0.3295364090849163
5468.688466045044,1.1685600423083105,1.3842478727425633,0.017535654119351936
4772.87997350732,0.9470974713862391,0.9823355804321628,-0.5427291994306302
4374.154464724464,0.6289504472722098,0.47572915779262637,-0.3074346280422278
5214.771215122433,0.8091117046878247,0.6542428928557358,0.5
5086.745283078795,1.3473908332156443,1.587536832894208,0.03384719891573149
5049.880931486849,1.2963594454140956,1.350882398427426,0.23769752850262119
4856.894895439339,0.7951000049740775,0.6269713594411996,-0.07708653487345965
4773.474842798219,0.24542392844945526,0.21024523505789555,-0.2511528285517156
6471.8603950093075,0.8968275664237203,0.8019938346036644,-0.1203205555954509
5628.979651637321,0.8780742779677209,0.5675160997547782,0.03208152101460041
5305.978826489859,0.8875568469899041,0.8806552162184383,-0.1150590843067668
4878.259410742372,1.0821348004578504,1.5874720933381985,0.4796169416324411
5505.010040417668,1.1690531448304158,0.771196329718331,-0.15406319855665615
5162.596343474016,1.197574886774881,1.1121821244312842,-0.26370890256256524
4818.343326941825,1.0614272850338418,1.324049226118352,0.2022006899255796
4587.504972313859,0.49980732451934096,0.6601931810836384,0.2330006259612366
4743.357863636118,0.864700066826676,0.863727757480324,0.007494280384621382
2600.0,1.5260224458872975,1.361279510709182,-0.1505359056351819
4947.420587508349,1.0435541837006195,0.7954915488413115,-0.4751647035432541
4458.066743922748,1.0419548921109663,0.9781049521318014,0.30518038061102754
5914.868998798019,1.0398714849434645,1.082007056312045,0.2171402274804276
4813.540849568228,1.0538449056264974,1.2733421093755555,-0.10997207993727391
3967.7256063255268,0.35422195472851914,0.3818625534686213,0.014893119607431681
4765.083892110318,0.8901189207722329,0.8764928631780303,-0.056669295630402995
4067.715240456247,0.9405267920513276,0.7713762955708828,0.4071825603215849
5131.385190998726,1.270373849813353,1.2655769440596203,-0.2594795757385566
5003.66315503764,0.9619182236555739,1.121378542407356,-0.15501537350497993
5470.487741775787,0.5383721533495147,0.6860840269166694,-0.17918155976599462
4246.382745813804,1.057522289042938,0.8010122904593003,0.07754032161056844
4823.805667359703,0.7490438379393136,0.8169178959609902,0.014032363424318116
3844.4847432013553,0.6458035897296455,0.6093463258598839,0.050017040865704014
5291.0463473473,0.7414602383208547,0.9463474808737355,-0.22015178138529157
5163.209826308085,1.0856260574161287,1.0334792405796778,0.3712242076025986
5147.0635147193,1.264690309940017,0.8399575192479966,-0.11351127680530919
4801.133321949859,1.0707324862943965,1.0097656688664478,0.2968974873491313
5090.341023552153,1.1080058059042552,1.185044766596792,0.5
5923.037375816018,1.0682613182095002,1.1056945860309715,-0.21833401345359446
4600.43402007059,0.9753317942151171,0.8798821111952501,0.08559622496782418
4897.051628597059,1.1242326587406895,0.9696584083902281,-0.032900909563979897
4039.7115905730134,0.3453061332326448,0.3427740996922131,0.5
4192.2173268811675,0.9777720878262083,0.9046349262725749,-0.07016348187127497
4868.469305165315,0.688768741344437,0.6150949040286807,0.06217286937952153
5572.753482691335,1.2407256431360347,1.418898039092176,0.056717079877831665
4620.603423023899,0.9132111736957849,0.762342848174783,-0.025099692486960336
4634.858429481514,0.9577370220669575,0.9896706919486482,0.18886844196671124
4515.180328846937,0.573732031436549,0.6481247778784445,0.023349100113761165
4425.670330408974,1.2042077222532128,1.3797224681423554,0.12046293451127028
5006.480018996175,1.1068320300684522,1.3208929180284719,0.05340067621424099
3751.919648374949,1.0892369705851257,1.219819533139693,-0.15113443142765962
5696.6577036667095,0.7467442869577944,0.8475375572676322,-0.0672405149313025
4334.204391309378,0.7565900387654674,0.6322144450838469,0.13885571318574003
5305.332439806699,1.0058998636114762,0.7899346990729894,0.13784007547583654
3911.000981824287,0.7763753974379872,0.6785568243994461,0.3112522622029237
5268.1880913823525,1.0587232406693345,1.2041174924767182,0.46481103695966725
5270.361225470148,0.40977184930831945,0.49700046798946146,-0.13026721931025229
5068.941450404128,0.8281138608983518,1.009347668160652,0.03371853956990981
4103.900034740145,1.399188366356623,1.5706702424265722,-0.048351452387951604
4974.683732718654,1.0598714569989411,0.8955131307555783,-0.2768269093497191
3971.8606706859277,0.9916984161327481,0.999725428402048,0.1411387847011054
4623.06572143267,1.4463066339178392,1.3399179865380355,0.1944592910014639
5520.589170668728,0.366011595299641,0.4181657321069234,-0.2692478065466288
5357.691348949519,0.7461722213029731,0.7065420355095883,-0.09362483479382977
4810.628059778303,0.8497067070631527,1.0858448313526428,-0.11802238060733591
4117.635396854011,1.1645878082513474,1.1413759005811424,-0.377106175806292
5251.911398521936,1.168914090807059,1.1359685786770586,-0.009094332541280713
4813.566866388617,0.7334983227543435,0.6551055367471589,-0.2863104191096423
3175.779081238704,1.1994885805356374,1.3128315713334144,0.0397484228138316
5347.840878421563,0.8491713081695731,0.7010215071709923,0.06728038123994763
4783.037016291216,1.2529099064122917,1.3066314395616643,0.09825569582618147
5641.71587358815,0.6918393254694855,0.8165661871404923,0.11033054443246997
4033.3106368100366,0.9191721002334599,0.8576737439000208,0.3827351791493838
2600.0,0.8274581711558598,0.9140011751644731,-0.2021615352038977
4995.35870084163,1.2140075928914285,1.2111891098015817,-0.18962045400430919
5004.094573677381,0.8193046958584572,0.8459097039788689,0.16379097429403544
3616.5298606754836,0.939387867747061,0.9536715009813707,-0.03299538132892855
4115.050317893376,1.0767028494157622,1.0740144079994325,0.2813316517645693
6728.652420603931,1.0863146207565297,1.0962368150061639,0.1404221980915111
4586.072570092338,1.1717381518682928,1.1488563841649608,0.4795278320732153
5311.671283463351,1.0027811942111666,0.7809604259624539,-0.02283211244317279
4344.538120842131,0.8454377711800422,0.8476938381395747,-0.3705098929966461
3336.7879708027904,0.8625753136603124,0.9355386865819704,0.08516535499478664
4680.819227242866,0.956418078801903,0.9837561296143681,-0.01791853947851965
4614.076807799726,1.0123981190185958,1.2025459299615202,0.13362187162864267
4520.08523293214,0.9132070880378909,1.045269844681956,0.165651796668801
4719.751415145525,0.9548008552413868,0.7959159712713954,-0.13363712877398073
4984.987790151946,0.5706865348569736,0.6171608921659996,-0.2522514146312888
4694.918134122336,1.1168388211136695,1.024404429600771,-0.03648583750309656
3915.1956824368453,0.9952780722223574,0.9953542602190724,-0.595297883943614
5140.329354093357,1.2004676033852721,1.156701549020868,0.020166814696554475
3435.439771274304,0.9500401268517712,1.07721948183778,-0.10185951878404093
3364.74977990106,0.5154006053695535,0.6093287154880334,0.21541876112317015
5317.426346291098,0.8603884526733312,1.1048712974193697,-0.4964621333857788
5154.91419049475,0.9000175192203957,0.9634855063252225,0.0015863274501593607
4759.823244448175,1.1357258263583996,0.9232585677191715,0.3940560711792848
3823.1860466714497,0.4324316138716512,0.46357795745799957,0.16885033198775468
4304.462341528148,0.9602948792372337,1.0850143097611904,0.24516799892196567
4616.077276619447,1.0784188039483265,0.7193252883732241,0.08493338065748691
3682.8742219981204,0.78462802867962,0.6019269746173428,-0.4153835174751649
4282.679939383737,0.9686570024542118,0.9769316345769645,0.04163229327561937
5256.631236723676,0.7932408727125388,0.9888680134612344,0.10212234001600107
5799.113755002451,0.7676067666949024,1.0208602697137836,-0.26955613604769346
4506.395673139014,0.8478950374671707,0.8382903164231191,-0.03163846083983336
5329.541848021268,0.7723270018832473,0.985832154539155,-0.7252676572609791
3460.157950588773,1.1209045779840832,1.1114427423330533,-0.08352454398545202
5261.615868779528,0.7662620307911555,0.5606401347692173,-0.10909398570407565
4237.236109690763,0.7242724982380181,0.7712932124581251,0.35055983890333703
5015.141931695579,1.3919821667098833,1.1416140198130336,-0.15080577565717332
4626.573307232204,1.1901850029560088,1.3605467782903737,-0.06658926464886974
5724.289806848684,0.4846216598351999,0.5572965906836815,-0.019807194319202113
4187.895046162057,0.7588079275368665,0.5969280552062641,-0.147580005982595
5239.3244082932815,1.0106157429306777,0.7059960535249751,0.17994785545803976
4604.344775692427,1.0309387668078733,1.0203758396037217,-0.49809800346422006
4689.186165393236,0.5773767835657766,0.3324914992992733,0.2841441760360325
4671.302274788553,1.2396413732055804,1.064443664349957,-0.002969529578967323
4208.028826854121,1.1563061047954064,1.1751017911820918,0.32541178369885654
4790.13072386533,1.0704754080100847,0.8327532009154325,-0.6868080355285678
4756.146244514725,1.2891821226780302,1.4689168859012847,-0.6090573301527769
4968.868173884711,1.0630724981427295,1.3002940209259493,-0.07299463989637507
4859.153601985004,1.0621452198129617,0.8360264681652073,0.12647884700014017
5358.596184728565,1.3394198179555605,1.188069691020519,-0.13873317900079357
5446.456031233158,1.2253048951819272,1.4105623522748927,0.14596145752062886
4064.563674720539,0.7396231352721172,0.7854070658463077,0.2453274393607408
5408.1407504135395,1.1082987946679788,0.7829311359578033,0.16649988675534202
3969.564501023102,0.7839330337603545,0.7994523099965154,0.025817126095020286
5211.4991216964145,1.0760386377375695,0.8794959222377894,0.023900712413514085
5233.817149292008,1.0691533767549535,1.288769069100575,-0.153698771597096
3462.0781758362473,0.6041331718860035,0.7491762042395198,-0.013843581050944402
4865.085472570587,0.9195385971722412,0.876416965686974,-0.25605772180868175
4472.052720647779,1.0163142558951006,1.0418302973694378,-0.1961823668402644
4268.864319445238,0.8409274522514607,0.6428123481910005,0.12859104988668874
5745.596631489304,1.02867748559769,0.8686726236376852,-0.11572028288283728
4342.4246015538065,1.1514744442502671,1.4672094282995656,-0.18439047354233323
4235.5361496173655,0.9423517339423111,0.9638156016967463,0.11230775329624826
4852.9864580035655,1.0061498691770647,1.191848661563315,0.09497491423260428
5279.912822408892,1.2958560196389937,1.2874910472835843,-0.053824896362152826
4700.8459897929115,1.0682991458063065,1.331399114119273,-0.037233857680409425
5616.459381968476,1.0002060724186184,0.6003314445305056,0.10398697246997676
5171.682963374863,0.7104801550896598,0.7321120210557376,0.24223927909597265
3275.2520761879987,1.117756502847212,1.4527419379702167,0.05027141478844034
4429.373125545094,1.0325374873479847,1.2221429123673728,-0.2980084775942781
4406.710530453811,1.270934858425352,1.5325502326504135,-0.0553568731908628
5135.552667400596,0.9617196358258278,0.9679453184875179,-0.10178745944835423
2962.6280605381216,0.49593337496650103,0.5093135095376772,-0.2632465265936115
6584.306796102405,0.5249697827929345,0.4745019788753142,0.1244831914005252
5171.718266425947,1.1339201909399332,0.8631823253593959,0.14371314484883344
4904.213762742384,0.8074516005754616,0.9787675240023618,0.18155210542648995
5627.097401493403,1.0591919377776242,1.15455425653143,-0.24772823852052248
6440.557836968837,0.978558161125589,0.9697236267271737,0.03936273426979331
5409.5226512118825,0.9082900830765198,1.0200433237769768,-0.0015688082110317462
5464.169167530134,0.9259096786029442,0.9670637873972311,0.07685077333547145
4891.483017125068,0.7336526237386932,0.9307439143747746,0.032431622874548226
4700.931972643136,0.9460555777750823,1.1388757499558801,-0.0031364862290764496
4466.94318919657,0.8038766418014003,0.660738749974267,-0.03318093986863691
4221.72160579982,0.8569358699685737,0.9321796679717183,0.27671015250638004
4319.090130210352,0.8690877388227097,0.5954878425605094,-0.2154535018798215
3854.610824959912,0.8933266825253201,0.9380181879738401,-0.04329271769126218
4746.889984520483,1.1805433641267715,1.2800214810935506,0.27034266670149004
3620.7326959415295,0.9175522926988265,0.6882132862865745,-0.20276398100785226
4933.641566900597,1.2059255841475247,1.0648468962881654,-0.1900219819359967
4774.568574370361,1.3344637378316204,1.2620369921654948,0.18348523611295234
4902.854708870682,1.1637361627640372,1.181789911164477,-0.35597846016176066
4434.507900986006,1.0836171337671276,1.0069343151944743,0.16515778075662346
6953.8022591263525,1.03170805237088,0.7849006490245725,-0.12240864481174085
5752.081130126219,1.1663396772625174,1.1187769634031755,0.10250015388010562
3928.820249940694,0.9723401846490598,0.6546941141840344,-0.3051836417639066
4963.007661198829,1.1961424614892997,1.100358339005566,0.29626906663959207
4374.395699943873,1.103526451322421,0.9864843360929604,-0.3043096624723857
4089.8641913048104,0.860039884804903,0.8625678401019493,0.18123758838666348
3861.949550213246,1.1739627200257015,1.0097241079758854,-0.2938655959439963
5102.5516835314775,0.9728700014943921,0.6832627934839015,0.4520752177722659
4323.033835451299,0.9234669980969209,0.8695427771298805,-0.01784544546378224
5477.4782168176425,0.8309502099002531,1.022833043265319,0.4877142737492459
5495.647550171308,0.991504711968643,1.2437740398030073,-0.20472187185266494
5761.7400696480145,1.199115653853246,1.7204930689361453,-0.1106626740121989
4203.329263748127,1.1722350013982592,1.51975992218574,0.3026798009330423
5132.755927484407,1.0383484493647392,0.7838589196371519,-0.356549005443779
5242.717951649611,1.0999109101812587,0.9910064800453147,-0.17481666396748552
4468.075277427224,1.2679241978806395,1.203624373871712,0.123767107422333
4259.759629824987,0.9125084272072846,0.9134684555832009,-0.25469514417408323
5926.664466043181,0.6711449991174484,0.7369721310985323,0.13045435550476117
4959.247113012438,1.275282463044643,1.7996668864338814,0.042601096255429564
5245.1774254982165,0.8175554369923204,0.6669641372938419,-0.37841140593554606
4224.5467917204505,0.7774154691640238,0.7008937890930371,0.24194219699586658
3946.500873434464,0.500950561166362,0.764335682700713,-0.3156082732986422
4401.385157855522,1.092820763291074,0.9413292194451696,0.19281977424323427
4713.1850288270025,0.5446368438619447,0.6634264566771474,0.03211884956107025
4055.0459952278557,0.7624352980770658,0.9715049289776293,-0.1137531161764355
4793.108633944732,1.0970591986287646,1.1817057587850968,-0.27635063124022097
3618.04636835205,1.130480313102093,1.1453955141330558,0.08231733135203739
4015.9668042710896,0.7870739629454415,0.9806799446224662,-0.2181311983693818
5269.637873793812,0.9164616682518987,0.7660178554660543,0.30198836901314413
5222.653364194526,0.7318513683984617,0.7016680036864971,0.3111126523258498
4525.6862642291935,0.8129008030472042,0.9380536710086564,0.4105085052464992
4087.564983646133,1.0165538150382267,0.5938612972156321,0.07022435926882709
4080.8175139317923,0.8245883303008855,1.099825070447131,-0.10107745137459402
4538.71222784108,0.8889462399560827,0.9653485606919188,-0.07422564516766424
5251.162944151704,0.5838233295956082,0.6700665997683882,-0.09252189570056353
5449.771983941027,1.2332390412015344,0.7969509790839071,0.06200138458227676
4452.427785162622,1.0775166482927663,0.7883877229855827,0.10915181389715063
3992.555301810651,1.1482263429593005,1.0278826386626976,0.30789109150422445
4987.490546506433,1.2726063311542155,1.40854015280584,0.005030853899007915
4223.525520561905,0.7436967811135708,0.46135218410033524,-0.35080683263338963
4437.223152797158,0.8604013792429941,1.0264711979505878,-0.10185523161547548
5727.693263305926,0.4762914081044472,0.5126763009659117,0.38896294501413076
5378.980799996038,1.7351057275255592,1.4845932803592543,-0.38914464261800347
4910.582018576016,0.9126036711706559,0.9765898015229485,0.1847874901003454
3909.656699221094,1.209681974978728,1.227216848691164,-0.09764327839586015
4947.977597229461,0.6404597139161352,0.6003918877850252,-0.22086607759988014
5543.860103551268,1.1990971064107523,1.3008555209651345,0.09890276227803124
4537.056433964125,1.4143977191624164,0.7074887658801104,0.3902382564056913
5745.779862990701,0.9349298127430046,0.8622329493447864,0.08511104419579275
5704.921702662745,0.6972796258525996,0.7724549734104836,-0.06563605251030978
5964.612982500432,0.915300899763616,0.8673722450404249,-0.32401230990159224
5013.670188571947,0.39330961876069337,0.3008153533936463,-0.02471229027568413
5211.1741898642085,0.9405283247445395,1.0964812879169017,-0.33303745507236027
5789.931101831763,1.1552417848282488,0.8421437790001479,-0.07748105535505749
5113.175755948283,0.9410605889066214,0.939701510361496,-0.015764412097900946
4449.136124546851,0.8789651113277581,0.9295448810156982,-0.5901353726776187
4486.020014430497,1.0818920290280083,1.0692171004576883,0.3470805511469717
4966.988467641618,1.101006211737388,1.3325310896253646,-0.3096303682801096
3896.607004637647,0.5350236093737043,0.599856284135483,-0.04648980029267374
4699.7187592450655,0.9722057405696971,1.0612869017678184,0.13345831145312909
5567.582982761178,1.5589962810573108,1.4105645043849118,0.32713742954479474
3266.122304184303,0.6162459385879939,0.7621226975935652,-0.19803825159320804
5874.137471256161,0.9286452917917334,1.205169784482582,-0.6272963152432238
5585.661953092212,1.4354365305129257,1.3720582897810478,0.2696659290028217
4478.164768918667,1.2260437891359188,1.3611363376291454,-0.3123737216065524
5180.373579510267,0.8216508298059846,1.103311668112981,0.08986081089593206
4802.203408834429,1.001533844905651,1.2729967597862493,0.10539742503391149
5660.993257907078,0.9494720800037941,0.8854422165335372,-0.8130073581678967
5487.8781999389585,0.7629820489195831,0.9723481452376113,-0.4037091928861099
3819.9504937718934,0.9314369731267294,0.9917687336038136,-0.11520280167928384
5211.083689424924,0.8800084667983676,1.1045217840985095,-0.6460319797348086
4656.060502449726,0.9781872345191873,1.0942493784863434,-0.3345128190643532
4857.9827993626695,0.7629042048272416,0.8497349202902726,0.03071964003166682
4290.279669321129,0.6308454499388347,0.7517713631864326,-0.022120913022817164
6023.695948384585,0.9396798066519073,1.0000144984350001,0.07566360766106804
5528.043273931803,1.378779554544695,1.3691061491149086,0.11230524468221298
4282.160185218923,0.970550731565699,0.9453545314701773,-0.4204573917449034
3865.7725751628373,0.8671015552671136,0.8472701217130547,-0.3212120658531598
4530.029158315507,1.1385214512596247,1.5005607774789684,0.1903415473780125
5104.151852263914,0.9104200968511553,1.016267561835421,0.38108256025067
4968.144090762356,1.4170082312397774,1.1700583001842215,-0.24185201221555314
5677.192977337771,0.9490218726762303,0.9057962805587977,0.06472639852423923
5352.943805526596,1.1251242657895408,1.3310512858285812,0.20177072332847382
5478.6983180270345,0.7613489044016817,0.6856384370827805,0.059388904297321216
5028.798780427306,1.0757723133341655,0.745931081526148,-0.06219157635524525
3827.490888852307,1.0187733692359384,0.7290781512157266,-0.1601624986122482
4663.011028197169,0.935873468835198,0.6204224263734022,0.49631730119138534
5542.062817936066,0.8245605597075699,0.6343790788481417,0.024052260381743663
4763.933950032748,0.7904924585869063,0.6328679228652019,0.0972355078043187
5152.163258036623,1.020588165994913,1.2980381764609505,0.081080020186728
4576.876179327707,1.1072347774241185,1.074885146214117,-0.20310460175020303
4079.1317060207084,0.9182093009264671,0.8661552822196239,0.012705255828576317
4713.659155167723,1.0218169822801981,0.7237055741721425,-0.08056067196952546
5016.333210122858,0.9405213304668075,0.9248721810706123,-0.08503689779222118
4341.018596376989,0.9746315062263469,0.6392573944796224,0.07923978525469097
4635.002128600332,0.8998887543306937,0.851170791905593,-0.2289107433088351
4142.375730609812,0.954493144842077,1.3612231648110258,-0.30119710520093695
5583.471442294867,1.6245101142043565,1.6699986301762055,0.12568126510135505
4593.880969688376,1.0279085747018561,0.9793713607044171,-0.13290264815716754
5816.928881588328,1.1113242396077607,1.2400365642806073,-0.08625393006918411
5870.123495378636,1.0595059013320243,0.9380826228018894,-0.4821991381691654
4743.267824694779,0.8842957941757351,0.7611797867760128,0.24077069554415848
4094.085887216855,1.2734973033229169,1.6269373239475002,0.1310040529789234
3339.8714855866638,0.8772090573934146,0.6947743648973025,0.17701719632795745
3769.574048881246,1.2137636372356377,1.0849386134033485,0.09683140509943607
3838.315622570938,0.8664482504833878,0.9462242385258599,-0.3789892384225661
5764.9287392230535,0.7100068702139897,0.6179718706569483,0.057249741169787975
4881.077211058862,1.0413490520590483,1.1673524586568704,-0.15228337558623728
5072.723166864392,0.6738329109744733,0.6844785553871666,-0.24071427630838482
3245.705293745412,1.0839100562541524,1.2082059245728307,0.12501206036143028
3961.423499547917,0.6514603359771708,0.7929395503501881,0.4146272291881698
5420.955843512401,0.8702479923817866,0.8512879062260684,0.37333485473908534
5000.74187866781,0.5920675758688145,0.8824541861914488,0.15553625462765397
4696.9563049200815,1.6560417523506823,1.2979037282410832,-0.007557039864799156
5195.389651020086,0.5365101100959213,0.7715939089412654,-0.0538855802297282
5945.058464295071,0.9524534350991011,1.1877834354633527,-0.22612589661080676
4645.270275524064,1.2358260685825033,1.6041358167777204,-0.06743329592666915
4848.558861860649,1.2090964771467563,1.2045640247453395,0.2271309898970361
4934.817843111914,1.1628355305432843,0.950325967518236,0.4557847830062342
6474.476744691795,0.8706929029446311,1.266947770923052,-0.20412032674100974
3330.450614906682,1.2877722365842503,1.1423013270549547,-0.49875337116792473
5278.256110352166,1.1783477727005456,0.9547627419308168,-0.13271849902807623
4719.638425868656,1.003074904415119,0.9644084753762677,0.22598852821778373
5196.740208328925,1.010145189431648,0.8101779075508363,0.5
4339.839212203693,0.8740193380961568,0.9923603549931995,0.3275103016642009
4765.724478399085,0.7225869935417404,0.6776960207275436,0.32132130309459445
5297.987405625847,1.259287743869679,1.1333989318193187,-0.2123900884186851
6979.037140730688,1.2780519984003829,1.452384269393128,-0.2053473433872521
5365.6253325814505,0.7289727147425196,0.8734149768401269,-0.33095240931655195
4206.354081378644,0.911553708713452,0.9314882123307948,-0.1663699340313577
4503.368222584108,0.9141441958852676,0.9625109442362858,0.22852444585279136
4482.610124131302,0.9418360240649225,0.9555280243423886,0.40612179673373144
3543.0497791589896,0.9660737196468954,0.888883057566659,0.08637931782071565
4568.936865808994,1.186715365411545,1.1461929530340966,-0.06378024000247966
5312.980357275222,0.763195672878314,0.8846625288998416,-0.26668120441835547
3908.0375166462436,0.738413252121835,0.7647872863067481,-0.0281287890033231
5533.937855735415,1.2591549355357436,1.3033888461072176,0.050781581912638644
5141.442374759037,0.8343388145296754,0.720352250688227,-0.36576801819329896
4286.0366746202735,0.6342411616057334,0.6108037924735417,0.2303682321266972
4700.929253863507,0.8287175144750325,0.7340800663634844,-0.10597849907716485
5918.825265348723,0.8674868161889997,0.7916278448144051,0.21535396027530013
5313.483469454106,1.3387406819314411,1.5879730625180128,-0.0027299905127460573
4806.148558428704,1.1812065530941842,1.3084133292654074,0.07430417322182674
4633.621678127311,1.2368801541580605,0.9300770151643392,-0.17548730252032688
4853.626349316161,1.1549934105866964,1.2203734051941892,-0.08615382145386236
4441.765509440387,1.1865609179038286,1.0570805729792365,0.1605105308404892
3326.6753459966894,0.7779794683549204,0.7063963715027073,-0.03287455868459347
6229.524537374312,0.9003494611616288,0.646238515506087,-0.2762435039242923
4908.727499439581,0.7025211717441128,0.9004744932847271,0.027893513763069998
5078.703085585776,0.8973779923657417,0.6668843830591263,0.0964187542096003
4759.464575086164,1.1210262477336852,1.0843151944829847,0.34322213141800767
4285.418239492788,0.9836458212030617,0.8001131290969866,0.28813831716486793
4669.85286333586,1.2778702047400738,1.405512918856089,-0.01615888658846707
3680.423666463982,0.6646460519431951,0.6729988554587514,-0.13683379116606137
6393.960548637313,1.07505958767456,1.031114360217816,-0.057075349840422666
3935.8416011043228,0.6379242995326704,0.6838743394568757,-0.13093337684448092
4077.6236013069743,0.9735441172934105,1.0380085792097198,0.1265403064259867
4491.81855692952,1.1350833556391198,1.1095587875770738,0.2604162806539125
5701.653007396664,0.8963743582939452,0.9082732397602654,0.30995858982352226
4810.156299483858,1.0877816510217388,0.9587299149325886,-0.10305161312441626
3934.7049427786765,0.7100669162917664,0.5209119357270476,-0.1280065998535296
5678.036852530137,0.5340775054509042,0.470010233132965,-0.10509860613965769
5311.700438749837,1.0892574056219506,1.2246584949969361,-0.48300923752153974
5176.904470051517,1.386002558518933,1.2189924328432595,-0.3007030896367296
5301.013968819589,0.7009887649575269,0.6526602091220179,-0.008638251484670893
6476.053330407715,1.2555485450266988,0.8623979692316297,0.09481793511099237
6329.566426525278,0.9608558522041027,0.6354438043261503,0.12279326447063652
4319.299259897693,0.616077119576731,0.583287277106712,-0.1951236054676337
5936.719494967807,0.6671236746619593,0.8518571596044151,-0.12277753695483852
5068.21773283123,0.9539461933401625,0.8556941265510499,-0.06737595165986524
5149.367071296425,0.848884428018974,0.9474180522821819,-0.09528147470888981
3615.41041784967,0.6217717558104402,0.6012918868419621,0.172004430166166
4680.729964228263,0.5264901796936488,0.6750470497236272,-0.32704352749048216
4231.023486764405,0.7383201680183734,0.7293150642656285,-0.2873239012607355
5379.641170425317,0.9984522520827795,0.7526898714449191,-0.07460882391186156
5549.756350281963,0.9483998118492154,0.9069438898293103,-0.3414009258344186
3347.8595542885823,0.8246905106249804,1.171487865860691,-0.4751175697391653
4784.57559519701,1.0004717985728706,1.3584893921693502,-0.3733692899049387
5585.303053355977,1.210006679965672,1.2780805614883444,-0.06067864711219171
4669.324726380589,1.048531627608537,1.0101694740503968,0.1576327040813688
5310.344551501655,0.9196728321526048,0.9920467902838661,0.1628416335982065
5045.815827338959,1.1820180016651722,1.2155808995082278,0.39697885813477285
5039.162162366839,0.7100374244459262,0.7543042938421353,0.025416279392715114
4610.079515352192,0.8937701151111621,0.9946835062492603,0.059050128082207005
3948.393437105003,0.8997280160999079,0.9572136519339208,-0.06260175925708611
4014.9288968024807,0.6407616853892886,0.656155344339947,-0.05045661643400225
5296.546760118722,0.8450314594289106,0.6650490037708685,0.5
4813.620778863218,0.4312600797761742,0.46330990876506045,0.06533785931375798
4703.041428774943,1.4280445119157383,1.542465132515093,0.0870685672735304
4503.276970374353,0.7156465528909217,0.7603568428225094,-0.2862785757292416
4586.3678081634735,1.346528532855328,1.3449366289107632,0.10260556872626703
5532.8382561416975,0.9595211264298731,0.9127210680724157,0.16458299483086614
4565.3291426923815,1.0912160330389897,0.845082623236884,0.2775775319844664
3861.2547006889017,0.8278000504122671,0.8186576259976726,0.15752113122537537
5320.556242878121,1.0019824229904186,0.7967701979190519,-0.03168455702099586
4656.586335294698,1.112622409997109,0.8525050725133682,-0.042355828215802194
4821.977105872944,1.1161381035985456,1.3551603422689904,-0.018020169692225713
5925.304814479658,1.1436933475185893,1.019846933124581,0.026796760890225816
4785.607609854645,0.8579168224902058,0.7534325035644122,0.3169126102015446
5002.428571183108,0.8299100818771612,1.140194509152063,0.2681598873003018
3974.7535560911724,0.5514559186830991,0.7224158050511091,0.18822773843144508
4646.231383354328,1.0808047527942342,0.9850702308465804,0.5
5226.668231646021,1.2205946778308605,1.2732037633526339,-0.6640595938192064
3711.2383863111304,1.3539954199794824,1.2142687031903974,-0.11501464358150766
4940.591565180996,1.026293158645127,0.8795374026622637,-0.0028181547785957207
4870.553750851364,0.7583800567728576,0.8776051203508589,-0.16805736849024322
4828.901218911207,0.5257259641776362,0.5590929292906959,-0.23243768116309776
5526.01122906077,1.2104166832708376,1.182650931493494,-0.42928991009080175
5034.106960393965,0.500930858305616,0.6927029719303774,-0.07783215302106564
5834.6503288495105,0.8648489805640582,1.0525890171274086,0.2235067634604578
4104.487339084175,0.8939232930140885,0.8136190431166885,0.19348408557606825
4895.147197052844,0.9326362155372451,1.0376672766236046,-0.18803247156017544
4859.126750472963,0.95895065000896,0.7488907633608923,0.05506126963292162
4051.521854371444,0.9845368890918937,1.0765769930099207,0.3393999538040229
5469.406501463942,0.34615918448036753,0.44068777597840064,-0.3800167613363082
6427.271314096973,0.9536639774675316,1.0357290952586393,-0.039708995093132346
4788.095747861318,0.39260610647203065,0.4451737440742108,0.07162407270223485
5153.514761791637,1.1330545182727487,1.5657180680247196,0.00250383500919761
4859.162933070729,0.8112187110490969,0.6934042924887952,0.21265834850434853
4300.490731064977,0.41074081869416235,0.5860996805162451,-0.37445650741546643
3525.4678055385884,0.746448830653656,0.6281085572190517,-0.2514546651993533
4305.958561833244,0.8074811652038365,0.9277725054702926,0.17051033567399887
3825.629133333788,1.2476749043887512,1.3311210594278255,-0.4255560152737537
5992.871454641383,0.9991594354375612,1.0103152717747825,0.20294196025831915
4719.423214253733,1.036111236087645,0.9268695666332343,0.11245453905797828
4557.85646966698,1.2453054085551503,1.2254897804362963,0.18547993492634016
5422.407677351464,0.9259639280188776,0.9905340768110874,-0.11732241318992598
4014.7742280008783,1.1385469902581007,1.506525458711317,0.12745960917836294
4263.1951733968135,1.120965278482998,0.9044980001240888,-0.2930718925376968
4847.6505884740345,0.6283826266076469,0.6129031239050399,-0.10362623561657985
5520.138293996436,1.3182458944074573,1.3184097258141676,0.009084735069383317
5151.1795316181515,0.5949245549823263,0.6262377840506521,-0.22468735613922744
4973.827599761117,1.179341662369462,1.1182377551192897,0.05452671700856532
4854.682414665212,0.5707317407735918,0.7751566549575497,-0.2860518071983164
5080.1650988687425,1.1003091970379182,0.47059270251952695,0.06716270245875273
4941.157033590478,1.4154787195375431,1.1625394706238328,0.43546257609681965
4079.0194076561447,0.8967553358624472,0.5971329415708561,-0.3141664096543396
4832.255455143206,0.8859110892867134,0.6905634220345575,-0.005640029068981377
4048.417938757573,1.1026099998292123,1.6012921564711033,-0.40449026451128695
4856.757780030576,0.8676508860093642,0.999428995710941,-0.2082385045226043
4463.546440958231,1.4045696759357054,1.562053130863069,0.17548729293486148
6577.567135948003,0.9980480623646739,0.9823573700210414,-0.10765715044753357
4772.073931373801,0.8699576229448185,1.0302769203515776,0.18560253469211588
3817.032303616888,0.8149286180260792,0.5490221323577559,0.08897083966918934
4706.073852526153,0.7167628824567448,0.9252199177183121,-0.016129567834998065
5163.551121946522,0.7930612533106276,0.6944929773552956,-0.2573531486808666
5971.354762306766,0.8623316515853509,0.793869505149565,0.17137205462438443
4387.383320042897,0.8280902316253549,0.9468067952089354,0.07603343211287364
3692.300418183452,0.7854561814657239,0.8764941749685798,-0.38201010200233876
5371.785908001687,1.4747103075881098,1.387566716281054,-0.24113139832082978
3833.5809058702444,0.6924762308776276,0.5421078692931516,-0.6922572203878414
4494.691190944761,0.9866581469115436,1.009061576635602,-0.34140670157093983
4619.665660142304,1.098130252440218,1.2848139494842739,-0.0783440652550934
4751.2565826899245,1.107526998895933,0.9695702224654237,-0.26396391008692316
5282.415119952035,0.9353482310543819,1.197230258096457,-0.20791664901342174
4321.456002399529,0.8898243570381725,0.7518657699748246,0.3476425393939443
4608.389523483267,1.0628868728098766,1.051375869693516,0.2572033310095166
4790.010752935428,1.0166304124945502,1.3244264489972852,-0.1736670469401505
4904.718570263151,0.8852602913081216,0.7834833511384678,0.1983844086006289
4868.479022295546,0.5595303570688923,0.7609047479857384,0.30371821322604364
5105.204042655806,0.8330190694166881,1.2052482686472357,0.1546371228964389
5390.687656749216,0.6633624590731355,0.7447473162667085,0.07473187076047384
5074.843880955677,0.7832101124834183,0.7357493269647579,0.2745807694296012
5117.509866456453,0.9583058096292398,0.8171322958575786,0.19237949498935317
3692.4437832774656,1.039684035999154,1.3007948834415932,-0.3032735658893527
4835.159389415976,1.3951131878231016,1.6385078305370127,-0.04723306348474166
5135.655283601126,0.8156484052740465,1.0958360475604676,-0.13801727026488664
5310.258836199315,1.1436564088187877,1.1060499585382713,0.28811837098176973
4315.354458036344,1.026490006109459,1.2330849535174222,-0.14510551269635638
4338.672507577949,1.2739994176599474,1.2019112320115388,-0.18804624282746094
4398.129527301481,1.0940571798989065,0.8847836006134867,0.25667051861790985
5175.48972992394,0.6978796431784209,0.9185485983939774,0.06491775398294251
5523.716738446946,0.5192384926771921,0.7853992368609297,0.5
4514.777924895879,1.0278154249168763,0.8135410671968679,-0.2155603807016138
5435.5736195389345,0.8178872505249023,0.6744384696161512,-0.12970898236649986
4886.435866415216,0.7049215635123507,0.7620291978307621,0.28049193435695635
4712.9999559862945,0.6331055738667306,0.8263708170747913,-0.3197750928152554
4652.0310391274215,0.9902438743967888,0.7671952190076914,0.3299230894814719
5322.62795522151,1.3269269248283413,1.3108753847821073,-0.30186384554614293
5027.904471750949,0.8478319135734895,0.7728128680552924,0.15255589080275847
6393.077799353347,1.0975675777688305,1.2283242702859978,-0.4607627566163195
4203.442749901873,0.9244334124456018,0.7892203015749123,0.011282459997078146
5162.671191420983,0.6276544777241517,0.7952762270654418,-0.34238262234620725
4429.559293131941,1.1337028358776042,1.0706188847278746,0.48156880925287177
4191.499109107949,0.6763269889931571,0.5942746047401941,-0.2679076281988787
4792.3930040755195,0.9554066576483912,0.9764448354400925,-0.2072142522452105
4896.146735584925,0.8646198962486736,0.5451288249915848,0.13385648907571818
6842.721488542064,1.173269358641423,1.009298675410931,-0.1502394072241846
4671.097929021758,0.6854622518823283,0.7891265742865236,0.1749883392548003
4008.8748893607217,1.04771747695049,0.6701806172945199,-0.17772254466644688
4991.10750224607,0.7400506481628247,0.38180551362233467,-0.1969877391506388
3347.751973717542,0.8222236969178036,0.4549952975720087,-0.006889676520136887
4735.630252177014,0.1,0.2005564595087771,-0.3042326267400356
4811.217697606612,1.473024642904477,1.3422984853400444,0.09909159116687097
5356.220268061648,1.0876392332065579,0.9556212817731004,0.2193246299674389
5481.535574599493,0.7581631285154589,0.9528033731857557,0.1382491599981094
4447.501266764598,0.6688360779167515,0.6662286034573716,0.16082021784456363
4694.570189759047,0.8260878117801649,0.9043463935772434,-0.48121380499133337
4263.71541857253,1.1292198837048628,1.107781613901967,-0.11541193646476437
4010.3562116346143,0.4769787686037686,0.5009929451957963,-0.056766291410928094
5016.926345566444,0.9146038951764154,0.9858533973568003,0.3636131679488998
3908.4901159823803,1.3926604681156682,1.504968473773596,-0.14532684708499005
4509.761169599696,0.6665134160080489,0.696116337101446,-0.5754336231975407
4103.378228070534,0.9700962596909137,0.8861037275004097,-0.2509923767492065
5184.778230403182,1.5008274538144395,1.2889804028636425,-0.1652983043469475
6061.001069486541,1.1080379074226931,0.5866419202134563,-0.5391205334819135
3888.888412037668,0.9814809551213637,1.0409287480210712,0.24217563017646868
3502.8870619717018,1.0766591137272505,0.8043287778701875,-0.39239500804626465
4712.579180254953,0.8497836662475744,0.9884697789511461,0.11150538705802207
4810.988457170431,1.27490782132586,1.192496196141544,-0.2730991814241337
4953.061514730109,0.850167494274947,0.8966844546113791,0.37674609182626934
4487.575639335959,0.4602045978160057,0.6127604034338459,-0.06903842444453882
4659.552490822198,0.852174224014885,0.7168328469932723,-0.11977791364635686
5057.257287378421,0.708316367530824,0.8149394043216791,0.1320636116641646
5528.301624851387,0.8797014969506426,0.9508516953269377,-0.25182512113018546
3431.465860777202,0.8852289852298423,0.873555606295977,0.14388661847355028
4541.742392677977,1.2493557999512268,0.9731209341021928,-0.1204171562091231
4949.666155758744,1.1238231816660964,1.2285900037238842,-0.14865046165251525
4157.416726772485,1.015816371893849,1.1551014971666793,-0.02189217757098676
6011.81874223711,0.9492636471668512,0.9809941118385368,-0.272417608996668
4355.213083839884,0.6852854977855014,0.5808799127883979,-0.04772292114666705
4771.095119094902,0.4047061905835806,0.43380761575201593,0.08487126178065162
5189.215467789603,0.9782900028481958,0.9707374511694813,-0.5771853496794406
4386.1006478386735,1.1486603008934146,1.2711026708402315,0.2728268823844
3507.398866536908,0.9229165291888527,0.6408298120158885,0.20399453253197475
4499.941831158427,0.8162864193033249,0.7542491525856287,-0.4636442936415929
5520.608389148929,1.066125541303553,0.9677921854924928,-0.502608073922162
4564.173411250403,0.9291669498439132,0.9272260735097829,0.2104766564002987
4207.495988978715,1.3714360479934902,0.9523938507567107,0.19112972712901372
5447.970546651905,1.2581820855170711,1.1494148283468786,0.1557586884978484
4568.457572783863,1.1898770142558324,1.0778534545234697,-0.35673095087557954
4442.887430444848,1.139433528552476,0.8797117592870104,0.4571605559358707
4904.619262764317,0.6274581463871357,0.672509562708396,-0.18875021670388192
5339.525146733151,1.1157484255131498,0.9734284258349207,0.0598691352545624
6467.199472212782,1.0440814894116437,1.137709887373799,0.06294475545970929
5379.065275360196,1.1016061820977907,0.8891731803457331,0.3982327881993391
5611.887976471841,1.0731523717032632,1.0771166427836087,0.031291824985935954
4445.823660708501,1.0631906469620163,0.8804402771887576,0.10396033891863267
4081.8923258213667,1.6252166173873985,1.297884160663711,-0.01928146936352068
4843.631944733386,0.9309535825120202,1.0005212111628705,-0.2991498471779245
4875.018940681717,1.1840843452073324,1.19847609430919,-0.5796651491092452
4045.041081044782,0.8322525474339991,0.7913741450830765,0.008144968698496112
4677.293829067191,1.147660395971918,1.0563211229485312,-0.35309077262869465
5079.522321203392,1.1848299725581137,0.8123473166725219,0.08754430382846788
5052.275376512656,1.041106519283837,1.32249379772187,0.037187521796038965
5153.00149736899,1.3673117355941249,1.4609727277803717,0.03110842401184007
5003.67531109621,0.7289309909098955,0.8776853865546371,-0.2632311548656164
4445.093938510961,0.8281947645829444,0.585664617691792,0.2591360190903417
4440.26956134581,1.0030950215058723,0.8830824557838649,0.11869277430740369
3960.734021404287,1.1702017133710554,1.0581140678570529,-0.2954249457661457
6049.342527429566,0.9948573803237333,0.6112612189405745,0.5
4809.415255233505,1.2714397591276414,1.4275069827178513,-0.05269782939620204
4642.602860943603,0.7845775322584201,1.0630651413546406,-0.33357162516470185
4149.845542983279,0.6648553776278614,1.018909138786099,-0.1895879960654571
6854.960531629445,1.027032084134126,0.8078795767542415,-0.37722271539165175
4048.670377443973,0.9307049309715759,0.9663233631436472,0.33985672942172584
4499.806452075749,1.085715930089555,1.3505593165781753,0.27011208170729684
5091.0857854002425,0.9431494272833739,0.9058515764362512,0.18486989368409262
5220.1490760209945,0.8649950523441357,0.7894775954901369,0.1377854754632126
5470.552438650979,0.9312656070690691,0.5920868149721944,0.312085540204093
6065.325955438484,0.9572122236982962,1.1843574970465478,-0.060498553105484534
5154.3103588224985,0.8737546750379174,0.8942015357006718,0.10566553586976402
4060.7784400233327,0.8992169884191429,0.7845423761973801,-0.20297288259599952
4620.138412414753,0.8491016657532724,0.9271474951552623,-0.03836213811028502
5015.48266075972,1.1641662799673516,1.1638649877654437,0.11251929329184748
6247.758229054077,0.9985052511264498,1.0324155956880006,-0.7702857059441468
3821.536165102992,1.5141881180421914,1.3331080151035781,-0.15492769390867916
5641.803553657659,0.9901761378196154,1.314052224136654,0.04124678494354573
4925.940058682491,0.8122856324178345,0.8241371387436591,-0.019379016485343542
5386.481374660636,1.6176688437157662,1.9451594417856082,-0.11309908143638261
4728.603698354847,1.0534065944285838,1.160120416158241,0.14728798470186946
4210.297158911571,1.197531196723204,1.2362554643390458,-0.1769280933020136
5325.610945580933,1.0980257458006228,1.0532656869222154,-0.3054768649966342
5258.101718973935,1.1057527573244372,1.2948471059628281,0.29594152657238887
5480.439876017806,1.0839135128381185,1.0906886494904422,0.2606621314842994
4790.686755234955,0.6744788588059836,0.5937062277302817,-0.14978727440065628
4380.124583676105,1.041882261890353,0.833826073815357,-0.017173642421674178
3708.849103483311,0.6187846740374402,0.7386861624304151,0.2114974218392612
5373.561287697585,0.9064092908968664,0.7566429937446336,0.011008581682687087
5096.72263771079,0.7685956358591781,0.8000536129744744,0.13255190171783693
4123.9521569952285,1.039367546462181,1.2494420627900662,0.11889169843168612
4422.998428692363,1.0335315618345586,1.0891559392811838,-0.07979255428870173
4473.268831633992,1.0702864726912966,0.9033522134831582,0.1289810006703514
3761.910897612307,1.0218241431872717,1.3043318728131397,-0.24123590650615448
4227.622322376406,0.7982936645534002,0.926588333264979,0.0985685795196388
4006.318750235552,0.88474912766208,1.0912477318305747,-0.0185244141029184
4511.264691678444,1.1800990403136211,0.6239009674359303,-0.09018010797881479
4282.911751169306,1.2169641693236,1.247524047536207,-0.3116839673658363
3661.0965553932756,0.6633042253433626,0.8413437885225014,0.032914815239797716
6215.813161398637,0.5672680918718384,0.8514402807709486,0.009632569414111171
5676.778511720461,0.7682776541988219,0.5727684590267433,-0.2099091155389413
4254.68640493601,1.2113018955080626,1.446943933232025,-0.39921795505469954
4990.694977657527,1.2537210075457585,1.5923744443301682,-0.4111187751578649
5092.225562874906,0.718822029899707,0.4580767798089884,-0.06351824738988981
5633.760098341434,1.0268273384340845,1.119171964391793,0.07662440985544733
4226.976481337945,1.4086078332850218,1.4777960325639041,0.46249289857523934
5564.474748787698,1.0538278693100833,0.9746323183010736,-0.011288711262628695
4416.466287055146,1.3053758213082733,1.1163127696894313,-0.4063465128946166
3864.8963170819707,1.1996816425207746,1.3112981674869026,-0.05172954206156777
5306.895591520148,0.7224503234430223,0.676157379751167,0.3128412246297373
5703.5308968857,0.9025046441257304,0.8811854008968512,-0.1706989021253117
6611.536281471479,0.9586886195729619,1.1239064279300959,0.2796508943502228
3960.1923144368507,0.976033347005335,1.3248464456496827,0.043931178258749086
5289.243779556552,1.1790822383596429,1.263621455928702,0.1617203886302141
4513.139129344527,1.052171190568852,1.0693290747322224,0.4647139995510108
5348.351097366822,0.21594976405547117,0.26311117065896883,-0.45931597684206843
3770.6573141381245,0.6217899317268185,0.5455725649645364,0.22412604575205977
3916.061157011005,0.4031547712559892,0.5907703217474437,-0.023675279470329203
4256.887623783461,0.9938413101638335,0.9645313374090349,-0.23729513333840782
4855.274831967659,1.0101219123669403,1.2400917137171137,-0.02515865923077671
4351.243113423151,1.0208062396526796,0.949605455291173,0.42274273578788585
5261.338040739393,0.710267933071346,0.6618019332715163,0.3337364949389132
5518.8262327805405,1.1185360012799972,1.185804965141642,-0.5001786152978258
5219.704278871749,1.1290656241171322,1.0851158713854816,-0.1924599265039583
5933.151347762608,0.6362127331987105,0.5285221151775074,0.23572355889234195
5091.07864061874,0.583490449637782,0.8860816771233994,-0.005436019445758111
3948.1723027618827,0.9499670784432654,0.839417324735248,-0.004503334969307848
5754.3635594768375,1.3979455684033397,1.549888561711983,-0.39208161394816265
4376.390635075802,1.3749356855496606,1.507324635124787,-0.18636921057475692
5437.292949779899,1.090851090112013,0.8020036668164003,-0.3395514367584785
5901.613951588574,0.7675008321049809,0.6469843243595321,-0.4133293695203738
5119.681607511279,1.1717106648721463,1.0667058328504955,-0.31443449584938177
3752.6888307847453,0.8368939337977396,0.7170904426776326,-0.23202443936158493
4157.251483443146,0.7581232408315474,1.0779737210842264,-0.19027836722702218
5725.921126819595,0.4140082920945014,0.47409194130234766,-0.2105324305151062
4681.614120050029,0.9755955495869132,1.1548953542564595,0.2551140183544002
4855.701474459516,0.7925331627156562,0.9155501783437735,-0.2267860512550897
5331.1770913145265,0.9741075948821261,1.0309397188204406,0.35654617304640795
5287.426003456227,0.3751605759407346,0.46011031003823194,-0.12099396939723975
4995.159868669823,0.9924566681459217,1.2398926464041402,0.10979966493772968
4653.932140145674,0.342219709007093,0.3540958347717789,0.11778577034971695
4581.13208798735,1.2219850633171379,1.5792876051484455,-0.22446085519819928
5400.52917770394,1.0804728085337711,0.789986942531514,-0.08202264125192509
5187.498671747455,0.880333807143853,1.044213516813334,-0.12573595923508843
4619.889999567547,1.0906799650205197,0.770667355561965,0.09311017820270691
5557.478619095198,0.7054814343341118,0.7087003600437108,-0.032211122354460865
4709.676119409151,0.9680938789037231,0.9925767078087174,-0.18709956848674522
4203.836477965925,1.1486935096150839,1.0085280440798976,0.02976457216482752
4268.720510767658,0.17642768772715256,0.24053593604558737,0.08490402078249004
4114.881414583164,0.838193910080619,0.6274470913385974,0.46251116963564687
4609.312988377419,0.9443389674659064,0.7665716094626008,0.017031614023975277
5663.606994835335,0.9009265955635584,1.0115961465201717,0.002502086702134729
4236.433373278644,1.3142754565568513,1.2517533520887771,0.10709965261500093
4931.933032712672,0.6690247187692788,0.6248960618108375,-0.23735059066571468
4340.317458060811,0.7947101891386927,1.0524657135133806,-0.431377400258873
4617.7836711099935,0.47103274342288787,0.41397166178520345,-0.07802552293020547
3742.9711516103234,1.3275716628182863,1.163711873141119,0.2680247744944352
4645.6232395904235,0.8884274643478,0.8176997402891302,0.30838792829217276
4664.406234136526,0.8403977779908232,0.9771710297931643,-0.46984617643286947
5178.201560824987,0.9368793294223214,0.9583195549211013,0.16651987012336664
4956.296639278759,1.109058957107581,1.0628341020510106,-0.5461995004569149
3961.1255125335683,1.0368408508790312,0.6496909969158897,0.11479513870814649
5558.93877083048,1.6119710533892717,1.718645702276497,0.09983982822416394
4947.212128155396,1.0634839721009437,1.004708659889858,-0.43099500737888585
4938.875462024241,0.8336886427077297,0.8845754104433556,0.2500115357829218
4793.572352630403,0.8096608156190132,0.7181385134294533,0.4359589753227297
4437.569786944447,0.8518102618957977,0.7202284835127795,-0.015620082750619059
4952.461637824108,0.5745407688425405,0.8343580157215489,0.03524996874424084
5132.911905150007,0.9599660518728965,0.6245993840865539,0.3697790507467264
3577.173016058112,1.1458670265522293,0.8799794880146307,-0.281583008521995
4422.8674138577335,0.7966590998441909,1.0805777024872867,-0.2752693644057232
4621.537120717488,0.748154985928972,0.8944577446259727,-0.20984587597980028
4979.319423985995,1.3289862865735584,1.1737755005339798,0.00927052607774813
5635.317704148988,0.5933792108447087,0.8228852875551779,0.008603961065620058
4259.781429782252,0.43304540588067464,0.557702981451194,-0.13832256882006344
4451.426707227511,0.6617745140881544,0.7521778673636696,-0.07512010286438459
4441.226122547415,0.5648918207189259,0.66181290461102,-0.13489205873768828
4238.930686926821,1.0465565160261454,1.133572342150341,-0.1229500028451529
4556.969453421416,0.8598238748876066,0.97581962403951,-0.19213036506964662
5339.56155399158,0.89507823874404,1.3170683785749155,-0.19010993461854625
4062.3151532449583,1.2382335442436934,1.1401844866417346,-0.5002359587319001
5099.470076607032,0.7771662847093058,0.7905388387099017,-0.05591877359449596
3608.6684389871652,1.14377235293641,0.8380081009532426,-0.48889483055431726
4407.063402490456,1.3278306998008007,1.2416032977170828,0.18763977967685538
4569.35748984741,0.8360843754965848,1.1894246192125433,-0.13997946103628997
5972.401771039846,1.1342557138890783,1.3238097006253358,-0.029852394679081833
4607.6383866731185,0.8895455218677549,0.8116001178353786,-0.09330240818798911
3259.129568584357,1.181024532210197,1.1492345852429244,-0.06102844383705684
3400.777765197125,0.5571277031059316,0.4638882523246772,0.3158437038991795
4823.8207104426765,0.5386219387186634,0.4914249098327153,-0.3378741029818204
5229.639599052936,0.8521830712731148,0.9061840571537112,-0.4058292305856211
5062.819100339077,0.7277687977350573,0.6988309180230676,0.029843081665990985
4917.299074060693,0.8208227226425286,0.6754915557412493,-0.12396993093482972
5613.581718253967,0.895118354388215,1.0048335180798003,0.08990598033598653
4422.286145484008,1.130003382959063,1.0845765995099717,0.17914430993532882
5426.437389218778,0.8480848553585162,0.6017077629510496,-0.2765858141412963
3657.589580481508,0.7440346723442283,0.46175178602897043,0.15084721081620342
4166.5365169433535,0.8621216558102752,0.7868418269866171,-0.2554858717298766
3535.0710235477286,0.7577136800483455,0.5465241667859969,0.018643797734531075
4607.608289531146,0.7164986244843213,0.4796203929062888,-0.30922843089845126
4767.61714791356,0.5467457966057576,0.7562158868599064,0.03303593929783203
4879.871044558564,0.9673695290552696,0.9547789563985293,-0.005219320230475188
4843.318347020994,0.8078235733507366,0.7982928749910644,-0.2757323721515363
4150.71266843179,1.1915696848086679,1.1071705961210803,-0.33960283533693614
4666.831408910749,0.5881509769852649,0.5051870369849327,0.18765964602424715
3751.787331975976,0.8144791112380303,0.9183528476265681,-0.11325011316959542
5754.260282592575,1.4032268051646872,1.2770232279225944,0.25300774055808645
4587.461748971399,0.7150976207255376,0.6488636775554719,-0.13584843245616815
4457.779716669416,0.8908666869759689,0.8009017041916694,0.3255449339048025
5912.258229910858,0.6460390042936579,0.5319502145056318,-0.23709738874695765
3930.4274265155395,0.6128931218047546,0.621020338905687,0.36818663937780205
4012.0890201776215,1.3368277457719195,1.2009675118532097,0.04359296576451553
4032.6457725920045,0.9927598731592868,0.9082481563495854,0.09994918519217783
4752.490032810363,0.9834197095594058,0.9975979786386205,-0.25100615336110677
5102.142140746319,0.5259209412209445,0.5886576921133642,0.18230379573269673
5317.772827682484,1.0396853470270757,1.0792375246596961,0.19098203310279316
6600.396722246478,1.2393554864984564,1.41123562748115,-0.08110871438130345
3225.3972820594654,1.2373692652071324,1.3264048388306924,-0.5334988480001792
5226.114912387092,1.1170833074015403,1.3012187046817982,-0.27833214147834184
4410.008599199438,0.6676286056011489,0.6010949620316727,-0.2783701653479897
4389.509395777859,1.0282808542982478,0.9185434188393948,0.11233820438533688
4366.1595102222855,1.1168962401191518,1.2352790682968398,-0.11625808488003575
4163.861230434419,0.5013891037277747,0.6529292663991629,-0.11140242906806261
5979.167384222416,0.6696801021295538,0.6271137271717214,-0.14157806746535434
5389.608128909732,1.1720393304358603,1.2742927338511134,0.3673225694554896
4816.237184990162,1.1690114441679822,0.9192487494335126,0.011337990207461904
5745.711026740901,0.5628542415946518,0.6921671239900404,0.049435083895824246
3741.229724290787,1.148755364817293,1.1114551838551194,-0.1548473778594972
3868.5064080683514,0.9738258497884044,0.7079313345491752,-0.007409664251799087
3275.4225874637186,1.1452522386517878,1.0178406715606694,-0.2439223356763036
4310.409821913699,0.7913696691415146,1.1912285989467206,0.08593116938948239
4913.188968693327,1.1112958741202255,1.1322159003073076,-0.2866383944932576
4872.001004552634,1.160957193621406,1.6452526184651173,0.18605496139978958
4904.539337741916,0.8621662661360721,0.6316456968261093,-0.18373806819294014
3812.260218253743,0.9544381365433214,1.1080314597556868,0.2370982032470509
5362.208319829815,0.7878695926238366,0.40749973225729036,0.4768235644204941
4967.739262767299,1.3629097371714698,1.2810120677100747,0.000275277881289703
5313.137997026199,0.9199320151685585,1.053505663619928,0.3279037805357223
3475.0664756869637,0.7194939187057044,0.8972379043765444,0.18786223724635473
5018.0436011584525,0.7710435215313124,0.6823668283621107,-0.35819550975894815
3968.564332057731,0.9816926502855282,1.1900959014832038,0.0277319443796269
4521.873723214047,1.1383327929445528,0.9908133493797411,0.12529967642230566
5174.055429045468,0.6160432887123695,0.6564422701277249,0.14942882885657396
4863.76552437914,1.411915000735612,1.203586220371208,0.044551701243748056
4203.9220141544765,1.027168823513904,0.7894721489211859,0.04132784908180529
4804.391209329093,1.066613993242353,1.3835111081871907,0.0012718395288084904
3727.92527932945,0.9257026140441409,0.9491351710206171,0.03329402149842135
5605.187177128807,0.9548147418377814,1.1732520048162478,-0.3059197425747614
4656.301186352624,0.9129292155181492,1.1239713452800382,-0.05905269524466957
5582.984960978728,1.20444899225899,0.9358100151793587,-0.3632453387028821
4431.42781903277,0.9480178531366573,1.1912505239590818,-0.12440692068849397
4433.496808115392,1.1417625546231773,1.2238349055862545,-0.14770138777522213
4265.069249353508,0.841538119161857,0.6897398161748772,-0.16366574341763512
5413.321752185153,0.9989101320780789,1.0888198982305692,-0.2630020394472619
4303.398189870067,0.7490199139401447,0.6312244100276431,0.06731931844922177
5251.216802690624,1.2541320581373843,1.5837014477799574,-0.07951757642796525
4532.283321631497,0.7415631898202211,0.9153930782389359,-0.10510656393824999
3416.825690075866,0.8687551389346684,0.8808331138898522,-0.35189349862406916
4400.780152549473,0.8712598968863138,1.1221622040242187,-0.07446529804924742
3974.6242499460063,0.8615121530815579,0.6067541431574205,0.28638319997899114
4823.731906577636,1.1306239423607343,0.9378659600469155,0.2902015774650853
3966.7145850278566,0.8708355588158391,0.8500632402861453,0.09337814492961137
5448.182570500232,1.298481132635268,1.7834385228901941,-0.0737884937799598
4736.246897752881,0.7453812284674579,0.6212579219767463,0.13974570755613142
4675.682803668883,0.9923443674856767,0.6545024895570555,-0.16683839704417286
5259.124496451308,0.75605350267185,0.5685735942851436,-0.07481306397084515
5474.734853853104,1.0552431956328667,1.2331654832901418,-0.1856306106492723
4785.930873761244,0.9460125682558075,0.8428941917318101,0.22709160679102247
4260.159790315496,0.9112344888253804,0.8987966032041591,0.19500149024790914
3558.2212687215097,1.2471187416258809,1.375283548097749,-0.008670564761498373
4319.765170075374,0.7864145322362242,0.799039804417008,0.432813077322641
4367.9514273464265,1.0966287894045,1.1205396604020046,0.10312864519273669
4874.940217094608,0.7577600218313019,0.886726837332521,0.08905688658407793
4558.397183203381,0.9781713000400933,0.8978707947367363,0.06228006163502203
5281.553080436,0.6511061679441386,0.6858507267667485,-0.31557170443331095
4370.911710110518,0.7843707134233149,0.8632576053303643,-0.22356995785184264
4760.071183202941,0.9294642386067837,1.1069283656153093,-0.013659488421552622
5628.791210237822,1.4036622918307695,1.103767801809457,-0.011595869692825191
5039.277649768476,0.9752009676149435,0.38801109417844004,0.14744067505260908
4757.973720818005,1.3636670789666765,1.4558383066952998,-0.1669667772635951
4378.638890645376,1.0050808229227295,1.1903595683379695,0.01767167518913596
4356.738022299516,0.8532289388812652,0.9159856163050365,0.02214003277587072
4204.570722933637,1.3348391306501735,1.3275261290715743,0.03204877044403118
4421.295193951971,1.0592544055183546,0.9289480253485769,0.004103629263320397
5328.96608712102,0.7893196015293216,0.9103522684523977,-0.35096000463799903
4644.6782100954115,1.0676428648500744,1.2335640360720073,-0.565304615914445
3855.1588514331384,0.8768513125230974,0.9103752833309615,-0.23544090895181488
6037.718505141848,0.452741450957176,0.7948119648767736,-0.13278075569972614
5023.975633801614,1.1839932898164043,0.7866748532029457,-0.2946129672626095
3815.1396196407813,1.2237335139104821,1.2136078580435916,-0.013918467218587364
4490.705750931424,1.4094855074980688,1.0068931494581224,0.27252674219704964
4877.620467979892,1.0555359230488157,1.2279321100593754,0.1815082913569699
5993.214465308164,0.8878191439793668,0.6216247619527345,0.11658332385340263
4024.3212792187915,1.1587473568446465,0.8249407475075206,0.24632768466562577
5483.228503549162,1.1624550913297265,0.985134533309109,-0.23115576108255748
5779.64049888064,1.3595702957841054,1.346537159896589,-0.11419906741773102
4359.9419864478,0.9388430942333894,0.8375366952845174,0.15371171576455553
4605.740466797836,0.9086052568581013,0.8177442356659187,-0.11863250229299845
4074.5835268383607,0.7711138950603681,0.7828735446367753,-0.10495662253778257
4657.5772012437865,1.0843655216813004,1.0152501730372512,0.46560478047731696
4774.387017959948,0.5629345829422912,0.8193516301482691,0.023860519465830662
5261.75499865766,1.144021843215641,1.2664192859632197,0.44090655005018436
5563.128429714313,1.0969587804664473,1.0069390320862908,-0.45582416660069247
4276.332754764847,1.096267550614593,1.5277024572610909,-0.1577165761508236
3422.8724550418037,0.9845563091254601,1.0847413047428445,0.10220414516298192
4785.1286545066305,1.333244561882771,1.0147866346146097,0.023433144943269816
5005.476270978048,1.1679983663567157,1.1903689440534058,-0.5138865657992715
4974.592381379529,0.7982307021560751,0.9244652209628457,-0.05739479514305436
4571.328726743669,0.8027052375755883,0.7234215153013547,0.5
4887.326469764754,0.7300815466463407,0.6138301993981373,0.06172819295752434
5860.811365846574,1.0878208331938968,1.0881567214766195,0.15110899999969685
5067.2139182737565,0.6999652696900107,0.6975709913191483,-0.16098579198128565
4538.642102497841,1.220848035895838,1.5201128669647603,0.06082103684908523
4449.861528032803,1.2807433270863857,1.3995841372002433,-0.0030820495588303296
4681.103349625589,0.7302459327623871,0.6779763918377917,0.27970360793472704
5945.7179732814475,0.9036128663517865,1.0006697154799862,0.27175022169495683
4671.689503331662,0.9541552453406034,1.2072405209527741,0.10187903620518499
4786.143958835504,1.1709957901174168,0.8183206984389312,0.01774145389863619
4462.380500344588,1.3523358439024693,1.0126921646461529,-0.41977688397401036
5569.2883502093755,0.5286269017828555,0.5991674741300858,-0.42848885927387337
6171.886078321272,0.8704548206183292,0.901318692615739,0.02047772834937937
5115.429134601972,0.8834958261099132,0.8962020903958191,0.2186585278654139
4857.941032649798,0.599832536278363,0.6230958818341453,0.33293651423904275
4825.747983221964,0.8287224951739846,0.8043413594760502,-0.22243468759340526
3130.985247849978,1.0569422360876528,1.125633140732556,-0.37730964841031966
5321.605604999372,0.8803302742901107,1.1078633870031855,0.23323978822364555
4893.91649119709,0.5638447078481466,0.571484540655021,-0.2036729417745898
5099.839435462507,1.6685206745024783,2.240653803069221,-0.39426706691820385
4301.976464141407,1.016544466301045,1.4105337506367575,-0.12341953952977519
4530.880184716036,0.9779235325266687,1.24344491267681,-0.12777474168106134
4512.2825444477785,0.6755184092332384,0.8216141754802313,0.3300427690768368
5515.136088851127,1.0151765404928188,1.4185890731169002,0.21640847867038382
4534.868114377835,0.9089465539896264,0.8727119910303286,-0.18434677569083266
6257.862225476858,0.4778691468211484,0.46168090918607063,0.3494885856390107
5101.603693310526,0.6824361399963959,0.6591409626140854,0.031256464478588354
3907.022138002988,1.1487315044184863,0.893192739495459,0.26520890882352344
4710.01759472363,1.4360044125001103,1.3682874483926202,0.33179462703055296
4343.827414490509,1.041791351260761,1.095258345457852,-0.06564822501738206
3263.932271125983,1.2257708195733419,1.2241394615957795,0.14282989353175427
5919.6296580796525,0.9110611728541974,0.9258847110254173,-0.10168961610835435
5292.199779554003,0.9283634598298492,0.9673614240201605,0.23252556547981698
5173.245122529519,1.2227447569048662,1.5824193984899353,0.0225687859509307
4915.782562209793,1.3656943222948672,1.442291760461571,0.24008055476642415
3832.5877019152936,1.2752741733664053,1.4388600737496782,0.38118916595461566
4461.468002311194,0.6834092311537951,0.7656109253754428,0.13680795794874287
5389.246542348809,0.9332602774211886,0.6404944299682751,-0.02336496393546302
4064.145979152248,1.0193811711190737,0.6470846142300966,-0.01920696914749935
3027.7614786244303,0.8850805091231176,1.284759413439155,-0.7392579377447203
4641.025794553352,1.0469643858538988,0.9270559844834388,-0.17819857995783608
4700.769712180723,1.1551442029172367,0.9838639920252442,0.23314338008383548
4894.894391490297,1.200702437988785,1.214447418755288,0.2424703017537089
5309.9630504601755,1.3714675380553807,1.4292326775645026,-0.18364191452513204
5246.324068561846,0.8676397238187913,1.0134676373936136,0.04114365443468397
4981.138863670745,0.6089917087901715,0.911152611021223,-0.04731660551987196
5636.8719716606965,1.0395586485036132,1.34113268604781,0.1724005946773232
3736.72115343068,1.4209527577962004,1.1097138089463139,0.5
5153.207270134173,0.8307560350114852,1.0291793555196778,0.17711714450048102
5238.57685433586,1.12171174426593,1.012027363566792,-0.16754436364247854
3932.306399743832,1.1239364481181606,1.0677811089983265,-0.019604882022668316
3747.9905739223277,0.9978605118361522,0.7798647742761635,0.350482063275683
4277.840511467079,0.9517311802609285,0.6357202727846638,-0.35216923109607756
4336.920990239296,0.7191426985696519,0.7633117643009076,-0.15376441637221477
5327.393624451702,0.3795844818948556,0.3726403200072704,0.17749098300167743
4369.822851416234,0.6720373233339927,0.8626591933265997,0.3235828133013481
4200.556037203157,0.8524239627220751,0.8306102610932207,0.15224197556840316
4371.856384313809,1.2243556718556767,1.2483468685202688,-0.15167372880432645
5583.042633907949,0.9242179844121561,1.1956945177708524,0.13413382533159812
4809.130362063866,0.8202435702704628,0.59989206886187,0.10357319168414514
4674.524282250161,0.7272536395116423,0.6627560561110221,0.08770544175573
4722.996150909264,1.11420145712737,1.1298084287684194,-0.024268419240585124
5704.4422340285655,1.2895892916076512,1.3022432109215367,0.013248577046406761
4275.5797913777305,1.2158589304668648,1.4273001715547757,-0.2268749651346894
5720.855803658073,1.1015374249396173,1.2678177401685884,0.5
4947.347409245052,0.5810968134042649,0.6602946354016886,0.03924986016929735
4687.706432617257,0.8620814392890571,0.9419403435650181,0.13712807026270254
6550.6303485539975,1.4368260572224187,1.4248469497823013,-0.054477804107085456
4061.0523571409826,1.2304876229788062,0.833492866014654,0.21132758234486282
4552.419968303096,0.5656241954413187,0.6140770235294292,-0.32460823539053374
3937.2981325851997,0.9361023692001821,0.9956842940495073,-0.43640138387854116
5466.7233793753185,1.0407746081652596,1.1271785283761242,-0.007617876856039783
5982.432253556175,0.759460384243445,0.6540780044302291,0.5
5968.945946983247,0.3726989946477878,0.3388171182957433,0.3020802086349485
5656.764127202203,0.9747060112541079,0.9337581702649402,-0.20211160743261009
4661.665672542824,0.7530604355948901,1.1106123343986078,0.1290218524932733
4544.331315757107,0.754039565228829,0.6671135470624335,-0.15899736945763965
3630.1811592541544,0.8613299100173104,1.0957896556502709,0.10660417186107556
6225.111474627255,0.916581021336297,1.2283023760688359,0.12609846906150937
5128.284654703927,0.9477293014760784,0.9666711811902076,0.2316197802245333
4455.630166591362,0.7290025252694996,0.6709841412069458,-0.39141592428940214
5729.639822290877,0.8949476175914806,1.0088854686731907,-0.31639699721371317
4119.064838267999,0.5106441573993112,0.6068892290395907,-0.018892639476239613
5084.635423955871,1.0277597663420195,0.8465207554319435,-0.2581058339161381
4679.159605996416,0.2359311466647106,0.27344357917708506,-0.2774305174962307
5247.073997916211,0.8776274798915951,0.9825617256143429,0.06796434480573349
4755.498522569715,1.1797965384192384,1.3545101840419917,-0.22900889111159198
3784.350476222143,0.6851648281812933,0.6912782542571879,0.5
4852.903460869026,1.12910755091435,1.0867796153907268,-0.13329149682347574
5534.204899312754,1.238933178030223,1.3456963355277782,-0.06755802105192316
4779.54851590221,0.12302501187565285,0.1806126607241718,0.07438513512928425
5342.5805851123605,0.9121592741060643,0.8734671599982192,-0.3769888452864367
4068.129360028163,0.23105664309293117,0.26293450835231386,0.12712612804133627
4781.617444711103,0.9204478886072635,0.7912140846785369,0.08536691245847168
4362.842681437995,0.9482071972546683,1.4698895148442557,-0.08732637884442504
5322.8865880732965,0.32936400352229034,0.3951442528976006,0.06848182689907081
4822.044093583397,1.4312095905199662,1.6958794329123839,0.10707062820599235
5283.051573435629,1.0215039519086562,1.3597467983313944,0.3587976780750749
5561.397298310506,0.7377441419794911,0.7552291704724114,0.5
5284.133002584972,1.3163448568746294,1.3377440239535399,-0.2653752469086681
4991.182904005551,0.5010966948394208,0.5871491116480447,-0.32433685248538596
4101.251419042016,0.6427072416204207,0.4757300407402298,0.02568740282700384
4798.049722533169,0.3751361190825253,0.31473986702135137,-0.5197296201698434
4426.8367185889165,1.4002612991348333,1.3218726000046304,0.16235380795637602
4559.155230307041,1.0330865928680009,0.9391580424211485,0.028270190768214302
4537.8260944748245,1.1148504474621237,1.5035646583158058,0.09182164981534423
4114.0520976524285,1.025250308479619,0.9718817838758264,-0.07589298377998667
3429.862987606207,1.0934419402861462,1.4931705996771758,0.06375394149210047
4332.299866170563,0.9695194284739973,0.8825924951676982,0.1180598944109671
4935.365616346911,1.0177303356768603,1.4020144624734645,0.050005851416647776
3856.276068200757,0.9769008590557376,1.0808864623181995,-0.3362746538656356
4810.977565530137,0.7978520486076803,0.928751941075966,0.04300145680038029
6130.187897017675,0.9383438086963327,0.8530908404067306,0.4634911715124589
5516.139588676568,1.0183986433154193,1.1317706842711568,0.06022301461996578
5950.479056384371,0.9776372798880326,1.3145418857702644,0.03426390319204112
5073.789513852908,0.5805569730616706,0.6285076054952883,0.3900094144727064
5617.256876090512,0.6137533328478977,0.6307644581425331,-0.1864038894412181
4293.224688672549,1.2207103584790977,1.1150892030987827,0.2224194100216929
4348.961813084611,0.8732514885291495,1.1879735585333682,-0.13253933826304354
2882.601855703769,1.096181336758985,1.2603433318015,0.27164583583628404
5630.301831829609,0.6769700225694009,0.9438196618917378,0.1995120386168909
5878.22678587392,0.5817135308383674,0.6889505365427083,-0.10306971583180503
4412.775928256911,0.7391008468670717,0.7913431317188234,-0.06649028158323551
4622.233805521935,0.8943587323071467,0.9920980525207127,0.24445288535455692
4272.2965204163265,0.7837149251788968,0.9989793787010637,-0.46386272530582945
5067.857486034244,1.2734833807764283,1.153404472289608,-0.11048227747367452
5587.452781712269,0.9948808253843653,1.268516343696408,0.1551043709061292
3580.0596182832714,1.4122346546404647,1.41446576836403,-0.07702669284874654
5086.606971449577,1.0511020385178542,0.5398452705584502,0.03371584505173119
4606.329759796598,0.3468622955200472,0.5044184269060148,-0.5102877364151014
4879.3760743766825,1.2140104016146385,0.8706593965917176,-0.2136195239173865
5121.295801172004,0.5726120943825113,0.750161398451671,0.16986316803795218
4668.2582928590255,1.0076334168028347,1.1875059138273536,-0.18775184426610333
4727.489202615953,0.7563289855840387,0.852544484359247,-0.3256149277055032
4650.287382711753,1.4856777586160466,1.5218362224795485,0.2654021332386489
5479.221341251797,1.3098994818575338,1.5138045433129974,0.1289210135174257
5093.131972089248,0.7645448395745604,0.7267526872809447,-0.2721333382042727
4954.408476416153,0.918160582969722,1.0821828560692233,0.03462596110802467
3910.3337952354022,1.0111495174123044,1.2435868144499849,-0.2639869486813217
4534.994179750792,1.1658535178904026,1.5286117305433993,-0.03811476421890389
5429.068412237422,0.9572879780812531,0.752115485581786,0.04399704738136513
4826.387601186746,0.6937762751547832,0.8073905745496488,-0.20212409980009888
5261.672028712397,0.7706103401999868,0.6557210265797713,0.18558323338130986
6036.558260229343,0.9488795509058021,0.7663599851064785,0.22433792558041396
5527.024248446171,1.2586142446911728,1.2883388925369308,0.06589138122496419
4865.21083638982,1.0569594651340108,1.0615068821775042,0.10349553788510031
4442.307580862991,0.756646268346246,0.9832553157815264,-0.3632072095921857
3012.5152827608713,1.1120931944274475,1.0133345611351416,0.3405468067108819
4682.130554269003,0.85325379028046,0.8571564360560017,-0.022831247014117272
4571.791252928206,1.1726020012967102,1.183896121561883,-0.23381409128135394
5073.256336076763,1.5817526045821513,1.1943986139666543,0.036458953113981264
4692.266341117719,0.8602934072641126,0.7583670050065656,0.1863674980972208
4575.730458394244,1.1504012899315927,1.3683083164434766,0.12808739176349246
3554.420748644946,0.7636516669905675,0.7174773905503711,-0.2711725911971078
4142.022519594953,0.9219340582021756,1.1586502557024927,0.18940947237937455
5133.65572856039,0.9573905717180253,1.0830688848130885,-0.015164770449797492
6001.135341792886,0.9015790849889048,0.6355691998332226,0.12530104559603034
4731.732231378063,1.565753422193756,1.5833012765044918,-0.20038787514532497
5029.467751501887,0.8733517313304043,0.9910954489708813,0.26147789734666305
5466.734709866963,1.0967128846962169,1.1677187115157026,0.04567888156620544
4232.374244659825,0.4674782826691419,0.528819764396281,0.29720582853455746
5056.76983029981,1.0579991408424025,0.8494485230364404,-0.38371702721403056
4281.656925567489,1.2355136480880615,1.5032204031310556,-0.35035477990375324
5405.377106943708,0.8181006643552372,0.8343176823639666,-0.06000696165882653
4905.982133566213,0.32244446473989674,0.3329139213372676,0.3669062549931954
5008.916269787008,0.9403370577931687,1.03907785560551,0.4907027244184314
4252.180981806988,0.9542959625963819,0.820167510642047,-0.22210657476869985
5294.922651727549,1.131018762686076,0.8940439395984238,0.013261757902868238
6259.299044861711,1.4527257588533584,1.2469362806107342,0.03878799382016382
4094.4618132002556,0.8549865873499233,0.7647979016792017,0.1795394032595136
4562.1686946467335,0.7359279690849299,0.639710373100235,0.22124066660312197
4962.125231917665,0.6582705496571392,0.8311154712589668,-0.27859954822791705
5350.484348397072,0.9995196542578998,0.9768588907449917,0.016148340054342944
4408.317600297371,1.0698385647046253,1.319845238894839,-0.50212948094248
2816.8787969000823,0.8135861514093539,0.7029570005101516,0.20269782076010112
5751.432645914818,1.1446706864314473,0.7291988909717362,-0.08465496708100932
5332.3542837089,1.0663460192047938,1.0840568017214751,-0.30134551982551555
3579.936728659334,0.9608079224112226,1.3280325806203914,0.08313670248920299
4374.701845754311,0.7243963198139686,0.8546998115376176,-0.09246731075137417
5897.727700669128,0.8295339211288192,1.4148964765921799,0.3153652576940559
5813.457492920506,0.3425611755793637,0.4526009530109837,-0.22314553388655367
5457.048015875262,1.0089467660495084,1.0545983626153896,0.5
4676.721296228096,0.9565853221868588,0.5490803106164207,0.2136388857408374
4858.091193168757,0.9971197477723716,1.0830873495819242,0.32192360329604297
4708.351936411711,1.07607975389114,1.0961858222431653,-0.2572090503871128
5589.7678482881865,1.0464553716080558,0.9524960467510861,0.4471148442834398
4186.910315453423,0.9224042048384912,0.911782038199945,-0.30313686135206674
4235.940241581056,0.9621670107906881,0.9564110325780035,-0.05245292411339378
5507.192210785211,0.5989208958259575,0.6397038872292854,0.3261641568516899
4768.946981141907,0.8040698385776435,1.190950710922895,0.12669226812611864
5764.9271488176655,0.9626177634208652,0.8980349067823287,-0.30979047932399045
4329.941455113618,0.7660366060219098,0.8353385124109259,0.28385251546066304
4761.655147762823,1.1650376989681366,1.0387029034766242,0.08498861318563437
4154.310910609232,0.7853419797612423,0.9533724955641267,-0.10405005901373342
4805.153876996497,1.004076352812079,1.0387277363484033,-0.3855023140124052
3765.0171441008406,0.9791414142038339,0.9282320476768401,0.10868763246820688
4458.656605331526,1.1365693984026024,0.6811067030237222,-0.040856950741606494
3794.6222945503177,1.1751977935070754,1.1932299835786815,0.039077337186808704
5285.746263233881,1.1235081527419848,1.0296818469469637,-0.3963003400426479
5301.6125378317565,0.42349844965421657,0.4967905036555569,-0.10466426458908672
3588.8160886609585,1.2485370370032816,0.9118742864613829,0.12007615538537782
5733.720021850401,1.3318270560486494,1.6181577698488525,0.4691161528261829
6548.190588493898,0.8294689289196326,1.0086169767284603,-0.05132040571265763
4832.204470715438,1.0091617281682124,1.2955592154504036,0.3608247647670302
4351.220017842748,0.7272920799673045,0.9529252460189541,0.19683710521246162
6777.031413702132,0.46290537331696213,0.6039702933736096,0.058446241563337054
3876.7220511882424,0.7653211836144034,0.6229244873254147,-0.2530854459165286
4814.074526808369,0.8149652401340974,1.1620167145503328,-0.24261963588273908
4925.735590842346,0.8612873171620461,0.7227616779675626,0.15438521767664987
5741.60333431669,0.710271477498503,0.7197419546434302,-0.13162389352630322
5051.817282588752,0.7666437082956903,0.9227951271015097,-0.15384067969152496
4450.956272948084,0.9472484195928981,1.1024596247055218,-0.04515258475857335
4134.170940728431,0.7574432542224645,0.8923590567715803,-0.04095770758479805
4560.724725827705,1.085881083137507,0.9826218213551982,0.22519199404842172
4095.150847338399,1.1204151628493597,0.9622792927261029,-0.12637442456505263
4833.477723849278,1.5450969365411225,2.134277545885371,0.20031000900607898
4405.0626740976595,1.2314199830308654,1.1719165746660107,0.10992628351360087
3754.1735446971743,1.0107757645821036,0.9759784707798996,-0.41849899684051284
5678.602051862433,0.7949339258330803,0.7134966293803646,0.07362691574582679
4451.629233599672,1.0234368379184997,1.0685553615311831,-0.6669396085692756
3912.3042365172814,1.031648989979089,1.0658442378849524,-0.22380581541299666
4682.218605858721,0.8216717277485848,0.851818352404445,0.1157692116405621
4847.860096177361,1.1459328491882195,1.2002700401280977,-0.0026607750648437404
3577.4732920946763,0.6004754963295311,0.8994978506690794,-0.44197302649038533
5032.153366988034,0.8889000411156223,0.801776001656421,-0.27979044174338696
4066.9897019168147,1.0889646148293517,1.0797847506053584,-0.6522282783130552
5997.720166433552,0.8781039631019757,0.7844599123843895,-0.33564081426107095
5166.772358453714,0.8983113991426821,0.971880229578118,0.14476583732963755
4520.070006923478,0.9155535347019298,0.8259062129478053,-0.1393582346437866
4278.382560777854,0.7410996898280635,0.7041762064074186,0.04248638543163949
4726.522604705463,1.243475232893552,0.8429492699318547,0.00341109538487403
5228.953519108303,0.6954905820192963,0.7625096544895615,0.008145767624896414
4782.154109990361,1.0295398318524713,1.111542114488908,0.2557831057782629
4647.9888350042,1.0534119745705934,1.430417675753236,-0.05072766054275604
4840.859203572527,0.7128445246977583,0.8343988058588763,0.22766709326497656
4377.2987481341315,0.9682760635951858,0.8868923283570207,-0.6193358482343756
4559.755851209874,0.7225919568138244,0.5614151973735124,0.2778564892110117
3339.945292766497,1.2977606187639863,0.9309569010456651,-0.32251952302744435
5481.608361596657,0.6653042657559467,0.534762315578492,-0.2682349307695804
5009.158446225233,0.7865257264420089,1.1351811407230292,-0.176154372372814
4258.580909176599,0.6439437479111048,0.7436767824830726,0.2709638052078592
6129.114486948667,0.610575318283112,0.5953222465443363,-0.22232496228616444
4860.911536274671,1.3478038227205733,1.0259537892009996,-0.16397219480908856
4074.699499617362,1.0856936684781404,0.8851243421144803,-0.24042192950644475
5399.716195029321,0.9850733564251359,0.8676382268935457,0.06384870021485944
5078.633751556484,0.7858557591632696,1.041751028196603,0.18590208372191697
5076.205989838953,1.176902952761692,1.132358248819008,0.4260811289401577
4501.971076743886,0.7439443901581367,0.5607903946744963,0.5
5115.347006644624,1.1484098235825257,1.633248157035149,0.16254518829699235
4616.769196845234,0.7318721808485908,0.6013777578567371,0.09141354671734206
5189.15901615209,0.788873074531082,0.7294441118885895,-0.30433493302705295
3466.5388821925526,1.1395705965294802,1.4010778925020542,0.4773257884327441
4496.288575914567,1.1659568360389416,1.2245779516261288,0.053850777333486415
6005.508568465736,1.0993682334741903,0.9773500211695747,-0.07226621047690908
4263.05278121979,0.6875814710608013,0.5585643101764551,0.09688294226338841
4377.313191754769,0.8383182835692927,0.7005170943227632,-0.15908768184872027
4486.427063085018,0.9892246852996283,0.8116357318274259,-0.5844178910728386
3949.6357048779496,0.7376797595224771,0.7850632341223359,0.14295073023340044
3254.2034566402235,1.2927406900323233,1.2749563941551707,0.3356184629834759
4638.589521033471,0.3495132640123635,0.41846883377147437,0.13923065880023666
4895.10159685716,0.7553151211577117,0.7926528911616372,-0.0017697825004134979
4763.246452022943,0.8226083742825421,0.6756193372948371,0.0033179380978401005
4698.585006636479,0.23901408380705802,0.33688513713662205,0.043069936929071656
4830.128609595271,0.6009427174409523,0.8357799830250922,0.03541355527214604
5515.989030085535,1.1063223781355171,1.0488904818630347,-0.015175329370138674
4666.687669849548,0.9575709091382409,0.9306956881907501,0.006335719867212771
4398.142196038912,1.3432840055107256,1.2873139341249868,0.38875318511011603
4603.2121605783395,1.3363066114712048,1.5430461098844102,0.11806830358663324
5205.542731829743,1.0582615946509866,0.8591062729915181,0.02628674600614099
5788.418814980275,1.0283095622501779,1.3193069772094868,0.16480672407397928
4360.299382581576,0.9664827771447251,1.0550729830443188,0.16482474669581082
4869.253650920218,0.28622949553012744,0.36970520421639164,0.2364994906924647
5036.8502093551715,0.6013601216684812,0.8272861315085787,-0.18922785295821506
4105.195395289824,0.9751688757747334,0.7483809500598818,-0.12013197653694742
4814.292017049042,1.1040064271869179,1.1953835103070123,-0.20338936354856302
3774.0282998605335,1.0224174530345351,1.1054960298551713,0.1916807308734229
3561.664787382421,0.7268837580710855,0.6298163008067683,0.1794677436017563
5056.7224855245795,1.184351570617374,1.2504257389076503,-0.31831071813059286
4531.287681068452,1.320611007188659,1.3199443562720456,0.09770945320508072
4941.596285334854,1.184497400072835,1.1041243992468672,0.3430584669669683
4787.473516094155,1.1973998323976176,1.3543400757185442,-0.05883315968112167
4116.519965935342,0.8101935505111972,0.7483982016938533,0.07849331848157617
4768.321988624964,1.2189835306751997,1.234995439840849,0.1826214257061062
3936.8290864896017,0.9864396598319143,0.9630882564785596,-0.33013955984968
5773.680650600981,1.0778888821305013,0.9312983064490866,0.03799703974777554
3850.8207585980253,1.0413579607061771,1.136842866138921,0.31802904743536775
4662.950310321993,0.9196282236398972,0.8963148390327194,-0.14830220419103696
4070.409888366926,0.7349993812194244,0.551396796746479,0.2081165355647071
5199.294821352557,0.9294658341114884,0.6034232027309743,0.0067904017847797895
4567.998040102948,1.1966904043707056,1.336667237698914,-0.16862616053341853
4436.933296265153,0.8396310486717725,0.6572394658892791,-0.024127137703603883
5397.241081536088,1.1733368156520365,1.1999176630651238,-0.13153198102155797
4820.601414174286,1.1342676676544179,1.1181999402320295,-0.22207851044071647
5161.6511121551775,0.8752656507450424,0.8326463689028251,-0.06358619311327708
4113.071844437774,1.2972000259048941,1.7133135939805637,0.017106578096530548
3816.6281392507453,0.8611133322023234,0.9191379007540592,-0.041513595637217106
4875.045573428093,1.3273867156531578,1.443846749918737,-0.06634339528221014
4576.807551153688,1.0585317453852432,1.1061728481925126,0.05649897074139984
5238.504270717761,0.9460335203866216,0.912291045270724,0.13285149374526206
4744.064083136215,0.7280496549155865,0.7728008649024896,-0.28602380820993495
4943.552737464241,0.9279349424662396,1.2166861333830554,-0.06309896734515195
3663.63222904113,0.8990601216263949,1.1182608954355922,-0.49338522749846225
6121.90585772998,0.6354259036872736,0.967366054575222,-0.040545839758550827
4685.030610477577,0.8955961443205832,0.956151847417961,0.03763226151790531
5288.31087923744,0.7490492049757285,0.6544225224480179,0.14244500304135932
4214.735830846262,1.0964979422446954,0.9816391224801222,0.03852620162407616
5015.606931552139,1.2765701189320506,0.9269235083755046,0.13704391101356203
3888.008665532678,0.6432710809261898,0.8103982459031691,0.016306245417319377
5116.44748678177,1.3780769320917305,1.141009679098893,-0.16887959454561857
4550.818140929917,0.9178622414037175,0.36316217259142003,-0.27898379209742485
4820.433352754897,0.7062446537653714,1.1301932619475008,-0.06575067682213245
5288.581821091068,1.1394386950520459,0.9833940051682789,-0.19156905085173923
3937.221782145804,0.8383863804362379,0.7683205900240276,-0.029929778657742483
4320.8557885710425,0.9295658309921264,1.2585917424610393,-0.1229692508718574
5120.126996760736,0.8489304389469803,0.6652229281078582,0.104770253141012
6268.755032182723,0.7458155170337749,0.9706515666623413,0.01223875611430857
4703.342365736963,1.130999258100476,0.9738458883774711,0.11187358406431208
5213.795282546753,0.8784246492764531,0.6628164459202363,0.11059618081864027
4725.119971099064,0.5908370519551884,0.8803379905524751,-0.04491826092910741
6159.57191632941,1.087765031053983,1.2670883891176503,-0.02958408623033013
3576.944833124321,0.6486044122440611,0.8374052775059605,0.12540112208034035
4866.234731268551,0.6616849568311853,0.7714994897250718,0.5
3662.1191765065573,1.2481515512443289,1.3370948099600535,-0.24728278673389564
3045.3999006242984,0.6509150251974469,0.5344931121219737,0.01043787199736494
5008.223437182472,0.37088878576812734,0.4623626469287592,-0.29892708680600993
4897.648457303221,1.1057153712403738,0.8824112940942394,-0.005228087389477883
4600.614143580459,0.8740341426297173,0.6484662177039526,-0.16851522591359355
4725.664136972173,0.8955862197154708,0.9908084593305104,-0.029976602763040074
6968.809603849881,0.8713749016624499,1.1031746280758243,0.03882758348696464
4619.277403377996,1.0079174847546817,0.9291699564556906,-0.12234777810599033
5157.087052875052,0.7618201895242329,0.7703089616693773,-0.4459396690468456
4345.444626270283,1.3190287186414411,0.9638927758110241,0.3563839192882017
5006.662802528423,0.5809423799226503,0.648534178721529,0.2098192449498274
4633.236427461068,1.0612187291692807,1.2080979369752465,-0.03263980722771622
4512.637062089189,1.110530250969146,1.2596429225861843,-0.2236832495526404
6073.228972540228,0.7600870597916555,0.890504288811771,0.0212561475707569
5624.029474229037,0.6940663886805454,0.6543053104727713,0.0902472062603521
4895.722653179461,1.204293553542539,1.009467307087115,0.19250295393990213
3187.051644839223,0.7022848114958212,0.8736236212098609,0.21555554110019645
4547.293543723201,0.7983340148123582,0.9707406775258548,0.26266907632796155
6692.119295083558,1.1718272406149366,1.096196925766678,-0.4352149223737449
4638.536833352205,0.958685308384756,0.8844039851085729,-0.07616080350528603
5572.252300437561,0.5007140830927238,0.7092399489492391,0.24827520515290688
5809.359681366821,1.3867647861383785,1.2054661652127145,-0.2309079256594912
4953.274741099182,0.8174973103050085,0.9780916709310719,0.30481689429541825
4210.724857692294,0.8493106775233956,0.853496093499163,0.4525944037845689
3095.281367751978,1.0139460630815913,0.7993006294148391,0.2978135798647902
5278.914246026268,1.106269199251018,1.4337452729550775,0.16539760177580373
4229.670798023516,1.4402760728228667,1.3710774027505324,-0.11187655684071207
4923.305316321384,0.5349829626485758,0.5200964941718605,0.07040870093696801
3925.125762287445,1.1564880522314864,0.8108736402566654,-0.33652366218015584
4614.333721670859,1.1357524235125191,0.8215438513046044,-0.19527766614793904
4823.6033384307375,0.9157087722814707,0.8624694298633856,-0.1777008706278676
4988.015506731009,1.1468184237040555,1.5454451115958365,0.015493143491486786
4019.62446885331,1.1835685044091366,1.0105287698042575,-0.09804431635707275
5637.837664132947,0.6045093037532489,0.8620663546621328,0.06539998915501606
4382.1736506876205,1.3874416264702076,1.2655013874349585,0.2194567062193146
3627.871377682728,0.5603094367154645,0.48051273344769124,-0.1774318857178154
4723.6836060255755,0.6661709296903067,0.6541672095703588,0.03715027323426279
4824.062716318522,0.8845530815939759,0.6742744510312388,-0.10399224745448411
4912.412603220232,1.4312351282967641,1.104134139321465,0.047540623414295415
5753.492682579556,0.8729358425616534,0.7380856109207911,0.17154314955295483
4634.485814284899,0.9420165274872973,0.5903441683433948,0.23030894771055305
4716.26626294186,1.3080196509761408,1.6146890129923914,0.16757602982325961
4027.7709331368346,0.8749204643586318,0.936542193093908,0.10349640723224847
5374.387452021528,0.655390821767331,0.6152935922024192,-0.35505331825488234
4929.016344854673,0.8456912911904213,0.9133057712490343,-0.2703164823864723
4505.980590894086,1.2926979584514444,1.022804327987578,-0.20604456995012277
3466.7277145741755,0.9677162492637841,0.45371836249350894,0.0896550517018812
5811.088536538561,1.4326645647640648,2.1216714778884107,-0.3227512280976349
3940.62402488076,1.1344837315655387,1.1481601998112052,0.08438058204196437
4386.105393441206,0.7887977659016291,0.7296898531735415,0.06611731428316217
5050.841157753202,0.9627690761162695,0.5948834937933857,-0.4839222763799212
3962.4094499683197,0.7366954704645301,0.5491029176511676,-0.271900705441888
3754.5431552227997,0.7828917423378075,1.0942240809348014,0.2609688937141874
3313.2366921095345,2.0697710627564394,2.327076738108513,0.17435228709872827
5304.697867033945,1.2046561275084526,1.3354605941530406,-0.21259849929873353
4418.369628691575,1.1652744972516682,0.8781222877571806,-0.25871524635361254
6849.089064731331,0.794204921172984,1.0828176045075901,-0.6125866712696451
4103.951454058389,1.3423960165702697,1.3794745700079398,0.36782442193032866
4154.984283599755,1.2248539004482342,1.3302223310284724,0.01026359210776128
4404.224920800219,1.4204053223394426,1.4422850348142346,0.4709310138363002
4970.194258596943,1.4082785370996123,0.9187154565357204,-0.04791777174306419
4470.857662850282,0.5802276779756195,0.49192905707145856,0.07064732472239639
5228.632549801759,0.6725401276825231,0.6537772373915335,0.22282461785714897
4114.988127007942,0.6990530461340909,0.8476125572180992,0.4097106715452275
3832.8857970754934,0.7140148391668907,0.5529075444896978,0.12525541462110598
3541.2496824136247,1.0308630910650975,0.9886826752523491,0.0006018044845731959
3243.498082443962,0.8082991369760455,0.813654649527428,0.006989415278840906
4437.35168636746,1.4681496351906296,1.5751802786294802,-0.26145890055173376
4589.313781324745,1.4261699705204094,1.5076750723607741,-0.0954707167164127
4357.994080761771,0.9483846014802401,0.7648317255545997,0.012804871153772334
5670.384058031013,1.4388315540374474,1.7249419623371016,0.34547346877544055
5659.621146725694,1.3220336568100504,0.9593755765272655,-0.10751079837033571
4565.637908788849,0.8373233602056852,1.0571132727971193,0.26566366136844644
3544.255220765626,0.44769616399360956,0.46791025520684665,-0.02045950281596485
4403.306424361463,0.8955079037598176,0.945508724347614,0.3108896398956095
4380.125024258057,0.7888444672303817,0.8645526892360786,0.16918062349323784
4340.005526405359,1.0016264062864575,1.0408938417504259,0.15229884071283808
4311.596767271229,0.9723070717186872,1.1096864683313248,0.24470666499888208
4342.575972992635,0.965754414724807,1.0486479311231132,0.2082899778214897
4529.420868871568,1.080921185344791,1.2310258054354197,0.26595334892595607
4355.121230829111,0.6468695132290803,0.7713354764082416,0.5
4945.825756037914,1.052840069392427,0.778527328522872,0.40422367783723206
5052.258101133402,0.8400959617457484,0.9168265264764911,0.11660605854124065
4162.548438972257,0.9999955499659217,0.8872228609487102,-0.11043671467591337
5689.745728204924,1.1893524613080475,0.8939441557897734,0.09160444742270624
4113.95638871157,0.6439000566947426,0.6624001714811363,-0.4815489314146306
3667.5395703292643,0.8796765868326076,0.9355981876578741,0.20724665312525611
5066.544649955536,0.9203664414927839,0.9824965536360555,-0.26500829864340264
4227.814305909962,0.8214327571073398,1.0348448693796517,0.28062031899362655
5024.904029530172,1.1749573740332393,1.4351318430880784,0.49507225842267927
3117.4319792296287,0.769902910299882,0.8657997213315624,-0.36273358567122727
5774.719159038147,0.8111499001394152,0.9333021122178032,-0.01257609905189678
5270.6053856282815,0.7725202167619838,0.8289501375339959,-0.2661032131668577
3749.666415585899,1.2230138528597003,1.3550085222434216,-0.4320774909841233
3764.8560133076,0.8268889718969458,0.9425877187822417,-0.026580412800969205
5970.5861328682695,1.0650113477208891,1.0402186491505814,0.15879175927463676
4283.834067551429,1.4439262753075184,1.9190772557704663,0.18860010732976107
4216.070605887164,0.9312953949123536,0.8414577083101882,0.038481453141336094
3213.763534095502,1.2280151700082893,1.5214325030221751,-0.4160580141533907
4554.4552560789125,1.367838521023282,0.9367843584706358,0.030844690613326
4640.596269614973,1.2067978900101033,1.3514003028433923,-0.3731370040613842
5300.84516773864,0.9457996710055648,1.2311861123663512,-0.3567470645144658
3820.6451002708673,1.1105269397496533,0.6726705789316442,-0.2492049720641399
3735.7992454315736,0.6281553517161635,0.7085297456955464,0.262452797844605
5115.673844343533,0.754989210462512,0.9129148870286559,0.13631383642038597
5504.711049858945,0.7988312045920202,0.877638609108633,0.08064767447065015
3700.193354217482,1.5101530300435706,1.4958228131918212,-0.2156535452092087
5557.059860409819,0.7468538714361832,0.8133217565500945,-0.09694384588784825
4826.279289040775,0.7431308121845426,0.6160087679675691,-0.3425306265392656
5564.263737352252,0.6890197549377541,1.0938748548440378,0.3410753317230241
4750.845746937668,1.0899529404826902,0.9634454593146973,0.5
3034.4054577584347,0.9856553481672207,1.0743420692131047,0.13914960351828143
4693.622832378773,1.2216897442566412,1.0218882376496201,0.18293855275259027
5542.100673069889,1.1178149165193385,0.5956001944814486,-0.03974003480284233
4174.3777866414,0.6049025383189831,0.5452025103059599,-0.404863090914591
4528.424521764783,0.7481805574974073,0.5633213008525733,-0.2109911976567982
4676.706547514315,1.2913321870689554,1.4948218602147538,-0.1163461372333765
2770.3402840920626,0.8991754388557986,0.8070116331882362,-0.09631400262818879
5969.943302806233,1.2468979545045031,1.07039766285646,-0.15384840714257098
4169.037024071978,0.9125797630211707,0.7315857884624606,0.011938327142891768
5154.01480273096,0.7080858929278696,0.772966563550719,-0.2125422721330039
4739.309204696254,0.8741848055833235,0.7693351507842316,0.5
5680.333339451552,0.7079875511125759,0.9091760928523882,-0.34134350374906314
5084.239285699657,0.808611809399394,0.8946743858023913,0.22182738600563767
4635.553009935318,1.0002314266413115,0.885798806658503,-0.0654636775404719
4174.539435236504,1.077901272592255,1.2424140399769794,0.11569952381546214
5358.495490967497,0.5524521691864255,0.6230528752181929,0.12702871679440622
3488.591087231768,0.9456579981227254,0.9603962931094687,0.0392608075301638
5252.123294193125,0.8033460661100619,0.5937888236257424,-0.28334268689990605
4030.6686739115894,0.7878962977602968,0.8146226335821832,-0.0830099375925231
5676.598563369648,0.9831711547832691,1.0499557780165443,0.04227381804983576
4912.909679863887,0.8123870318276969,1.0727258305729923,0.026608458821029857
5250.886637495076,1.2955344987116684,1.0451642932560146,-0.25578299369550656
4857.392169677303,1.247015469062765,1.7367847670665593,0.32280311476039164
3573.3360334013023,1.2454570734855097,1.3247170065241027,-0.6233933564794202
4197.489585623263,0.8262724511274245,0.5975596279154561,-0.06253122194115951
5270.6725363279675,0.7093752912701694,0.6313659574326896,-0.23032968879640467
4916.6590721518905,0.9705074823470289,1.2538099715892668,0.045541354089798036
5626.69293371397,0.9124129084284331,1.1603590861433273,0.2541814640011066
5082.29219412602,0.7977942093941588,0.8376863658750829,-0.35174225279426957
4123.308676508138,0.6560663883332596,0.735171250802045,0.5
4242.755103595557,0.9396205076829821,0.7297960119239124,0.0504621592394655
4872.042173366266,0.8489826374368816,1.109086070833121,0.09543099752386713
3180.1691537999263,1.122086759259505,0.8799080319209216,-0.35993858383685323
5971.40931993609,1.1162765128803698,1.2764761490471386,-0.011641797083368929
5109.22271546429,1.2251999513556793,1.4945448713849614,0.24291870537947302
5658.924217934211,0.6351761120299904,0.7022278506384432,0.05248039305466939
3693.5772414335815,1.050264576923408,1.2412792699046433,0.03504889343172928
5671.195612248679,0.768133573441582,1.1089712707942487,-0.012964892169597038
6362.049237719424,0.6448964472972287,0.7417630185821543,-0.34450002291585535
3875.385151235878,0.8428494407628224,0.8415891903569874,-0.34592716776586335
5339.981256432637,1.2171762450336545,1.1546140540333512,0.2923317816601774
4800.776961281105,0.8569204116073789,0.7524666739252427,0.22057167648577353
3718.896306226229,1.341363664989778,1.071175841282889,0.25756779311682076
5145.018780296309,1.0872196288800833,1.1637905357250602,-0.20570501095115495
5383.522243386144,0.8514773802548558,0.850470563220941,-0.039391940292229664
4379.211413131808,1.2400121072266022,1.2656098135917542,0.3079500465002862
5616.141564178656,1.0613491930285714,0.7362607476540711,-0.30716383118991003
3633.265615247562,0.7168601528883236,0.7520164499859914,0.2824706018883166
3753.670697485249,1.4147006588951287,1.5917961142166517,-0.14662989815597322
4895.618176912127,1.0148697057716192,0.785435168061854,-0.21380832510862618
4817.76969458059,0.954699047996373,0.966776957191994,-0.007979074951628034
4298.398558103127,0.7361168325235959,0.4923364518730964,-0.2792504772779492
5366.7161051803205,1.2448845669019346,0.8804270905330784,-0.47422339862426477
5171.626019951164,1.0793188568403265,1.234670458835756,0.019007421662239277
5400.697349653811,1.1073095450738102,1.017851316498522,0.13356644259534717
4713.804495253413,0.8231171641185578,1.1676580446005134,0.30382254315938867
5221.806187584839,1.158525142977517,1.2222204711174809,0.15174367829287153
4488.044787879004,1.1779533983927004,1.2609689483748914,0.49134929620817647
6237.673083060617,0.7828054403047193,0.6451024743904195,0.34026874393412077
4231.21796091461,0.5957524650797522,0.6098801000184677,0.1845196879216537
6273.708200620818,1.095343264834731,0.9179728992757442,0.1171547063389981
4824.421562962586,0.556663262598565,0.4924929575590687,0.30752554576830776
3837.14237730188,0.9880039444594448,1.1218944209519268,-0.553255527832133
5757.655545342021,0.8381887238031732,1.0184403849533736,-0.1200142603157375
4888.130971876471,1.2546663026972302,1.294675287206707,-0.4646202617401777
5395.7868688661665,0.8517890273081982,0.7338933182892957,0.16577440809652488
5656.699142979815,1.226818243000951,1.2555698112165838,-0.18569096935272464
5036.568887901518,0.8214476389092434,0.5275647567553965,0.5
4385.43140863103,1.1999977512649027,1.4631813599686974,-0.12948144954269508
5482.999364368475,1.465085385959208,1.0049377050583328,0.026590791220630787
4800.528855218216,0.6829882154084399,0.5719274111634667,-0.1005666335469165
5280.100473025894,1.023008930432727,1.0418471029001033,-0.12220780953596934
3292.388598345977,1.6371956039775162,1.5440489172538807,-0.31163047095782465
5112.887201906897,0.9666472067257303,0.9590673749188472,-0.32003735248524373
4352.9899223984785,0.965447067557412,0.7563940207985765,-0.5448732505682463
5957.3167460249715,1.1471247368377548,1.3690399393263704,0.13636557570085958
5236.161143522367,0.9602702160236884,0.6416584589583013,-0.10616169163199521
4967.900422094508,0.5231935013573619,0.4188890611311157,0.48340705651066157
5140.416995345155,1.2330718437097345,1.1571707447520283,-0.31103504601681153
4101.091402986297,0.44926289653370177,0.3939218811482981,0.3690786300387363
5936.2796833696375,0.8458020872154145,1.0884754706613757,0.39306483383788027
6193.959292891834,1.251856437289162,0.9148289724334185,0.31926079162512033
5075.039457383751,0.8608643928393035,1.1632813718733614,0.05869932761637935
5913.282498001547,0.776575876883899,0.985968812777752,-0.0845514313048504
4401.596260929226,1.16981597629164,1.4137231649038415,0.31901692423432115
4242.020503642513,0.7372213032914033,1.079307172164983,-0.1978657857094205
4828.647324110246,0.6444435701020115,0.7150667557726339,0.06767689886143015
5104.458726857529,1.0186284968733208,0.8092666732657345,-0.010936986505531737
4524.209323129816,0.9042691753968523,0.9036444440942691,-0.2228542156740048
5176.437733257939,0.6390817214527895,0.6197343992459112,0.06951174307107594
5014.47263745139,1.1092381349987175,0.9323714885454707,0.18545956289825308
4101.185257296262,1.0661219013943084,1.0843130393154041,-0.23270705235974407
5163.1551122162045,0.860061245848592,0.8311291268906885,0.11503004677896254
5404.4697697650645,0.8771669984687633,0.7649955225104363,-0.5572570468499534
4920.028522313273,1.0675981855022891,1.002005313944487,-0.2622888352650584
5606.853672283185,1.2475903549380165,1.3246484688927769,-0.11433643071948894
3947.8173445521334,0.8793016974726687,1.0747944976826955,0.08933430924152908
5127.565295492296,1.1136721232520361,0.7405274282472569,0.2173286874085137
3980.8035055222576,1.0913000542711497,1.0073660354843867,0.0207057227909594
4020.1430492368386,1.169826823177244,1.1016495928344718,0.14164893362249922
4358.348416383547,0.9598272996858663,0.7388584458061928,-0.040145475817356197
4140.557871498028,0.7219186214834105,0.7520844347853368,0.1011870357270746
4416.402926881204,0.8343752117000076,0.8907529679940511,0.08797726665717712
4650.094782502168,1.035713366445412,1.135191249220735,-0.12725515640856397
5386.008140431969,1.4046160945953983,1.3325907334297145,-0.08884496913681798
4575.188672906008,0.8289950942009303,0.7090366592439303,0.15003179308780462
3690.062005261285,1.1511968608818497,1.5696160836332076,0.4530219521603503
5598.047492546612,0.86798588733081,1.0409829762106637,0.30170464532733
4214.036906469472,0.9776171889715339,1.090613359440035,-0.2822790140293501
4758.8957010267595,1.328849187315898,1.5076875878584743,-0.28139543480647766
5112.575554858498,1.1410731453551082,1.1657191029608147,-0.13390783719206586
4939.7272928819475,0.6396751818147608,0.8794127558804962,0.024730334469398606
5565.925683265033,0.8068812440471023,0.8518431758306486,0.01206406424357984
5135.302200374931,1.2640553361103397,1.2066036229908212,0.3100700692320872
4197.083294212024,0.9854695106571237,1.113925327129347,0.32377832646169385
6324.993521794164,0.662789970096034,0.9464902725226411,0.0014163961038774417
4936.033424336763,0.7452618887565697,1.0294251160409995,-0.056924144090218516
4696.861841364946,1.125873380677793,1.229857012529001,0.12918660807189986
5474.7477961388995,1.1986025703044074,1.2753887682913183,0.2658003300128776
4974.615662151051,0.9544638253705435,1.0975158183737375,0.13810920249438702
5079.459735057529,1.5688284502340255,1.716325160738346,-0.10788645084767712
6544.528799020481,1.1560380908639096,1.414688545203931,-0.15306346542683072
4607.415000221467,0.8891297325917749,0.867202668891449,-0.2776509296164311
4577.567374187823,0.7460734879751639,0.9996296199113356,0.048371711898813154
4881.604958408725,0.7062789238402396,0.8090880186569908,0.1557800245799218
5550.061154906727,1.0338553301200923,1.160694335148522,0.18371129828236427
3745.426178866721,0.8278057387716482,1.0973018037708446,0.28794009243872454
3424.1108759664467,1.3684359384958562,1.4772550183526956,0.37007740016548313
4389.019310565896,1.3165779507294648,1.4743992363968697,-0.34374141191933405
3656.253928658499,1.1082666368743068,1.0011544992494996,0.10119060835783189
4502.618056732053,0.655250956760776,0.9267373257311505,0.10981487234516889
5151.749787290503,0.7819452818618987,0.9356580955704716,-0.0184866021045006
4176.4757955134155,1.2639193814352752,1.2364873116985884,-0.2070861424860694
3801.2213962530604,0.8092334500512245,1.0301379263456067,0.3611574586841926
4848.536013200744,1.230535433479881,1.791525175370253,-0.14715012776185873
5403.780439230619,1.0686509807586901,0.8080149890554149,-0.5481422148582347
3613.5185930383714,0.9629294712032967,0.8142705568135975,0.005018071277558584
5374.162678814189,0.7742917967661397,1.2526070372796883,-0.05946591672143977
5372.114342616828,0.9264390391188121,1.0209838544867813,0.4644243182033674
5467.85957150964,0.9974119887187245,1.036023934184852,0.12242348854843757
5652.936150410181,1.2081347245752805,1.1364558334271873,-0.07631568670780806
6341.409747261731,0.7285660998415613,0.9638009987247925,-0.049213772598268535
4550.735565966661,0.8842957893684712,1.3796339560745767,-0.052100876959437735
4876.700106054501,0.9612057829830711,0.8399497563576157,0.5
4508.493096726382,1.1156695894215412,1.0703634833779894,0.168870967034461
4801.383791329067,0.7228839156193058,0.7172488840347718,-0.35179004306850264
5873.011348945418,0.6208575517781962,0.7830604385136843,-0.06110998702524628
3858.4898612485317,1.1184912879275124,1.3611110130795707,-0.0059081120001271414
4197.265229484097,0.5705127212633241,0.8452037998347061,-0.27689205086606716
5764.0266555531925,1.271244928690542,1.39746879189746,-0.44573886431177245
5514.025554831463,0.911018475629273,1.3958252479638782,0.14889084544671113
4545.807847228046,0.5631172294313884,0.5590447405265709,-0.20115824893447598
5398.081400784504,0.8298949451491264,0.7176478728575686,0.31219290463999544
5038.851089744423,1.0447809082673092,1.3400174151544446,0.0020486081519585746
5850.192226300692,0.8168247281112555,0.871451532473128,-0.11856720506543386
4852.1567156787405,0.9550074372060868,0.6986034710475165,-0.6041834125363988
5517.942479710808,1.1350195914263215,1.0366776359671719,0.30557946240698297
6649.408337344834,0.899452416153095,0.9656943726375744,0.07338170816132546
5218.6694085332265,0.7157355808834666,0.6663397858741591,-0.11204867970434058
4834.5297160563905,0.8752540006570397,0.7164775429486336,-0.22257284689505064
5305.712889654686,1.303710034114815,1.1850187478542802,0.39977280225781375
4544.303399257281,1.371266086333296,1.0132663322289268,-0.266054925168214
6471.577393867313,0.44501845651443117,0.5897072046154442,-0.09216186457566301
4926.049726387187,1.2227569772978693,0.717931812688946,0.14243627551426574
4608.946675842141,1.012536929008839,1.0282831753342312,0.3626916600058435
4215.017696485975,1.1809956697800374,1.2610408508251356,-0.05407992675944503
5568.054134124507,0.8123779349330926,0.8315150365854168,-0.1837042435581356
5407.0311889794175,0.5079341226246284,0.7087987982938752,-0.026684802138829605
4451.851940010135,1.0961221971618653,0.7811899497334379,0.22611766573933403
5203.515941585696,0.7147556846793207,0.6572256332867208,0.28234872131580063
3744.0108222510007,0.6029268921287869,0.6230965953092814,-0.34378978726134535
4929.479402551209,0.6203996543816334,0.7798489991519605,0.028735030094252406
5116.929446453686,1.1002284456038336,1.1265814866202504,-0.3585663522403497
5995.130866691456,0.9848631165072993,1.4113463212684245,0.22105429274431812
4260.4268380899175,1.1456165054686684,0.9352161578404856,0.10559597514578821
3905.153159838373,1.1172688136240911,0.7878848384371359,-0.23029640773768237
4173.200427352471,0.8447666088540585,1.1863993166733922,0.383536392512791
3864.402049779556,0.9323816065306361,0.6749455051412476,0.08375337000184685
5735.6601504312885,0.8221406178043651,0.9717830686772609,0.056298120116657135
5884.047506516826,0.8974180567836273,0.73755692984544,-0.04477787058648988
5024.15160456418,0.7081863155047334,0.44475072530012844,-0.002009483583664179
5654.906461979604,1.0476210734685838,0.9601197758813165,-0.09537062535569701
4893.770866406165,1.2187801872454391,1.3822465252539289,-0.1853021240540634
4733.4218466094635,0.7458467425447532,0.5976376377769699,0.30728264690134843
4566.873666662367,1.2703174113503355,1.350485542609859,-0.12318564741642053
4582.7263060357045,0.9783803741194854,1.1325946846123272,-0.13160200943293054
3716.5389105836784,1.0102697441014532,0.7517819120472718,-0.03232352253722063
4984.978334525137,0.5251426200981204,0.5701300975442414,0.35612862021370206
4771.766262850169,0.49818442260856644,0.7533120130774504,0.28279147342432825
5321.752506854513,0.9860290906949204,1.1174697511969705,-0.09871209239187173
4865.466447507027,1.1474330311580019,1.057921514963402,0.30669635638966936
4686.107408901636,0.7821548890887619,0.889787633811536,0.02703004260708471
4190.1648789946585,1.3675234751457723,1.1084908835246448,-0.2108563170020088
4850.507265775233,1.1337339935635788,1.3518943331502966,-0.1190323370008516
5316.766061571313,0.7229146870730037,0.9431320547923315,0.34331346732093193
3999.6627062412977,0.9577121667633768,0.9893838026508944,0.5
4861.231627576518,1.569232283430853,1.500168722634919,0.0799541896883006
4963.130066070638,0.6393589993000736,0.5595210384019422,-0.1416342904207547
4297.354651467215,1.0820674847287763,0.7771126280365902,-0.03122936691848664
4388.5005865644,0.8693138618191644,0.8266702384488498,-0.19061104548473015
4961.42759413635,1.126724072729628,1.0809243666261181,-0.15419084473081235
4006.605287195164,1.2668184115795955,1.4650834886852617,-0.1787619494492048
5044.946600674575,0.8534407278221581,1.0434423479341424,-0.01983593687466428
4173.25193843856,1.2297280679267935,1.2235226894883116,0.030170259114481696
5543.997585123251,1.5053008485679902,1.7173432352063693,-0.03704028517044733
6436.47942177181,0.9665686843360587,0.7895309005245519,-0.055330733630392696
4197.470238808726,1.1462221718735464,1.3556836272156292,0.1901229058764234
5173.945503662272,0.8023898074491812,0.7059536478068159,-0.05730223123136167
4291.2806665825865,0.9548148272578031,1.2026206262594696,-0.041253952658433624
5528.6679216584525,0.9058312268229394,0.9214611325779776,-0.044140067756526534
3914.3191136403493,1.1492339814146488,0.6710053390977763,0.3858219332378172
5136.410730899399,1.2511689839392313,1.3710374106780876,-0.12280365620643674
4188.907723177454,0.9225862877206351,1.089375914048539,0.1490740267353837
4655.110787631142,1.3334057114332307,1.1438859473815093,-0.18709442348436522
4078.2823073968852,1.3325118603904071,1.1647418724816727,0.08748620785631567
5375.645329627027,1.1617134357949752,1.0914286939713904,0.13655829794708435
4214.113751892289,0.8209933670695679,0.5252008168336368,0.2710648217006847
5186.374981532279,0.7970427958150242,0.4395828367700635,-0.09606704232314121
4559.131380216367,0.7469046613274903,0.9979177118603949,-0.27849064120629535
4719.869339740796,1.1872915175595402,0.9581408143397062,-0.19599633081514373
4903.42913518009,0.6470579481276588,0.967851501065439,0.24113539328416786
4266.722729838806,1.1192094135277517,1.3942026523482074,0.5
4947.25697947862,0.6797226630439717,0.9644402537503788,0.2086133530031797
5871.234195048088,1.1558865299604932,0.976835798571269,-0.3155348574470879
4255.3336499171,0.9543048956826401,0.6534076152337551,0.2001632202782094
5620.267100291691,1.2834096404649569,0.9555317972325762,-0.23594777275538537
5848.668343441449,1.2353636445803178,1.0784884727908473,-0.08728565428280985
4228.691507680369,1.3087663530005278,0.651541051538381,0.04680776921632352
3781.4617764366135,1.315204679572278,1.1266847016200918,0.08884221386774112
5011.372630120235,0.9859077084970493,0.94882996498213,0.016360523667804168
4416.814734063189,0.6603017333938488,0.531716362919565,-0.150278036762397
6108.022253414101,0.6868692362506553,0.5863693075029192,0.26498956616858355
4824.365278349883,0.42828786767101557,0.48505627464357987,-0.13189160122431498
4238.460414375375,0.6790835416429766,0.786017765992945,0.3136281863404973
3996.988342291802,0.9672059144261622,0.8002027401340797,-0.3398449726974167
5562.933471363582,0.8100864547937094,0.8943255902121844,0.05388258548610572
4400.171218141069,0.9049660988975371,0.9484892009759621,-0.306537740807883
4830.6801596222995,1.0731788548653503,1.068048966481063,-0.2085206579981592
5469.0619215787365,0.8739836854835604,0.7807657988585897,-0.1282530522333545
4461.019153648419,0.669542799896854,0.5320085620564851,0.38015136368274355
4767.849819881888,0.9366915831091419,1.2710190176821368,0.32700616652558173
4788.402113124236,0.7253773783067887,0.8709900506411801,0.21856219063929905
5278.3271580612645,0.8823033757552342,1.0866514693783649,0.00832143755421639
5213.521034857228,1.2856942411057508,1.2022221972509148,0.04701473734283577
4645.92038812162,0.8823736739759562,0.8750563825027523,0.31661979045783906
4844.554343047563,1.3927393883369361,1.4313650492299201,0.1753263215516996
4539.754691933558,1.3079089967344923,0.784708746814694,0.00450210584268915
3765.671315156389,0.8051736728552392,0.6533900633944009,0.37166789500407005
4980.32060017869,0.6722190583960561,0.6116711081256616,0.20363238404087863
6124.534232583148,0.9368614595199516,0.8628704774677652,0.06060496645975451
4181.396601516256,1.2383319408492222,0.9777525321480734,-0.11474419506212033
4258.8792032781075,0.8274522734428279,0.9166008065790018,-0.13731056332325323
4190.490559849381,1.1770225745655347,1.1578312041371475,-0.08404383880006991
5307.214245106185,1.252109997284022,1.5305217106127262,0.11424772144049634
5113.939817937508,0.7564935874093485,1.1956754024494771,0.20894570398320164
4689.023615308481,0.7809872279278531,0.6133179038951466,-0.3610729613877591
4157.386656852725,1.1281655080317516,1.1337261675279862,-0.4866496694128073
4864.663754147947,0.9879618874103926,1.0191823999148193,-0.23787245164803308
3704.7645108649367,0.7784846183640802,0.8161407182403208,-0.1019191533438366
4900.398596800245,0.8619548879701031,0.6952945921709873,0.29898680016404844
5410.067070261553,0.9323701118181452,0.7720742141944342,-0.070104541995797
3924.160604356425,0.5587863937611348,0.6579479783868534,0.06369333724297309
3727.2372062192353,1.1414107766206738,0.9014402262203886,0.1044761279969178
5905.606524186402,0.8303269527652022,0.8892374129180821,-0.2558927150427549
4371.76825234679,0.25407094405047526,0.3177296624896999,0.3649722079695676
5595.163492160676,0.9440322579226368,0.9820252194433176,-0.1662014714949799
4692.201634361518,0.7646071852766231,0.6529525984369224,0.3899478639915701
4686.631628141071,1.3722055480756692,1.3286236508268223,-0.03154400036592882
5106.888889647652,0.803638744770008,0.6916326396027214,-0.08437582440327655
4181.200800277492,0.6755891591053472,0.7541962649181629,-0.2776972959140753
4892.748000446952,1.076983167490504,1.3453801571477382,0.04932132279964516
4532.957409623135,0.7848881579981042,0.8668484673362331,0.5
3875.654589616478,0.7551359496869419,0.8501868931785699,0.10339707260050071
5036.237452308479,1.0773753457061015,1.234917952390238,0.06760921798722613
4615.684535185459,0.6898831730276085,0.5344701519820919,-0.16665090644728958
4690.082620088705,0.5856815854501367,0.8759086658792599,0.14799593715294504
3952.8873396100894,1.3814995005235842,1.021627638212248,0.039404451780737294
5913.980257433963,1.0948746844001611,1.2643689259130408,-0.015708618685368166
5413.699930470281,0.8839476787514087,1.0413713813019008,0.12369869608212744
5474.909118920385,0.949130697574516,0.7860408829190488,-0.45396149470497316
4586.188708290822,1.076466089529039,1.274747746661834,-0.025131123098794547
3589.5719773476058,1.1933343624033552,1.2665713448286176,-0.29925696127967605
6167.0421677426575,0.761006177171247,1.107537441842995,0.0072246245799858465
4757.231744395893,1.0415366314914205,1.0730491911662408,-0.18104984390833867
4275.840142785963,0.8233239559474403,0.837384288178591,-0.16395996264030097
5091.76110213818,0.9027546888718438,0.8265540148479209,-0.3333603206964251
5616.984551602308,0.9901732168662261,0.6462035195242347,0.2789162428117052
4783.864610740174,0.9483303567368319,0.8974453636658355,-0.16943662456696965
5695.002617557562,1.1338917245756428,1.0447358411789325,-0.15605965590843857
5558.099956961808,1.0717716397788983,1.11241657238398,0.3826537677931045
4046.5331688185593,0.5729576976569555,0.45817824401421847,0.14198935819164593
4328.346926038366,0.6105441982336395,0.6416537698407615,-0.5086598095029955
5470.276014295837,0.8575708288101768,0.986253006248685,0.3463400429304538
2901.1712053326937,1.407156315610456,1.491793599299798,0.4119726604248257
4695.381014784508,0.7371020418745994,0.4920478034828363,0.3885940220640869
3798.41815886273,0.8979443225968118,1.0471098302381188,0.16704731075278265
4466.4123389965325,0.8159134932608695,0.8078896293125998,-0.275427439982753
4590.825937679557,0.81148890397798,0.8148006647818666,-0.012306376837047987
4549.228935464745,0.9945599359762638,0.5248017225606926,-0.3621113255957599
4413.417123521174,1.300194319048913,1.602212852756809,-0.21650401387551754
4031.9994452598303,1.0639920999701473,1.0880328595678788,-0.2777216809906816
6404.337886773081,0.749117259643227,0.550575005959179,-0.1567576137973798
6107.223402912946,1.6383073777008017,1.5956625803677766,0.04098847255286573
3986.5539258206018,0.9696433052402814,1.0428574014441285,-0.11122798729137828
5907.4817259124975,0.8056947609044716,1.046970426012948,-0.12196543882249455
4520.374156669003,1.3030240936693973,1.1592940698875864,-0.07272361118086712
4890.431231332197,0.8327323455140453,0.8658547915997956,0.3748681698879704
4755.708228072159,1.3657284137468606,1.1182224035666828,0.5
4338.1759511222235,0.7323393022583333,0.8726272619904948,-0.11267404495479749
5488.696640524303,1.3075075972303423,1.0450533744605497,0.08401855062423925
4888.1205714036605,1.0002619160704236,0.8215740027621642,-0.21031949063916155
4466.414003746531,1.2727630581756084,1.1963794386470266,0.19191282621412695
3886.787389339669,1.425441427175386,1.0023215524998554,-0.11911251548193573
4174.483490396616,0.6668481773696865,0.9548512527497012,-0.1777762157724493
3651.033919078532,1.2689429551895806,1.6762762232825228,0.5
4808.556483890618,0.5977740238936488,0.6024599993068039,-0.3390173107479014
3962.334085400923,0.6882039111879429,0.5359451500786706,-0.6132068386719934
4614.107641237021,0.7491476350518906,0.8471258412774755,0.18370756153725024
5759.07129752726,1.0759091590444652,0.9580470793415669,-0.09190710273828533
5639.50970104511,0.9582539692337149,1.1935181621579243,-0.16149914481348052
4777.406174128168,0.908215978959291,0.7801132487450864,0.5
4739.040691699795,0.9865588197555902,1.0969625621981465,0.18255664314567394
6115.912184594706,1.0978223973233683,1.102086910793009,-0.014628524376369037
5164.529284251098,1.117062030985338,0.9448247185880803,-0.17698290993192456
4570.535478086434,1.2235417089037828,1.2315737826644313,0.1114469622079217
3801.7873180156835,1.4050087031918599,1.5432707860509918,-0.4332131572985874
5075.71125271532,0.9446594068896307,0.9720732755035216,-0.12902535974295035
5380.526640808003,0.8197277594672709,0.8695700988703898,-0.00927474244944886
4357.843932840449,1.1033840322962971,0.8930352672933031,0.053372957924233876
5003.841928596623,0.6639362959338448,0.8855168055624971,-0.03560783419852733
4545.49869355948,0.7803239669720972,0.9913195728224381,-0.17330281093222408
4671.177320560698,1.1998452365981973,1.0619154861921412,0.23016553641538456
3058.524559706368,0.9189679062955739,0.911398427673319,-0.4129133910497806
4644.753017398705,0.6479518854104902,0.9065841024828367,-0.06948096800377351
5478.558511685638,0.5775492336587065,0.49843813787642016,-0.12948264058024728
4358.018211103409,0.9621791698484518,1.0868140188468582,0.25296077501066644
4836.768457750722,1.2354741342420024,1.051999329708513,-0.11472077358234116
4270.834505315655,1.2321364443827965,1.602003987553024,0.10941588919432761
5052.309173404941,0.9777201257232093,0.9945986945013163,0.08326169903985312
4648.433761724678,1.452227354774032,1.6875563312027888,-0.45877958552677994
4142.530921522595,0.9237949085148843,0.7956468080770325,-0.016411846227406532
5732.78602736559,0.9153580941506473,0.6990438945901909,-0.43568395544368815
5450.25240947255,0.30814102256525,0.37167213803489996,0.08782130461355801
4376.565265250278,0.8381592627096961,0.9138995920034423,-0.18258038349429231
5148.451816592444,1.1630037587271236,1.0131423132021768,0.29666739421234933
5176.1884019742665,1.340990334214926,1.4563486617436985,-0.04519202496949043
5249.610864507823,0.7424413415831788,0.7549174015645802,-0.19251407555105884
3614.020872803446,1.065563082323262,0.6141329177694209,0.2999647165487292
5504.62457872284,1.2117197580808219,1.2949849332086893,-0.21797254117708825
4401.210725951988,0.9528020382989747,0.7922492499531715,0.22367376533690997
4549.520446591113,0.3791798856181924,0.42704601325843977,0.11688216850453326
6646.51722658214,1.011822499893563,1.3230075573813493,-0.09135790564990115
5011.3113665047085,1.1403576560152233,1.504637441690415,-0.33399445137841055
4529.5742671869775,0.7131442762453852,0.6752067265803319,0.3104156354543357
3256.2939390708657,0.8864613672814032,1.0130240206919583,0.12511601433983993
5772.834893762449,0.661125989467809,0.6388447890590429,-0.1929870051900423
3858.3532304339783,0.3074631128549118,0.3669218342391682,0.061151421148647564
4097.592767550347,1.206751102946914,1.021424824804179,0.25154047468312146
4568.053390638505,0.9490628665495371,0.6282960222862743,0.02800469854922181
5791.488254190204,1.3494187491762457,1.2950790656531337,0.05959970816327422
5341.267990666031,1.1643305479765442,1.1945272416911834,0.258000935951007
4689.513743111818,0.8614475595836377,0.768423224631109,0.3843156935757941
5015.804444547175,0.9292048349738978,1.1480979709310666,-0.02989979374045018
4379.730014990226,1.091544347692543,0.9790415112564609,-0.33436071633210235
4897.757582695745,1.1917208541889357,1.0040000961577877,-0.3256440783940115
4851.335721344695,1.0306676576855027,1.1323360485647187,-0.17274820320997283
5478.138926976947,1.226398286322371,0.8140939967268801,-0.233722881604746
5477.024685707264,0.8758328158313821,1.0624544952104187,-0.4206172240251711
5145.784167543951,0.7007141133035784,0.6918559444592383,0.46195625078288716
4546.356709717728,0.9337976866097174,1.1339849431881164,0.13202481556908335
5319.275606073089,1.0012962226840458,1.2589300669974768,-0.13094939920874782
4735.622073657867,0.6496161513151782,0.7988152849167874,-0.008129210597994672
4042.659941900807,0.6158194789633444,0.5683320863877487,-0.4465997718758605
4517.698545662343,1.061846574118357,0.786709414538538,0.2893304744771855
4859.168888649027,0.848410787157394,0.6252985625428087,-0.4874025978859288
5437.151048565322,0.9085397735844994,1.1304260747853208,0.12750694541106583
4671.530279489993,0.8600768335747941,0.8625027405597112,-0.4596055386870751
3953.5609021322757,1.3301502254408029,1.1058087719708007,-0.10350202377981502
4839.719178307773,1.26544029009875,1.1753482425788953,0.31067221806772294
4879.419228039586,0.6406615774902079,0.8516887067994479,-0.4084880229104423
4930.086340231927,0.8168016967298882,0.9830066128823145,-0.03717722505465993
5443.9100611681015,1.1625010669923983,1.2269427769034553,0.1569426689317967
5513.246268062929,1.1004840592758105,1.2173439311856156,0.1160423750860963
4384.052389332834,0.9396355094175536,0.9856931582539675,0.017546499944590694
4368.69957936574,0.6655999487589411,0.765684055550252,0.12394087808454957
4071.8609023311687,0.7793649884616135,0.8554182298091734,-0.15270598890107223
5289.170969196333,0.8208081081134275,0.8538625981386473,0.48319896383324934
5814.174075836401,1.019248582779775,1.168360016845791,-0.40265446322295884
4579.442650463754,1.3759317886743094,1.3841277610627685,0.29051768608219364
4630.998604692505,0.778279941302968,0.6741561531904818,0.047373634195879054
5826.747789829284,0.6934911881111899,0.8250864905542983,0.15427730784108734
5153.890497250505,0.9228533807930142,0.9841644539307889,0.1986365043959349
5105.3649933607385,1.2079347451285147,1.3053802712284992,0.13890715086581074
3966.3584458183914,0.5882792583098242,0.6405010990847269,-0.20275544013974278
5275.109648495593,1.313408537718737,1.4456263782696865,-0.07156742237219538
4149.604561643169,0.9069921594710826,0.9135155029783444,-0.3628974167647079
4006.1858698455294,0.7664199994216565,0.9253242744019038,-0.07462393150285565
4557.259896263302,0.5499526783094602,0.5632270544736235,0.08062974870211066
4389.945093585917,1.1266301933551568,1.0148798744035363,0.15178206883917586
4644.880213930473,0.9072072011896163,1.0364356982452674,0.0978585862485654
3791.312855832557,0.9926763706886267,0.9281711655487433,-0.43877243535753363
5471.171414527371,0.724797064747159,1.1139977080303256,-0.14054348310518205
5589.3804061615,0.870225991437244,0.9961243519445294,-0.1655623723418819
3436.86026810143,0.8283546884113155,0.8644353461853121,-0.32754198331083956
5484.920463966585,0.9248517236554481,1.0934609156257915,-0.20898335027594003
4232.629959124862,0.7826119184060474,0.7429168622829576,0.0003197950923773954
5399.88287588795,0.5664547598281946,0.7518046356581849,0.35344713019460694
4752.087455133509,1.6321249363241517,1.744752598065939,-0.23826608230224894
4820.142894856699,0.6091489381656214,0.8412678812250485,-0.2822161087514245
4670.431645405147,0.9953647517356347,0.9084552467581173,-0.1498681109111385
5648.490442963441,0.5069930428939894,0.43874204056515426,0.0843665967715277
3932.28839123248,0.45073814084550623,0.46410758335351615,0.30592697258963575
5225.488237114506,0.9744566229630668,0.9243404347557691,-0.021627226922492408
5570.931115422685,0.9935918969420757,1.326602059759711,-0.3614696864880028
5301.438056378287,1.2653747477005959,1.7371481198843393,-0.3082707070700126
6427.289240026392,1.0498867102539264,1.1113841951055432,0.04707034716498605
4429.73726609271,0.9125473203135522,0.9311490578157501,0.24881359866901406
5470.113375815472,0.712599938983749,0.7091991092496274,0.4539354812103206
4725.736555261005,1.324753017058387,1.4588504443740236,-0.29560020872568393
5663.384253446869,1.1822128115125559,1.6437271143156986,0.034943595321079775
4794.617702995041,0.6384176305628938,0.9478032765361577,-0.2574612593112998
4528.486952696271,0.9594909320526588,1.1876485003914339,-0.22465666889615665
5714.2505427101405,0.9860130578816242,1.2109378267912998,-0.2458279330687103
4455.906642686749,0.8635865858485827,1.037326080409622,-0.08356529119363355
3811.0919687696105,1.1429626214516986,1.1022965811459882,-0.22056977149311766
4438.20718177832,1.1579332845870443,0.9588224212908971,0.5
5233.323062611973,0.9023785755487235,0.9172745799781445,-0.11491894582141804
5774.427126110964,0.8797826885505854,0.9788520155329118,0.24694452771487319
4877.790562707559,1.324739615666883,0.8882147516890313,-0.16488191865869964
5722.737947063818,1.1832097230905592,1.1090645248199085,0.5
3849.2775549656844,0.9680900974770961,0.8134335874995747,0.08476624535470725
4489.7155746274675,0.5426977402299866,0.7376126554849661,0.20923293238200558
4597.997417992129,1.036000026576259,0.9156010398458699,-0.14776937740148455
4719.808400769236,1.124520866229417,1.170539802594571,0.244110151275594
4858.866071775137,0.26136959290040673,0.2939682661019558,0.08372225645447949
5283.637670174535,1.0129673620795063,1.3332109668691283,-0.09474438646880112
4488.635213280657,0.8458270033010661,0.5771245444680922,-0.26997285910740776
4897.320080867188,0.894786429967612,1.0019736180684737,-0.05938587774239375
4768.413976773164,0.7231547618091698,0.5744840475769666,-0.0807858696556169
4151.877067276195,0.9129526773990895,0.8350250313516695,0.2172570691466065
4720.4333176429955,1.2979978940453327,1.2828294591834066,-0.058062216399415625
4699.438329072017,0.8384003752961211,0.9128373315951306,-0.48038592582112133
4684.443604497867,1.191393389698296,1.2031366273623483,0.1615450121257953
4822.231619607015,0.7484171952800974,0.8171460932252893,0.3232916454845729
4852.97147842937,1.1396890481640096,0.9677470168817817,-0.4165168712571102
4497.393374624869,0.9504139639054877,0.9286279393181524,0.4511826533490136
5690.900313779885,1.0380062071973202,1.0368095781756614,0.3491629507883378
3981.3635595578885,0.9517883140243718,0.9987987031134292,-0.15772016628324276
4295.320924071073,1.1104063081103022,1.0731064399617243,-0.27928990170441154
6745.974536956489,0.30810372051656043,0.44679790431067196,0.2632443642313042
4073.406051507539,0.5950436716356076,0.6724743769854054,-0.3424122948845169
3852.371727703169,1.054270124502161,1.0851895110834886,-0.1670851445543516
5314.1337215008525,0.439115411525941,0.47806342031862104,-0.3287824353765715
3346.016102358288,0.8173549110881977,0.6718728077445899,0.0014769523702265253
4635.308263019293,0.9364147897408375,0.9780283845128197,0.366296285843032
6302.077447553542,0.7429649655967758,0.9788533175357172,0.0937292085878318
3718.5448544926194,0.7771096493265566,0.8898624541654361,0.25451862468070613
3412.6248599829005,1.0178955500383982,0.8484556518985946,-0.08795061888367102
3750.5731586296115,1.2023237389449521,1.3476509930791507,0.024325707340461383
5428.85169784289,0.710387654686298,0.7096873587507898,-0.30660944116238253
5587.343703990069,0.8062354509531574,0.9620318430703423,-0.02422148213457886
4441.187842115044,0.7671847566682387,0.7492795716056415,-0.18649252741413566
5278.248682800749,0.3446550620306803,0.45662515147746924,-0.04006757459406795
5773.178729258392,0.9854279475793771,0.885836466555977,-0.05725301815449236
6051.142490100878,1.183679436457123,1.031572550801687,-0.07860996950350377
4627.565303174107,1.2041608018289705,0.7967908040480745,0.5
3188.969797631009,0.7323084058898153,0.8592119626366462,0.4418861631779815
4225.38475431322,0.6370754878699643,0.7488084155453172,0.35403559538543566
4501.23706354532,0.9554013868979211,1.0463907993472028,0.44876474187431437
4618.742842395127,1.1573184216416168,1.1858833375223812,0.3548256623194668
4668.498419293896,0.988712612077596,0.8398880150648277,-0.005594333527543255
5583.226218551468,1.0223261589684403,1.2144439911807159,-0.031227401259797043
5692.0998986813065,1.2354577319340583,1.419451614039943,0.058850062630144945
4679.828442252651,0.7652158601923241,0.6800189933432184,-0.05267122967885332
5568.939413236273,0.8950074783317424,1.012472491298887,-0.26001134535811293
5050.362956641762,1.3586513779403004,1.5014941410082285,0.07415131388675358
4845.1541810038,0.9007972192255932,0.8333365023720006,-0.3915302708883327
5434.580909976975,0.6331657585083572,0.6526914895047597,0.034410410114089955
4850.576433766541,0.7826609759374262,0.9097812759772087,-0.24869322126903615
6240.467823968434,0.7154550371946894,0.5339250055475504,-0.02025971759267513
3793.1121832438084,1.0392906464253175,0.8067909780576853,0.04780086063478382
4439.3803706355875,0.7260132491028053,0.6208038075580818,-0.08821336785070473
4711.436772132235,1.017758563215311,0.649823526337079,-0.4101277157176637
5107.616883320594,0.7659836953648376,0.983245347557763,-0.29700470836237924
5687.572340972162,0.41915536540044296,0.3004456915440547,0.11456090542001254
4782.9210029346905,1.0266549467454804,1.0913492844815966,-0.13936054846172177
3804.439245345655,0.9871159203867221,1.1503406523997564,0.14021243819609913
5389.7597275185035,1.07943945392721,1.0006399422059644,0.002425322907892111
5328.471136299375,0.7817531952086858,0.7114384263571794,-0.049457972777619354
3440.698938434416,0.7551138811601559,0.8359448336958439,0.08691089703038193
4797.33710643044,1.0503667146203863,1.040475704876661,-0.16872426797370232
3686.9007185237915,1.3297548931327452,1.5081763979043492,0.1000987295182712
4334.744231748557,0.9527920023765819,0.45629712838684877,-0.10487677062008972
4168.03375112604,1.0561462740117862,0.8527210349251184,0.5
5366.4852887693905,0.8696030788935731,0.9946832300768886,-0.28348390428402104
4881.781121920529,0.5640923695315787,0.6389105091792026,-0.08931215751601079
3900.0862994707804,1.1918573547885145,1.3238259097639873,-0.07922674923813862
5416.046174070139,1.1771035597715405,1.1990415328177575,-0.33796639026521746
3796.3359232501098,1.1276935062937985,1.071245906681022,0.18145314727463152
5031.079653329661,0.9045136404143953,0.8670585784096441,-0.10718102027014573
4230.192531495911,1.099264024934635,1.5802379915361309,-0.5949445554187835
4544.0260422286365,1.1734404493469577,1.485391248280178,0.17378214288633337
5152.9895236268685,1.3550396712391768,1.401519739441442,-0.15904219533821398
5165.0145793416705,1.1971315261618605,1.1729401678255031,-0.02622535572994162
5735.878351489172,0.9659553062584096,1.0773553374790574,0.16920564496396462
4742.422410229983,0.6229366861439071,0.7980274339500776,-0.09117664625552861
5014.515604074339,0.9889145744179352,1.0741434351884016,-0.09322415985164673
4493.5838743169725,1.014144348962327,0.8593254857771827,0.5
4927.3929178359585,1.127257443829576,1.4933686196912535,-0.5384364370337308
5107.640233605958,1.2884729648308564,1.285096581331385,-0.32149137165736125
4731.183106781937,0.9262123719858051,1.3193495918783682,-0.27301523373136116
3537.3746611352526,1.475246797453278,1.4159578860780009,0.44725568522725245
5032.029627431627,0.5101782449898556,0.5550069068523987,-0.16115332651051223
5055.19303414882,1.0548354681154062,1.3325397890019137,0.060052218711417575
4323.878566556435,0.7503699019539929,0.8426038538056948,-0.11851955073058093
3900.92907474924,0.47319450007779923,0.564246361707859,0.1508000855827219
5833.115405352775,0.8995564059252104,0.6982238612882381,-0.0031783869278733915
5144.011857626081,0.5857068253947608,0.737916747115018,0.06327479904989296
4639.643278354803,0.9096430254917958,0.8355730794478989,0.32181159282579513
4004.076981796759,0.9586923120236142,0.8802287807374555,0.11006741171224127
4224.729620105058,1.2296353523339874,1.0640811636055305,-0.18376684436406548
5711.813277750362,0.5731037163090156,0.6968484459307405,0.07801676227214377
4896.363358607632,1.177111291411443,0.7894781075486366,0.5
4414.589053099506,0.9745201125699484,0.9382563299585832,0.14124261725093945
5156.7824618572595,1.2072122884023986,1.3905235829736566,0.037977413744750534
4229.921268787573,0.8420622062422181,0.6543918935381626,-0.3426382381901752
5850.590121196265,0.6169388533091387,0.7030011084063823,0.18110463266623866
5746.960374427707,0.6456251684460335,0.6156823397715624,0.2180567200454298
4473.3981501580565,0.627048136583221,0.6328193034310876,0.07818078669682507
4359.930827078398,1.0694535382301638,1.4044863701679353,0.028523529773449487
2967.306760915404,1.3192305055536748,0.8361186842431181,0.5
3762.893459914042,0.8087621183361948,0.9730461324896009,0.2138569372811016
3862.3711575295706,1.1072838245644459,0.9812385618280113,0.31000706546074086
4894.63323869117,0.5691394854660949,0.5698222387131758,0.016720538605455335
4571.636406891048,0.9950803122943247,0.7746252388909279,-0.03289860450951392
3858.265158809331,1.1171406540842816,1.2574147872177994,0.15802476942553528
4603.18517027481,0.5879688061807828,0.6288276931656178,-0.03313571555073275
5153.736003353144,0.8990291327550364,0.8600250094553727,-0.012608496169524473
5169.487544940911,1.1289792851213913,1.1261229648671125,0.1158014204685905
3470.230803398783,0.21655733819263068,0.28405970532061586,-0.12820246140433283
4710.215563661319,1.2838632654254356,0.732599598626844,0.0551023037649043
3831.6614561198726,1.038419843972762,0.9294489644825547,0.020021036631512737
5431.210087998192,1.1291819119293356,1.299443542304,0.24175640936350828
5348.9024914474485,0.8468201802013089,0.6116587937778634,-0.1528285845380184
4171.380941572879,0.519319379608661,0.4629789805697639,-0.49998297631936506
4263.76835831972,1.0835157390792378,0.9752572488656391,-0.07765873003566888
4477.113064651185,0.9293524186458719,0.8062080387928844,0.0993215056811868
3223.0446236880625,0.9580288638580801,0.9608907076234663,0.24102686429005918
5035.177721408404,1.2219017462997384,0.9172630592931452,-0.17321075069295383
4609.0088175619085,1.1405159684656494,1.0247409445181999,0.13552496491072244
5479.122557797501,1.4303093542724032,1.3187275959652802,0.2837885914045081
4031.1135474262132,0.9884635572183746,1.119349009880133,0.18781266577637248
4366.613936225048,0.7771968905522206,1.0208751560080218,-0.19765877586143707
3745.4323193726195,0.9028957882728184,0.8733265444536652,-0.17080659370934206
4096.996605554023,1.0539158431346516,1.436718482992108,0.1087508624186612
3972.612602752247,1.2039641297482442,1.1174186534089314,0.40633507803127494
5497.181575192512,0.5832415121403203,0.7573445256183565,0.0035412898456053973
4311.216705874025,0.9521344037947922,1.3329575356771524,-0.041331929832393484
4886.92297932123,1.3523854142595924,1.308624535388904,-0.34240436627822907
4533.465617296737,0.8899477822493699,0.660702742422747,-0.09107171995605011
3911.374313791031,1.182752963717276,1.1645017003578182,-0.17880953847944697
4682.18970377985,1.0732793818040012,0.928757185510857,0.0067998435457273035
5219.372332304516,1.188965151631245,1.0854737133379266,-0.378205998233792
3954.5684252196534,0.7475598646000169,1.106908570610612,-0.08214761359842736
5366.378953511965,0.7486495824836048,0.5992762294406022,-0.2522335864402966
4205.195354965613,0.955067973030572,1.021813277296338,0.23505732645971214
4461.911251749011,0.5669445531899221,0.5236002169894041,-0.21479308946912073
5171.478186107033,0.8825648483470855,0.849213637537776,-0.1430873094124357
4335.594689946359,1.0132191643789168,1.161103211546226,0.07053163148865209
4826.302401535106,1.3961589017374432,1.3891194641773283,-0.11342889437598115
4579.716419848335,1.0506795473174553,0.9935201034497064,0.5
4890.557604692673,1.1063071177182755,0.9432781019707153,0.23262878931985556
3133.482626133552,1.2411189617625014,1.263781764465498,0.004301644578554579
3519.222729354342,0.7088356027762358,1.0186832954040346,0.09202534636175126
5231.176904232787,0.9087293344072536,0.7593085001838206,-0.5888557969088966
5526.026983954335,1.5563531479509731,1.9692421578225812,0.307931293427624
4162.659307527935,0.9302194444038728,1.1701857686631807,0.12797416744179246
4629.180153480206,1.2291076871955517,1.5024405190869645,-0.018289455731855624
5006.303477031611,1.1909344692932768,1.2209744542139414,0.14146242068860523
5285.252321161093,0.5804715714030777,0.7987657583389783,0.1719623109607017
3380.6259098304063,1.0276198192514834,0.8158232161566034,-0.10409312933406226
4179.771827115136,0.9866868680513063,0.8571513633414374,0.09504051029043768
4567.194434105088,1.0324896969601087,1.1830393526595653,0.2621811353716751
5292.198138065234,0.761471880052235,0.8517033626557288,0.1137244358005538
6548.9013386050465,0.6707701220219602,0.7049783946867365,-0.06315149680933474
4640.3959912331975,0.8309974999947871,0.4307212819237487,0.07416269041446677
3815.115776527208,0.9255512507289493,0.8581161071665941,0.34555976590565857
5081.587654040909,1.246246111900079,0.912539998887483,0.19599398525386277
5724.697052678497,1.4043277049314016,1.4416392838269145,-0.2907667885680106
4875.60988468565,1.2991494615557944,1.1857601394688817,0.14667095355310536
4165.346018391995,1.165046302695461,0.9879952167367473,0.11353947629796401
5470.595759036013,0.6989149344251024,1.1476995862707555,0.29102838092789246
5264.481932948905,0.8477759562526261,1.0581823905125967,0.008204878232450225
4081.743409063063,1.0024815131032494,1.2135782683699305,-0.09233507284967135
5066.997932274039,0.7918902404809562,1.1951655838026045,-0.34204120361423557
5498.085897361211,1.0943014131319877,1.2471871952851639,-0.17364860174782187
5627.323029791225,1.1301215270635718,0.9327656016114243,0.30198639243807357
4753.485717283381,1.084072515641367,0.8772850239606336,0.04948912167479508
4549.344387674477,1.2062836511393953,1.386094745660077,-0.02494695335674411
5659.091675456884,0.7238521965717315,0.4541429933864763,0.3239059456481389
3952.8876479133805,1.1832071760230494,1.1262626576532047,0.2724006168364963
5107.005503644704,0.7760886374699509,0.46192653314788473,-0.18393638840700244
3840.9813608448994,0.7147660118392786,0.7795299272876869,0.3002490834065835
5545.763390581722,1.0830290335465953,1.2479581018036427,-0.41464525766978433
4619.368139072187,1.2539683905497452,1.2654503578713956,0.11488623547510576
5688.008264953229,1.0720033715940025,1.2555531679779603,0.0853270993484668
5143.988929448869,0.9552010059431361,1.3428148715036043,0.28744547815961385
3943.745838956649,1.0275384565253767,0.9926323372437696,0.09525291906137666
5797.239412454071,0.98410672951682,1.541644142454483,-0.06114004970075258
5885.87168649941,0.6685122759661515,0.7554013091366178,-0.04139068526252026
5417.600544819451,0.6393449637637711,0.8319059170517843,0.5
4266.888494474646,0.9302935301316363,0.8284863764102328,0.020660111995399185
4585.7902319498135,0.9699642089423259,1.2919554699196627,0.1492689229868884
4901.799052184032,0.9528330945919334,1.1625278124531053,-0.5052904399913802
4307.402720467997,1.1190254034124782,1.4161316842503038,-0.20683922453867032
5984.6426007242435,0.8961308209589149,0.9259887449350355,0.12969201115778117
4901.028530208226,1.090744795476214,0.802808405690342,-0.40363063088034773
2907.6563670248497,0.913853308168388,1.016144429436725,0.1373497084168128
5037.549068929355,1.4058397405091165,0.8675302294252032,-0.18128133860443388
4556.289822227881,0.9701784316816117,0.9104425114221455,-0.25846282748886895
4747.551410717087,1.5351806528814191,1.462902374758866,-0.1822090634070567
4541.96644395001,1.038002897772716,1.5201338716701422,0.3818847145360903
5364.9324916246815,0.896580707352946,0.974753134283468,0.08335448037256968
5583.781444987367,0.7251380059350814,0.7948598613015347,-0.2276090944377313
4998.137213581058,0.5892778564855765,0.6467647888410716,0.19383496307702688
4562.482169003289,0.7021394289009608,0.5513172654741713,0.20743458602296797
4771.063956633581,0.7300984227090025,0.7908545322916088,-0.09532702520066016
4813.719731604339,1.0487050051030442,1.0601522796416019,0.239793406273831
4238.298972094614,0.818458657234953,0.6868823696306869,0.25168740889955893
5205.250053999865,0.9967317631386243,0.7606562056010525,0.21283299183668308
5122.029626702326,1.2704945905941716,1.094449544392771,-0.1684380083097643
5878.308867843672,0.9280479120912866,0.9542452724413727,-0.29476297319395545
5678.744846201933,1.469789174616701,1.2362997658410984,-0.4232168310502406
4320.027557686909,0.6560472549152006,0.5637400956175105,-0.163878659786887
5374.208862156275,0.912354112906268,0.9830071230782249,-0.09195273959240872
4134.3326318338695,0.8151717690972553,0.9406980060736413,-0.07160902152941787
5287.152470658595,1.184126651514252,1.172542365460921,-0.011800880187884916
4438.370060867925,0.3900520924084697,0.41784884489416374,0.43324713730252445
4083.722743637091,0.5892211777055472,0.7328927480132235,-0.08489429330789344
4996.031739888183,0.9231632943872593,0.9022967231005381,-0.01219352914741851
2927.803010292101,1.3378444302523733,0.9620195485497945,-0.4543979597373936
3574.3170979163406,1.0064604585093269,1.2134843553671883,0.5
4675.755681358001,0.6121131364339415,0.7229925349710284,-0.3289768501737778
4857.709236644389,0.6507083518274424,0.6921848298156343,-0.1767136761223391
4541.476860889268,1.368247425711238,0.8812975861009114,0.17393051171754126
3694.394590897681,0.7947163003009398,0.7081308539034579,0.06154810955454367
4227.475710503046,0.7142591568875589,1.0724153448000595,0.41079656757476757
5073.846529066176,1.3193431401577151,0.8716615668670894,0.18000341393187694
5207.247239439854,1.2027742513967477,1.100899109417453,-0.020321012809465046
4788.6438176828415,1.2685149108166989,1.2056332920678297,0.2610209672110896
5609.783646725892,0.7124895299335459,0.8113408411662758,0.29032698646709315
5078.177916421464,0.5687235897464098,0.4460360223085621,-0.16503969034553442
4276.781042229251,0.9832916223406764,1.0209796492414278,0.24075734654105987
4603.648562611867,1.033781533268416,0.680630951797304,-0.05556529067460252
3817.993689954502,1.041150450926208,1.0529117128796417,-0.025869476896375712
4724.302706726008,1.3195459839097503,1.0854739540320182,0.0357333207572264
5578.470433454937,0.5165582274979379,0.4874270516288044,-0.09519521808518824
5279.703059297677,1.1649237628244413,1.3185458937218766,-0.1086477869565031
5781.406528143385,0.6758437389631705,0.6964896681263126,0.24618021206217297
4587.980329340705,1.1639338302152102,1.2361024781922199,-0.38223472633752076
5742.26985615998,0.8312608238696556,0.9499948969592205,-0.2654067363647969
4664.687041486421,0.746507051027372,0.9924792741320806,0.16868349577762295
5830.109557798925,0.7975243232626994,0.6327963335807927,-0.018224864789788898
4784.700276790513,0.5885974498058593,0.7747011233850686,0.2478781630056958
5295.061961662994,0.9601072349583668,0.9711432225776573,0.08948306953086431
5832.578655016899,0.7568316523348857,0.7396864451927202,-0.3334261647609131
4664.600659993156,1.1465745577250694,0.8592056054630045,0.01570860481939652
4952.872291280922,1.1100140202582294,1.2189661113018069,0.13363695027230413
5702.204397644411,1.3720392632256977,1.0503802259789055,0.05850991463333009
4706.897785248955,1.0415818708852693,1.1401216659863205,-0.11706854340686237
3875.3754022456874,1.0801694417700185,1.47373967584236,-0.06848508003005041
6300.104938209437,1.3000249529569534,1.4753357384944596,-0.14002128894018886
4471.164874964004,0.7930843259933259,1.0619004866981763,-0.3312992704002951
4911.12923565628,0.5779354467942418,0.5521768622366698,-0.3656848912119339
5609.204668615789,1.0000235147820984,1.152568290681315,0.09750523902359212
4374.054267388159,0.594341632696399,0.5085945857501534,-0.2178645913822258
4094.492460744509,1.5634846682313475,1.3630320012218808,0.14389960686301476
4977.616107742383,1.3138745730197359,1.6773163341088895,-0.14876687186288257
3544.846521461327,1.4909940833253952,1.2091736260823576,-0.32828714667873715
4598.465746192456,0.9656117441657823,1.1885285627705349,-0.10198590880613699
4971.527065020784,1.0876433984253995,1.2867718240084438,0.5
4611.033672222386,0.8351311420118389,1.051868677447531,-0.023902694795757684
3719.5843397699773,1.170731201396688,0.8469416878473688,0.16146666708305785
5915.924569342808,0.6461141969872357,0.7791579419926615,0.042200952481019266
4872.476707764423,0.31422670263130525,0.3836850982595855,-0.3512995090416154
5801.806482433219,0.7523223451278582,0.9697577317583738,0.36224081150579246
4617.974624873688,0.586131631095671,0.4363371525046937,-0.061955452455983696
4183.991612816465,1.319481684039884,1.3401334106569578,-0.32762814117967365
4988.426644178612,1.403919363770079,1.3712110728064992,-0.12805837711083362
4648.9490115702465,0.5992677318967222,0.39964682062916346,-0.05156102374354961
3975.5669794060495,1.2729289018803098,0.9981568387795631,0.18736988087530637
5828.848981151247,1.1878462458751926,0.7275730224053328,-0.17019079515257005
4364.410843974203,0.5575558288202809,0.5356228511874734,0.5
3511.8135306431022,0.8524331172670954,0.9767647123272813,-0.23429224562715179
5729.716237770133,0.80495906946887,0.8735044995266569,0.15299874055775717
4446.991388931164,1.1369988496568,1.145719121081219,-0.493493185352903
4374.523275169063,0.6428051622737465,0.5561811815474696,-0.030924666564824878
3564.2286890790183,0.9252818435851293,1.1503569406787233,0.09180856983052872
6018.659040617894,0.7785163740125954,0.8154108019749727,-0.2798958134556549
3897.363588953219,1.0683352958462857,1.0614113195021588,0.37476137026041745
4840.914636493955,0.8958019920780176,1.087965872817926,0.10861916279604278
5438.834225778308,0.8161885740149012,0.6814923797740379,-0.07941011621160683
5095.201853102168,0.8966758560919804,0.9583396498219687,0.10591937540699387
4758.241981605466,1.459010708210028,1.4674165743538954,-0.14832854048419572
3608.8338991988085,0.8457750909701527,0.7791592429604247,0.312844975601894
4233.192614962902,0.6897486954290533,0.839872861555079,0.253824650455544
4931.460236629766,1.0958583922889913,1.178653237676183,0.09334751677687185
4248.9781510091025,0.9141188326442609,0.9118510330203737,0.15292301187448082
4942.351621999137,0.5961915172833818,0.6436884811916874,-0.3692990525253046
5277.220386170599,1.5078740838006164,1.534405557220595,0.36673627668611625
5473.752020060071,0.861880263603338,1.0279012854102543,-0.024839455316325254
3941.6744495311214,0.8555326365096622,0.8937552445572942,0.25626141235652533
6337.652238485268,0.9899588379770243,1.21419536888549,0.18746055588117425
5337.235541187892,1.3825291923022098,1.466468560903271,0.25242869188596795
4798.800092431655,0.5300636683702511,0.38654959925730303,-0.26194073756473857
5562.675608153649,1.0189964623551349,0.7299271381346051,-0.23012483557897778
6455.785440399982,1.4718180404484067,1.6844526911050557,0.5
3792.895929260191,0.982182170184912,0.9370703054367149,-0.3798355183730892
4642.316150256052,0.64116650517413,0.723781831219778,-0.27440258837717707
3135.09783808867,0.7954007867598368,1.022390943498321,0.010810999149539863
4934.856072853618,1.0017206324391976,1.0000922610814784,0.011244931832152468
5055.775969347598,1.2827009789099655,1.2294910180418117,-0.1350045192831187
4772.586519190068,0.8651660388959848,0.7358566624230686,0.15401971797981803
4341.826500301183,1.156662949358108,1.2066166021799707,0.2255208594001251
3365.3398386681724,0.5911577932382777,0.7337252824170007,-0.004541908227199796
5061.473578388238,0.5890704076012363,0.5791540580635003,-0.06712246492209918
5818.8041387407275,0.8292998278287625,0.7021731206448923,-0.0055655474037866
4386.287080986597,1.3095071804683154,1.8924724960038137,-0.1243401979936046
5108.041950316201,0.9672186598784422,0.9555950416475522,-0.4245592355472124
3702.2989806059645,1.0224527988916547,0.8787331354535728,0.07523110925188643
5120.04914458476,1.0195198988933818,1.1591054865190986,0.19145892843701023
4524.63239157874,1.2273019956466826,1.1660755134526728,-0.03848181958097663
4266.30743457796,0.7974448268655365,0.6531865912310043,-0.5662695454763922
4267.7454511487085,1.122071277122058,1.2024550237166767,-0.14292876133043808
4524.471892576893,0.7422793340362175,0.6534393106435238,0.22643051796698246
5067.703320984775,1.44581816398019,1.7664973404121564,-0.3595621281342023
3881.4857591631376,0.7499022239258275,0.8728954959240249,0.17397100552593
4522.019267902503,0.7294026742303448,0.7338931218247905,-0.11135403209244316
4770.969755400597,1.0874174533720122,1.0927289152159767,-0.004693787668735223
4030.6725428276986,0.9699471078580809,1.1521855330919615,-0.17147487769596786
6057.665641172512,1.0317131015652334,1.0634239076840077,-0.28389562740448676
4202.553163957061,1.0068284488730794,1.4321978661499855,0.35856161706759293
4331.394160456557,0.6774019502981403,0.8986345742431301,0.20395975814287262
4115.184435124252,1.353339732269871,1.398100825126398,0.16118025737550998
6058.9360609966825,1.1733855514722773,0.923487277959417,0.22713887055047816
5187.033660019637,1.2897374878167789,1.1897380712471144,0.12567871807562422
4144.38559562945,0.8179172777223939,0.9330155701935051,0.23603281394505854
5574.362091201978,1.0541308861787928,0.8714139547478351,-0.16597518649510373
4940.489086002215,0.9993421155586727,1.2580228757794054,0.3444217218197614
4980.077394778051,1.232000656550377,0.9514271590604202,0.3221077648843324
4558.865953873283,1.2400620329574048,1.0364478875600316,0.09512049187948482
4275.408809130118,0.9982627007395286,0.8863064102743573,-0.07199863697126217
5036.436269338221,0.570512217039187,0.7332348755996948,-0.30588230466243505
4418.4389390030865,1.394915471771922,1.094981701184855,0.05716444355104857
6071.728940702573,1.0889968584225347,0.6851796491195283,0.42122879491701615
3911.496226329827,0.7978907396522145,1.0163941331528403,-0.29020929333774953
5875.309740998462,1.0516355345666737,0.9485693535817991,0.2545187871314015
4722.07680584154,0.5722266128868692,0.5030855856211517,-0.11785971847663916
5009.360013814774,1.213838266867761,0.9914043515710728,-0.09652444620381963
5383.210436640604,0.5821970639302116,0.8714571003395429,-0.29386474781571714
4358.8254934968945,0.8947913769907293,0.7946811059080683,-0.18812323164174286
5404.973869289046,1.0111136124013873,0.9839883037877388,0.16169552139028667
2904.719301233176,1.2097099279955232,1.060426150220415,0.19278189218919228
4296.007326744642,0.9766361691085934,0.739351166622092,0.05896452026915129
4153.156034861255,1.1087407184031375,0.9247542898868114,-0.12520321618996308
3922.5457913397668,0.9429582728876117,0.7058226306361971,-0.2758893005580597
4649.531613344734,0.9419535122639293,1.1355325910550453,0.015439616702556492
5070.0249777271865,0.9713693125870743,0.9967414662498586,-0.09123857605415447
5291.861998949514,0.9027355197869062,1.3789085464008473,0.052795355609357573
4968.613730040285,0.5283574392296411,0.5151572390745033,-0.08030942495508285
4334.014574574518,0.7579191265758429,0.6635110751180648,-0.07391619667136573
5058.311506477617,1.0111937102779245,1.318440835389092,0.039740171528115764
4886.999986395595,0.8877197491278203,1.1014843308995328,0.0880481161609306
5455.2393175552115,0.9110477294545233,0.999607845862711,0.3059803225244338
5343.855692052061,0.8691615826403211,0.6947806011525756,-0.08424708351867316
4821.33348974444,0.7341004018170455,1.0534552183733876,0.13637362926306903
4171.92289568712,0.8267251347559265,0.8464094757458097,0.4509055147580187
4342.934890917543,0.8732920639028513,0.8199920526729353,0.14301908105689062
4415.147448253377,0.9512857851354624,1.180474119852695,0.2910627483912448
4579.313566258621,1.048344586117428,1.0338615534474773,-0.15515683481718096
4987.635299312828,0.9048624272785651,0.7079221771741182,-0.1800889100870858
5300.622073089641,0.6925861860768951,0.7513904418646307,-0.039843532096234355
4764.216914889235,0.6004794900203041,0.5610507629522261,-0.013234971303434737
4811.287351530331,1.5993593018438061,0.5796737960554714,0.2677061292789862
4900.314413500003,0.6675462424338592,0.5961176561971065,-0.18242098729533868
4438.866280807362,0.8203437496839042,0.7634035380486383,-0.02215697754939664
4152.225419649931,1.0792500756284837,0.817242866662762,0.2687063117533025
3571.193471882503,1.0402151523914203,1.1507808134370034,0.05388589584966877
4313.39544934619,1.080216423140393,0.8982839660917931,-0.002704242576145569
5131.2018172874505,0.8393207326169561,0.9524192665597817,0.059624405366732705
4307.9619933723025,1.0096395176598867,0.7591399111354087,-0.2818881253777157
4633.535073801842,0.9653359160602158,1.1489545443823752,-0.2859382785604901
5126.501901188622,0.8719671581146782,0.6673958383133599,-0.39705343790840203
5164.482647495868,1.011352435442835,0.5365172776822362,0.0516704468424008
4044.327003483773,1.2138413866876765,1.4566445101866774,0.22971368746075413
5497.941549517549,0.9444499441411688,0.7917790892329913,0.19139662115096762
5589.14506254884,0.9461132115891063,1.2928074333660615,0.2859069981412038
4009.105099947008,1.217040258718996,1.302288695432899,0.3635555547634687
4223.314191251192,1.1903400899547032,1.3312669744902894,0.03616184612204078
5633.763478202334,1.3459841102408707,1.533529702098256,-0.01615192944338723
4697.20253512129,0.5109424413801058,0.59755259187829,0.36899117371061496
3246.1554367837043,1.1762797957923472,1.1669502026055025,-0.17525379916927172
3820.2229466871195,1.1003950113505447,1.3561920349543564,-0.294633155095812
4625.441262379263,0.7285869005616836,0.7935082104718905,-0.08471986314227545
3985.8701448007787,1.0128969794997111,0.8631682987182342,-0.11393582733355391
4510.603360554491,1.2127804369394997,1.3035806391915572,0.012081686455255236
4822.6773495785055,0.7427102693786499,0.45502527663649717,-0.21250492278577987
5823.57822282431,1.0606406072557018,1.324864170093532,0.09243328619083312
4596.682258640548,1.1678384189327544,1.43567302448089,-0.1422780100976208
5550.779259700931,0.682245109367128,0.9129470524114291,0.3070509565889682
5800.13211342574,0.9144285768887129,1.1468707119929715,-0.2986413758599267
5804.016768546453,1.0252420941606029,1.0029690325805296,-0.03486820401302558
4999.328215369897,0.7509671236142612,0.7782697332918342,-0.08372857289437788
3425.697596512718,0.7302117002266134,0.5863701239896157,0.057722480667616975
5122.577405782706,0.9162388495343065,1.258388342512997,0.2316761207066767
5533.879921469479,1.150409929225923,1.0101086715275984,0.06655272659723574
4743.253026195208,1.1109335002980274,1.1617491824405992,-0.03214779958780343
6021.208709052674,0.7346468177034144,0.8210822968704886,0.17281375944132354
5401.8834930272205,1.1130419712789215,0.7973896077633041,0.2107561923540378
5197.791364006949,0.7410150559583728,0.5122547233340262,0.0672999491760857
5560.466497844087,0.5474575505016414,0.6182517249878235,0.0968979568266239
5033.358895882615,0.8582141072381921,0.8045614959839378,0.16165888657390343
3055.0326504232526,1.230742342896434,1.1595647624518601,-0.4109816814623126
4450.602733970744,1.1139901380353434,1.3224998718963823,-0.08770130286411415
5638.017619073497,0.9496070481567014,1.0026440751028833,0.09405848280216592
4234.686061931193,0.8458236291022356,1.0073141105448495,-0.07290187094359372
4643.569246334143,0.8525594659708922,0.9585919947309796,-0.0720367224095474
4068.61458026785,0.977196226465199,0.9196049916670705,0.09372538569998345
6048.745816641238,0.6828906285385428,0.589352443829418,0.09941124350385763
5977.044720192611,0.8629731636996757,0.9358428587851436,0.11676483864272158
4181.29177340149,0.8961076346600577,0.9313534047215315,-0.19805586543007642
4903.108600272359,0.6122313853871255,0.7989667293477272,-0.3544508401385455
4323.654166565167,0.7403879372756063,0.7625329193126664,0.20109669558812746
5230.461247321965,1.0526266978715952,0.9799252271616873,-0.18560387687212485
5156.778154069631,0.9523779599852485,0.9175746802449202,-0.20288133906806904
5368.193900129286,0.8728095522016542,0.7320846031608933,-0.22543788135300608
5032.3429133955215,0.722143140615509,0.9937570705948644,0.28775753533388476
6854.784344471927,1.3442124563973041,1.555773750011546,0.0530067030216158
4080.4533644924827,0.7405051963301703,0.5955858460775273,0.08563084959613364
3602.5776518944404,1.0128982018154342,1.1727519376012852,0.17238779580686717
4524.836859508977,0.8280327279815511,0.5425836018996564,-0.010592632603886652
3702.4082141078125,0.9590698231595838,1.1576980952997837,0.25317211566642706
3755.2764109958052,1.064402435485093,0.9047978966819726,-0.2992007889948895
4099.0797420614235,0.6074358526980285,0.7194275508409486,-0.2714017514385016
4154.46776619786,0.948345938961628,0.5885876670885586,-0.28519236641650964
4131.767328634958,1.2476821622449612,0.9074962325570088,0.1054171243925833
5162.753265311788,1.3903754733730007,1.4237049972757216,0.12660442404967243
4445.667657240265,0.9174965066862172,0.8025835456488553,-0.11814550917837584
4674.339797589264,0.9604203018042271,0.805556985335199,-0.058109587197193766
5425.962942150654,1.502833257150383,1.7719754376112558,0.317017650198808
4263.574232653002,1.2337310703997995,1.7060801749467376,-0.17360904898827323
4614.817870906694,0.7956788576861953,0.9889818440388012,0.07385819781332142
5056.031990265041,0.7952541372784692,0.6507326119509287,-0.17142896775496744
3440.902539565845,1.1891373654468171,1.5537757966362125,0.27399358123504236
3130.5661437345925,0.6972407174885673,0.5153636377462865,0.15710654606816693
5042.282130158406,1.2219316878347133,1.102427841876907,-0.3497303565011468
5144.409996396829,1.033574990937752,1.0380198441155157,-0.06520025741198647
6244.954094396688,1.079430191006768,1.4721263191390794,-0.5197516977657302
4910.666413106767,0.8858165491299866,1.073217807664533,0.22511389525270747
5373.817802080666,0.7925437989383974,0.7532599169205728,0.5
4663.169149489819,1.31549820771708,1.0099450529463694,-0.5451102800001375
5008.05905510956,0.8883156798616312,1.0919274629841094,-0.3567746727342619
5967.079789224674,0.8472662308565345,0.7823966201560263,0.04183002089246322
3313.205027312055,0.9299657330300477,0.984470602544956,-0.004614702572363356
5089.531380300176,0.9982555331794857,0.7250312765523567,-0.10271129295128019
6294.910711054156,0.6922937183201379,0.8299647250861358,-0.43440500431278345
4997.42395344654,0.8087821264482721,0.9263270399173771,0.08086170749378219
5955.4010742629935,0.7954919815234855,0.6259495362289125,0.22187846298674468
4359.5514953293905,1.161320076151712,1.3596456561489023,0.5
4777.5667540854,0.7285093580000277,0.8622680482872386,0.32682198053420525
4823.467291672011,0.5110580355604866,0.6709959518426436,-0.32467899798530925
3247.6862444488606,0.45822635927346145,0.49506271019173087,-0.002972852790442076
3982.2755205048597,0.5824049663310706,0.6721284940943765,0.14801943036217885
4032.1874444312098,1.2903845507120277,1.2417830978894098,-0.17206536188082408
5375.44625462277,0.9540516498710129,0.9345295630579351,0.19500300038572244
5410.507173978838,1.0753122717018007,1.0959493796217148,0.17584444748423364
5026.825509894574,1.0841219317803323,1.3348116557194778,0.30933992893395823
5376.872027798994,0.96404597959808,1.1799156116611853,0.20056068831687987
4685.095411094759,0.9313046758371729,0.7213652111259,0.07128591252693973
5641.35216867768,1.211131607454535,1.3953282188431577,-0.1594829367522214
4806.151909842451,0.9864989785781599,1.224836638714641,-0.32326964862328933
4840.504833198729,1.2997743698158535,1.1960811375175031,0.05475403453848798
4614.085156716312,1.1052074863224666,1.1934774932926653,-0.10095852292758775
5279.1153343455,0.795550931629743,0.9150675894839804,-0.07679930941828575
4505.160828370961,0.8257164940325159,0.7121088018898744,0.2804476226798421
5483.501964038647,0.76813379838643,0.7478896703921684,0.3422310034514651
4007.495601498795,1.254387005487679,1.378809509649381,-0.308841654063326
4030.758621690264,0.8487372617636117,0.7900673837327439,-0.052607651478796986
5281.1987285885525,0.7503818008000919,0.9497953703069958,-0.10830129257414173
4738.019049791891,1.0299445102817049,1.2911129880114969,0.07872716050066793
4482.27600869281,0.9257082234068742,1.1551471296596623,-0.5665694222440404
5423.040412732822,1.0236421281437909,1.4223018711480317,-0.3652094962606951
4374.917010139741,1.4224534759734608,1.3015988869541797,-0.02937373325960142
4659.859121989741,1.178267701482215,1.1806473772080242,0.1965288010763289
5779.459565049811,0.9567526385754765,1.0271538230317705,0.018822684363393512
5877.399642067456,0.5978941539484979,0.6546684408238275,0.1678767682644255
5900.678747189229,0.825009375697841,0.9503370242213087,0.04932709442174662
4602.5119561462625,1.1277615256363258,0.7241703624117113,0.3190723934360287
5661.492033489129,0.6572397400845459,0.7440838653719443,0.371471887208045
4135.7330205619255,1.4852425740825885,0.9942232075577491,-0.19011572179137337
4165.167987694557,0.9536041406588871,0.7773628338777612,0.22091133494688792
3154.6809031629473,0.9622120983023712,1.111783541787032,0.1270298871167637
5971.007741328971,0.7833387017605055,0.7897885873715789,0.5
4195.214105646745,1.0741844391939295,1.2066634018853724,-0.19945875475352925
4711.427194177058,0.660499548369442,0.6859387646936611,-0.029183882757954603
4162.772960650202,1.4912231472753643,1.6813177709012674,-0.2580684083289669
5286.615673831098,1.2793378261630028,1.1596021392074722,-0.24323405802550027
4537.056437497862,1.1960741112992614,0.7028058861977113,0.09639100541127522
3886.6281766969355,0.6023927485525475,0.6967110655803356,0.05138585513477771
5109.163794930242,1.0013533176144376,0.5668409770364193,0.13536277347704456
3796.38898263284,1.252271599503501,0.8493450899288009,0.1299384318622664
4213.8159922791565,1.0982763498394348,0.8875356539712578,-0.05890968820610277
3325.1776197617437,0.6994727238415562,0.5998860466416401,-0.06063476717454071
3803.229321461675,0.7874765611728362,0.7359746576859367,-0.2426996831179787
4924.970418804334,0.8370159654985023,0.6865708129421788,-0.17528857607114867
3424.8247733279527,0.7991405413778481,0.6007756462579373,-0.014200444139485253
3763.197992764799,1.3321947089275767,1.6458255295758988,0.04925741046052014
4798.341758707034,0.46974671529418593,0.47227095269924857,0.17769697289714723
4419.475172734863,1.113979784914709,0.6037974012032555,0.15221516494804338
6194.425645171516,0.6269241562678871,0.6386074977530387,0.3892691913914332
6083.727582217063,0.709687128137233,0.5890950670543078,-0.24317202312439226
4192.454276074192,0.4475666582828206,0.43260290616671815,-0.05814635266101737
5189.996332882437,0.8127363922102835,0.967502101863169,-0.22132613904944287
5324.497789815616,1.3276829128848033,1.1420699473425964,0.3193217673405176
4381.764799382918,1.0162060606161945,0.7794408165767882,-0.12561847204910584
3753.1209244512575,0.6504096132502257,0.772106857733615,0.28875686311115906
4791.39108548436,1.204286918594828,1.4272002338284246,0.3631965334315148
4679.008027630122,1.2578260658921714,1.3304267379231096,0.10335924086519549
4494.964852120566,0.9760116202597714,0.4994916002279255,0.07326470693125756
5109.62180771514,1.4586872895381475,1.0509739493822503,0.009661286371144912
4274.489275096081,1.1553910311561535,1.1331439603119586,-0.07927650904160566
3993.6017166946,1.120663126823147,1.041896469949355,-0.10934619095701636
4876.358079244882,0.7491553232084274,0.7417502473225489,-0.03685418092857693
5070.179064798213,1.1068496214053352,0.8714230198096634,0.4560945976197749
3976.348539269963,1.0041978194011232,0.7212963650669648,-0.2604638037415451
5449.663427693757,1.0799572506677566,1.490513153894483,0.05115230594399762
3560.6632035567454,0.7788535952146673,0.8232147237264766,0.17782649104685003
4395.32057889905,0.9820247210897466,1.112167983428849,-0.07109396033558903
4619.394024661674,0.7457846249462604,0.7918325884343917,0.10402059281039468
4354.6434011436495,0.41321697500849197,0.49767952697337503,-0.37615045317086
4404.457668514166,1.1995761421445958,1.1423369979990743,0.33126078657879493
6109.75213761568,0.5744027545776207,0.497949182626434,0.2827871778602726
4204.381137672771,0.976796616195604,0.6841316984731922,-0.024606474843412315
6508.85520573034,1.0332505323622598,1.1058062170844702,-0.21995896632626713
5105.988745811736,1.0316407539657637,1.0637499746050985,0.19822453689672687
4864.438596118394,0.8792302316004375,1.0714522541465963,-0.2870298665755157
5133.368247371366,1.0178028688199934,1.1633802262265835,-0.2511560164774003
6570.949424476366,1.0677417674462906,0.8834280572043082,-0.013402372767170812
4104.484897247987,1.1337412039379962,1.3560795394147176,0.3795103917470039
4015.7074567445275,1.3833603348460657,1.4947880290506494,0.1601454639838297
4271.593662399655,1.0085485378745513,1.1459454226098242,-0.16174879249732133
4822.500202875192,0.9660122112544254,1.4103073407529059,-0.42052448537887566
3591.9602126311984,0.7233177586624764,1.0872016498658283,0.01038010340795352
4815.637467523025,1.0589865809748342,1.1913738016591315,0.06285544647539937
5985.482993389571,1.116845775785142,1.2159203270745775,-0.01819502039720084
4905.985173437344,0.9019242039295932,1.1199221181043724,0.451597920057919
4595.120178717306,1.086153126046009,0.9435750572551921,-0.032981722402111426
4367.287685921461,0.8768709516126645,0.7976254578379584,-0.5705300935439424
5428.958193186095,1.117748163022231,1.2403670206569992,-0.10178488954409712
4221.9170587333665,1.1781505785074358,0.9448448183543318,0.11366114463685725
6092.477144419474,1.1746569666826212,1.2722889704159868,0.09672432718799316
6153.35182340005,0.9794610815353251,1.0143848168944822,-0.04416957155875767
4979.725559063251,0.6900079620957371,0.6159041076658125,-0.0855545465182055
4791.939438346349,0.7970217368395448,0.8383339954729216,-0.4999057211995586
5521.461865769092,1.098789330971182,1.3597286668137285,0.02144268905538347
5566.3589515591275,1.5622030764350567,1.4524002130648321,-0.08465569401974063
4235.805788258409,0.8648198071169795,0.9057192847892662,0.062312470510864845
4431.411406804309,1.063959419597035,1.119991088970904,0.12282231850507265
3874.3567957216933,0.8109868606301491,0.9233559288809774,0.3102670930111602
5086.34545683384,0.7065082389377247,0.7072329613404946,-0.23889127532846702
5266.639518419824,0.7809210341056594,0.877992214176293,-0.32349553862892877
3855.052053497109,0.42938200582433206,0.4017948479706089,-0.14349168278110017
4481.360766628689,1.2883587657269375,1.0289749086178155,-0.1838983112640768
3856.9222576930556,0.39246743677134655,0.4096807194755192,-0.2063523936790694
4170.840132829314,0.8840429423998417,0.9912362346003453,0.3612266102170631
5185.711942158409,0.6554680261624863,0.7361062449344173,0.0371039678845736
4286.562553325204,0.7289049461594488,0.7556257065757017,0.4930983656570204
4589.421830777391,1.2941306649346669,1.3988898876197418,-0.0007676057561906731
3660.881790436879,1.000266747507848,1.0760019781143604,-0.2929691122664903
4930.893146807265,0.7086509602045749,0.7151529719470716,-0.2020436460494424
4769.008676108746,0.8026207168758722,0.6650529040055326,0.2561138367609895
4289.7285249767865,0.7586296948894785,0.6702863911328448,-0.2834629342401309
4667.689991622268,0.9391135819802798,0.6720035251286203,0.13946916106596965
4926.206416352411,0.9932229211969231,1.0225360349591188,-0.08918813228816516
4229.592295763459,1.42389369330714,1.0979636677885685,-0.2324563931661902
3766.616219198754,0.4709248085005732,0.4932361615987759,0.346629933037056
6063.902102880771,0.9412969213105118,0.9284426264085741,-0.147141509080005
4356.70910670281,0.8711080768663694,1.082459704185121,-0.20689275615009184
4732.267927769178,1.1866371319291955,1.359723033411276,-0.019723269888205792
5507.58781451422,1.0387045295445982,1.0195663998889979,-0.12705942321046623
7270.338631299339,1.0975905520287363,1.3500139614306506,0.5
3928.859485077794,1.0362715465037706,0.6148069811222173,0.2650893233438949
5114.879049608557,0.7170022186791151,1.0540454733976652,-0.14767310561379074
4304.713400294126,1.2528163741232532,1.363461721614735,-0.11883427781460788
4422.846786796303,1.1496262261539172,1.1409960797393817,-0.5048620687669346
4295.851585295247,1.1788824479311857,0.9373559072590812,0.03435091277286119
4012.0415225395905,1.2660125426267912,1.1018672374505796,-0.18676483573470182
4771.096046750737,1.0544187751629899,1.170450653283798,0.02200284553998339
3767.848119066235,1.3202481010293732,1.406770343845411,-0.4915685237260576
5462.765296558309,1.0444098929466603,1.1737801441562286,-0.006689083997235403
4838.502055223362,0.8952353529938478,0.7819167521631077,0.42466782655837354
5095.704481031008,0.9483490223791587,0.7802166521779864,0.013535290308081713
4473.667971637644,0.9440390579659709,0.9922581520906393,-0.19367054676263526
4542.957246051777,0.8201521694773642,0.9847145767764942,-0.005116681227456339
5001.29473361713,1.3579722120925553,1.2781718570660001,-0.016062184046521554
3985.164557315922,1.024073841375917,1.321202794871662,0.5
4549.406695910665,0.9736846189582266,0.9853793008535324,-0.08321048230517164
4198.2705402850825,1.0470685637316084,1.0373338271580397,-0.30082332580571425
4176.60183258629,1.6949636291842867,1.729753634599095,0.005364543556859527
3323.1132315620507,0.667068952850085,0.8997113637017756,0.04888330945982474
5737.528612636,0.738740372070931,0.5730663804874375,0.14057399158853903
4319.422872792362,0.6048572456382508,0.5192858956538429,0.18894046255784652
5614.363238614485,0.8918501903911285,0.855331076360576,0.48888152137744895
5548.154624976005,1.01137961083184,1.6466268218111983,-0.14891592541813464
3899.800205438454,0.8336693704147307,0.819348830849642,-0.17163743604454618
4038.1121350290077,0.8150683004620575,0.8284118801318012,-0.463534119288662
6592.3520715489785,0.985601216657033,1.110708051419756,0.16541344167893082
6025.648159349001,0.8244730437925756,1.0243520813760805,-0.221828591359786
4777.937040670327,1.0275439567957094,1.056678363926475,0.22294106997865498
4980.161174492145,1.228558586685651,1.4535628194542247,-0.12290872839646136
4358.407517936968,1.1192576174502016,0.8330021356983321,0.43148949294009187
5102.646899940238,1.1702533367913006,0.9602751487059191,-0.3583767222450171
4297.97266949427,1.22147960287668,1.4464218831077136,0.2557313758381736
3377.352364991131,1.0207070400296756,1.0187564148499066,0.22596064070319666
3874.910949442264,0.9103397434892246,0.6933934572853812,0.1316441096160548
4814.7649234954115,0.7569367322792011,0.5886075958844748,-0.27931592474688494
4008.2529351481885,0.8522054590910697,0.7371942557211439,0.13278770507713847
4752.905774560526,0.8190786168307763,0.8527958015714667,0.031718685199176304
4047.7372723969956,1.1329180816552278,1.2082812268974594,-0.45756405260316635
4252.352254248604,1.036695638648549,0.9615133123086949,0.3895682474336656
5397.215714489234,1.1241894656785754,1.1827344503884125,-0.08640285397924782
4973.236383348073,0.659915785974962,0.654432637692644,0.37030442400609637
4793.234905080657,1.3079373710602697,1.5429916311776957,-0.016915362525495903
5415.2747811494555,0.8432549071233093,1.3178011519715824,0.2455815158246846
5136.426015343143,0.6749958394813342,0.6728613618761135,-0.21488127793507045
5812.594303875957,0.8401955587945468,0.953475492187817,0.053608738582120945
4478.098516379402,1.570941498146877,1.5496154478329922,0.035985498281919305
4499.2555150307435,0.8530707833771081,0.9050465719381056,-0.08090025684815824
3889.2235135260585,0.8687258821322685,1.0102630480499366,-0.2173057034786667
4499.713497839306,0.9019738298425809,1.008956103662774,-0.7667001827098582
5475.338926011712,0.9128449041421361,0.842063369845898,-0.21143985212339633
5709.991160583494,0.7546309835496864,1.008549803733428,0.17512727839393333
5472.213617660667,0.9858032708015325,1.028500915862817,-0.34880738722254084
3544.065693415395,1.2188987270495826,1.0814204573208313,-0.2970334099571547
5558.201648862514,1.0285723288696766,1.5225715161721212,-0.35871570209117665
3513.0369637095505,0.6722086752750036,0.7108696406019528,0.052222029077639065
5428.682126885643,0.8639135237665728,0.9349196608661681,-0.2233516462733145
4542.550831400262,0.8121181499745925,0.8763400821333205,0.30508574430003416
5291.773319753699,0.9632348670587002,0.9452661604951009,0.1836549267798186
3867.286156473804,1.2826129178905792,1.3298313496695728,0.05003101598774075
5619.817342894303,0.9127793009947792,0.7724914116251419,0.0759874166439633
3774.517677726578,0.9279612827824023,1.0543231823679422,-0.19073701816242547
4332.0815624027755,1.3944112047048574,0.8458790511478018,-0.1906731564986858
4101.333760561675,1.169051497917915,0.8389288727101248,0.17775663664550334
3572.0006030242507,1.0935203205266337,1.4663587674611795,0.22834800590926047
4866.169297311928,1.4395329038254439,1.00212576811246,0.17556559297838653
6064.262382485873,1.0724528136985032,0.643001538438272,-0.11764566410584967
6666.8336556240065,0.45336821450561937,0.4002847373651942,-0.09783051938007091
4868.009050960373,1.1581664394700901,1.5160389636643319,-0.23293919545125727
5581.676892547266,0.5519978857203374,0.3988714975341256,0.1920634593144713
4962.466246549976,1.063001342145612,0.8493528487823948,-0.4903638905100752
5149.218236337749,0.5215641064676899,0.4208245887315435,-0.551059076214259
4560.495944210933,0.83328614740002,0.816859134671541,-0.5012148431127111
4936.553847795822,0.8590538675975321,0.808332351590876,-0.5356723206735824
5176.2350932245,0.7574702231920616,0.7237493539820642,0.3392852253745363
4395.078189786568,0.8627870007021999,1.2185185767368956,0.19670134089256844
4745.753990074909,1.208140430090138,0.8843276293463439,-0.2996491504207635
4759.098916701758,0.7715117719601117,0.7959873607756519,-0.026483226671861534
5378.482322131367,1.0862852198776352,1.1408080460958354,0.36644759346209116
4053.7774798606233,0.7085875900981748,0.6103068921897327,0.12504965522810582
4763.920453974644,0.9026251059019677,1.0109703739049334,0.5
6138.403828336888,1.0309598165818625,0.9427555746505635,-0.02856653352320454
5614.842106810156,0.70086789584536,0.808838038918743,-0.1637897365931413
5744.425334222094,0.6220698917723275,0.6692491928063238,-0.2702772916717785
4817.102288124624,1.072969537644722,0.6240849537313115,0.0059111639498612865
5024.6982945802165,1.2307700998351596,1.489128960971623,0.23401609789674185
5501.565316692047,0.9302337451281569,1.3346003480638964,0.024781258317322502
5892.178870671652,0.8356717733608239,0.8355991290202388,-0.08954874991075353
3433.8779609819794,0.9889188469220966,0.8131286271103436,0.3141301088293032
3879.191085065108,0.963869979691345,1.2634546760639587,0.13222302403325115
5716.610870981854,1.0107256351778129,1.3898885493549704,-0.02835912415497694
4606.177450961837,0.3179387249215714,0.38633154178508033,-0.1916478183612721
4329.7954475193455,0.6827239272085092,0.7046506380171711,-0.06361069788294868
3922.087309103077,0.7386924736407865,0.7722783947227929,0.11818680568922642
4411.4883089191235,0.9877169071278906,0.6585466628617442,-0.1950872190287728
3818.3415016033227,0.9964694709055666,0.9391139130881764,-0.3084132346918731
6263.765990912734,1.109045122171009,1.458920500786163,-0.12003781415042064
4784.294763613599,1.0143954373026092,0.9773741547026937,-0.012302423019434575
4759.434620766097,0.6248162324031661,0.54365481385976,0.3408225412914443
5211.653672617482,1.311751154396265,1.3658784658851546,-0.29000934246562987
5473.641618486598,1.2679795758555916,1.0478245397498254,0.05668702423321229
5462.1217095882475,0.6354506774932684,0.6865225712201667,-0.06939286832680787
5551.5353607353,1.0331763235935456,0.7659711329624246,-0.056985196480681885
4358.408114446401,0.801143903689246,0.6638403997741611,0.38484157572106414
4591.4932365301975,0.984715997300137,1.133479169682873,0.02030303433134191
5338.322158809593,1.2133275699104675,1.1943501683126188,-0.22838872792894468
4430.827656852266,1.4825260665802396,1.1575769631939992,0.22218668038640135
4796.425357580943,1.1378194262856525,1.1353223790677385,0.20381017082671565
5079.13463509737,1.023733683777534,0.8952128127747043,-0.2502927779804034
5349.629557617263,0.8650447079229256,0.7509069868158234,-0.2982341824217612
3555.6233263408594,0.9955337177527941,1.22840005781172,0.10262993117676758
5300.321954922261,1.2899429733320784,1.417850371133579,-0.008242229685405595
4636.393159503792,0.9388228108101037,0.9467062155933884,-0.1176456761772319
5295.220397605067,0.7284718371630874,0.7985270793927153,0.2640746269970925
5343.85218464838,0.5450775336208433,0.614379293125083,-0.14807017400893946
5925.54054278341,1.0782619668525626,1.1655881355655056,0.10539072562584688
5747.4175533348425,1.0118220314069348,0.8480356671559469,0.29366109198769696
5742.600163827207,0.7885229566844258,0.9695376426661996,-0.08478271503704633
5810.569223416367,1.2065035314268244,1.2442166867920479,-0.4572746836823061
5003.965289371162,0.8445557839030924,0.8276198294412108,-0.10076694584871229
4822.529560925787,0.9163389770438012,0.8415218158806893,0.04732093539385956
5410.971958224834,0.9458339666755141,1.1173233188530565,0.2507514856907019
5312.456666003116,0.8622618144654779,0.861468709893714,-0.13029017255897465
4583.653634283218,1.0089662664373926,0.8663862473292796,0.43077336161580354
5083.376386165788,1.2378787864832503,1.09492578319747,-0.3247055946834354
4775.432473250784,0.6643795254703942,0.8319149570026279,0.041035916136830344
4202.246964077961,1.072130034618502,0.7167319873285055,-0.05979075842730124
5703.322518963445,0.9930396674016102,0.9237421448069528,0.3367727232849948
4838.639469771062,0.9884409573861765,1.2028762761530885,-0.3684117951954855
6234.095780389195,1.1679611424685226,1.0941582845325615,0.10640868953398082
3662.155410860117,0.9623243563042896,1.0226566687743728,-0.061057907973677744
4410.254859009644,1.0700573154764257,1.2851163398875811,0.38228523742149756
4822.84718568361,1.1289661573927867,1.2985592505901362,-0.20713967030564542
5596.16676834024,0.8239086999048483,0.7810745939735249,0.10382956562360925
5079.628560821529,1.0247958652034495,0.9931932310551569,-0.20954788510946212
5017.330927926526,0.887303098197342,1.0732233952931356,0.04701554435571228
4010.9153452120972,0.9168295550700261,1.1081754763895169,-0.09234121818269307
3990.14102193937,0.8694846508804169,0.8784022868263528,-0.0963074388143562
5025.753262202933,1.0677701010242215,1.0425723565194536,-0.4968588261926619
3845.125804327149,0.9704111772545634,1.028523732040964,0.10364601608952421
4427.68557479747,1.0486360085791686,1.3226894356499699,-0.2705597842379625
5150.6421303601,0.9456206592760629,1.1604276672300011,-0.27916990376297285
4112.373009406257,0.5489697468824187,0.7047570154859399,-0.38882085138969363
5923.749173653265,0.9578421040249271,0.7577023017787949,-0.2640123395997468
5656.755440966523,0.9658844887892042,0.9191518675519054,0.1251199415822965
3700.0060011631895,1.010648984288365,0.9636744802866654,0.11279332212160224
4147.340129772609,0.8015677015785645,1.0755106022680123,0.16592774013530723
3199.9559288535347,0.651132570833622,0.6755789095480146,-0.2567452232112027
4252.186046216307,1.1061516612235693,1.3558165150900916,0.053695406393180954
5336.471933600679,0.8815983608664577,0.8009065429905086,-0.15384588325103024
4510.2735404076,0.9928110119212489,0.8966329120577627,0.23868242208457893
5122.558070531177,0.8796349800279261,0.9893905798731424,0.10650348871107551
3734.365977202779,0.9484845435566013,1.2592067605018415,-0.16412958167840305
5358.582678207334,0.8376786630160479,0.8311249409584196,0.2601438838295593
4411.423540450155,0.707979102711543,0.36977985091100785,0.12683608516033115
4808.518777598034,1.0684329151921643,0.7245323413531172,-0.3467507067284562
4734.987849024863,0.7992199779434699,0.8856698553921473,-0.4178805453328939
3909.9160353754014,0.9909878702237026,0.6999530617488969,-0.33692145513165445
3992.8409677821523,1.0526150554755194,0.8615134348285599,0.41229542913165956
5477.456128302399,0.8032968210992295,0.8413399783415281,-0.2538656565091076
5079.294510251187,0.6490285914067537,0.3609848630722221,0.4690350519204553
5535.034329087399,1.5565214034632633,1.316502913897157,-0.2668296457635982
5027.260764851762,0.8180570310136435,0.6531965896211416,-0.29346626381933605
4900.093444366452,1.1058542896502896,0.7588538426394843,0.21998812026581563
3591.7925669332635,1.4348658873925308,1.1207336127258185,0.23138082772560906
4610.743312267181,1.1474769367134732,0.8776172061867077,0.1389562934084048
4780.830975717379,0.8748892977931121,0.9829660873185442,0.16902757344791117
6167.175038790801,0.9332209031162221,1.1726432106987106,-0.20040544383958336
5280.869642469074,0.7418481950652879,0.730105247235831,0.20825079887016237
5875.24282719667,1.1704241067394354,0.9989402417926556,0.059999167929650425
5218.27639412631,1.091567677014672,0.983750952021433,-0.09131884739597311
4302.087741135365,0.8213935454345642,0.6650020386629354,0.023654974446191926
4881.986951304896,0.6894562982253889,0.5512600869422283,0.2651614545373196
4965.356552384963,0.6196915655840771,0.4575001176966822,0.09796265073945418
4142.591101160523,1.1966285009510502,0.8474619700404808,-0.5394505231750868
4530.9288363849555,0.9800932822388901,1.3052324254409897,0.2228069678229693
4655.9631044259795,1.003746134083188,0.8644979084202548,0.20365967836563728
5923.933882795583,0.7442628435344106,0.3250385200947581,-0.09476616991013855
3343.481632226315,0.5841242241738984,0.5740668823993805,0.029187073304780757
5644.072894501231,1.190653393677908,0.7840790676244115,0.02818493778983301
4144.243335528432,0.9605097592493076,0.979800662307396,-0.4948648939941921
3839.5445689112703,1.176808665014405,1.1280914320056163,-0.10041757727352738
5625.959491026925,0.853516718371109,0.8908341623779822,-0.09074426948672695
5312.328648464067,0.8907955392407854,0.9042125267881876,-0.03968171721332389
5678.163091666833,1.128324544155158,1.019304434594096,-0.13146194096691113
5360.491363281903,1.133087019912631,0.783334131267413,0.1657104423058455
6241.8915012161815,1.1493914056714885,1.1011363265996392,-0.20228222464116422
5191.106685861139,0.8761996867243259,1.0830072716310524,0.22751929150588812
4690.465836713789,1.103636809412717,1.4745932099890178,0.15393552084927495
5040.0484641249395,1.2272748663691797,1.121950379802725,0.3401045969503979
5670.4283898421745,0.9238069970796163,0.9142368818448204,0.43344975853426343
4254.4372723179185,0.8216279090564865,0.9400837840523629,0.4351129553538898
4343.677992228033,1.2856869008291913,1.5878143793583122,-0.2964044910920071
4583.727989781465,0.7863885666121732,0.7448567622413513,0.08604645889878206
3326.7920408642676,1.1073691242786192,1.2353172540663577,-0.1794465640783522
4896.654885892282,0.9353944223700346,0.7919706419359138,0.5
3479.7099072342817,0.48960859587885985,0.6020383089988697,0.15351783974619754
4837.141519052833,1.2321485168696449,1.4111680105689863,0.3540779974234485
5405.702829294675,0.260536592613158,0.2529287127564628,0.10884237587462219
4466.186477549315,0.45396798331059773,0.47580518432190916,-0.6588607714257843
5973.981109130809,1.081832519870168,1.2683057702758596,-0.19589125790405604
3777.6493704070585,1.0817677996695287,1.1961256476991402,-0.17139573517157694
5633.882477142282,0.790605035530616,1.0003293524702903,-0.09753381939090658
5272.595939484844,0.9869555225758112,1.157465548802161,0.08989207506335745
3598.7767261825175,0.31714248855549876,0.3718061758283138,0.12533318110359123
6697.556009328373,1.1267438661176499,1.584067931995992,-0.6568341099291476
4755.378300147224,1.0124313717633993,1.0375867732841835,-0.059229891044015735
4185.761184491058,0.9385892866665511,0.36963385959069117,-0.12146903034641482
3815.038963651188,0.9552103705344429,0.909568204335625,0.34525958092562287
4645.987380638228,1.073313544048258,0.9589344706030143,0.14806115102010792
4710.815189327028,0.9427746191255347,1.1056773539541325,-0.04576938060095085
4871.851869977765,0.4814861243171949,0.5069851758030637,0.055920205965670385
4591.542690643228,1.4990830586306307,1.68634740796532,-0.42175575942968174
5243.257717080565,1.2502002048571128,1.3290458247919816,0.16533801120795175
4528.659117135728,0.6287638345112929,0.5519124719275155,-0.09888473014819307
3445.52511793167,0.8637156923808523,0.8644294416113304,-0.2018446931904392
4695.446953045252,0.8909914524609898,0.7703723771082598,0.3285579599590642
3142.7656426387052,1.2197123916272408,1.2155266612607742,0.06839520566939826
5047.639441623973,0.410182766170058,0.41359084503878835,-0.16635773254517386
4114.489838802156,0.8252479338925527,0.8703326293477471,-0.15109828656236998
4914.3522484410605,0.5098408891656241,0.5516036203401059,0.09147658491012345
5719.852487067223,0.8787261210429154,0.8742898487205368,0.07204282411849049
4135.8759133124,0.8318747767287739,1.2170919869070789,0.007356262856111129
5542.879380958482,0.969923516845678,0.9055085370110577,-0.3008390971489886
4496.627303319693,0.798781400247704,0.5122513959382452,-0.26386600502731544
6027.23636144591,0.7622441521523688,0.96827909014832,-0.1870784945415645
4544.393170761251,1.104914172940787,1.3014262655545112,-0.04903660768818393
4211.6549101453165,1.063668185235645,0.6347961103310542,-0.010327765776960032
5281.066915276702,1.0878495856945605,0.9197348899994038,-0.03999275643372014
4494.947189263455,0.9057749773772893,1.004408925850584,-0.028561240267620813
4210.985340109694,0.8070653544437026,0.9307362073601875,0.47031139948026746
4465.5121045073465,0.9202868794948073,0.9348202026109513,0.2123125216482928
4768.775427471899,1.075290517517113,1.0635702778138163,0.29705418913705917
5739.5260918713975,0.40580507475703786,0.394785357042871,0.11606599789099493
3446.138578178296,1.0485279825927145,0.5401229530043558,0.018100668079061955
4816.156461265295,1.0272845468336995,1.440593216844551,0.1024895599035531
5237.43251625783,0.9655377265214317,0.7839602405910759,0.05645504315385999
4935.414002494257,0.9126716445320812,0.9623173980846655,0.20199455215288822
5716.905618603474,0.30847015351689655,0.3778759346146291,-0.24378511666210845
4747.958269169033,0.8400366842248985,1.0259218367809413,0.1811867736541068
4670.813990469838,1.3973596777693433,1.3369447867336421,0.04176466719432547
5214.63068290934,0.9532253238920764,0.991936239823327,-0.45177175941228476
4869.519670465945,0.8731775403313204,0.4244908766730051,0.021430421657773247
4526.71388320367,0.9542265488975281,0.802674289264437,-0.32655445022229596
5161.3008277104655,1.038693217157002,1.184355617738034,-0.13374941834651252
4343.230194748348,1.1147050611723661,1.233573703522649,-0.03979766493873532
4372.175993586471,0.8927799592105145,0.7394405982319577,-0.37677546721041805
4430.40418476407,1.0562299005984208,0.7150116853720119,-0.01343529572655538
5747.148412116485,1.3691627006903397,1.3183226792324856,0.017117019267627095
2600.0,1.2015626998581788,0.48489003217054294,0.1887684329492213
5076.9191843340595,1.5350750539642448,1.0852853486690055,-0.11344133757105117
4823.9902699401555,0.7858074104120709,1.114910320714117,0.06861875107987228
3623.3906785333156,1.3690473768755038,1.6572660597411255,-0.023853187278452686
5016.808745395201,0.7523315900193512,0.8740014044093652,-0.10456768405041092
5133.026394282072,1.0383915366851157,1.0939450722318411,-0.41764432378509236
5212.74746195018,1.1331191323095249,0.674102556302826,-0.027900076832374457
2943.720355868536,0.8223057020238819,0.7284474175818275,0.1861281243506257
5756.4725882981065,0.9719910693685688,0.9198221859225617,-0.23342919764627915
4283.5843067206115,1.1776152756129603,0.9757442310880056,-0.05444596532456837
5280.597422727224,0.772432275422023,0.7563948286455175,-0.01762183160690879
5318.7516464776,1.3673458648869117,1.6181537435498539,0.27561015794544086
4186.312040066495,0.6038508438181627,0.5955675662828455,0.007526955964010154
5262.3219666460855,1.434922860682096,1.2439164730533172,0.07202184382827276
4530.154731361349,1.2003315336998979,1.3284566761279262,-0.0021640117658848546
3350.0359744632897,0.9275686059180553,0.6743004537651924,-0.12307645624336913
5617.419347869445,0.8493329471908171,0.7300697354008518,-0.28361847938937756
4257.468525888632,0.823242934302244,0.7296156111790307,-0.07126802435115395
4201.854576083362,0.9160510899357462,0.9426224584410641,0.09833982611480173
4517.853892374294,0.9378760346127933,0.8844424333358217,0.030769091999894315
4990.565707729172,1.2638065616586454,1.1304148244656207,0.36987923242853854
4759.910712424528,1.442163525096146,1.1621048965584888,0.23646300915429488
5183.646847295019,0.9998449801635019,0.7857364905660944,0.310139475130369
3862.357443429939,0.738592878002649,0.8803403223363729,-0.5080691524128214
4280.329540698485,0.8135684898409514,0.7905617679054678,0.39483356309598855
4718.802049374926,0.9042273038471789,1.0368420167730987,0.06670289883178634
6128.521104861094,0.6924694736758061,0.5795866639854614,0.10223136560545028
4720.331223110369,0.6552646494731553,0.618198899905755,0.2240068364152952
5559.655584563142,1.4742818030932567,1.3038114695877439,0.005329327103406642
4826.988618149023,1.0256533814865634,0.994373680141047,-0.2675951368758295
4461.438953793702,0.7417167165799132,0.906187644249851,0.3618519082824181
4627.292903119892,1.1541508925894282,1.024962244095441,-0.19205551503097176
4682.106201579783,0.6554134687982885,0.8197171161123091,-0.24642934487062815
5222.552017272517,0.6759969880322365,0.785886355955332,-0.05857522875145952
5762.227887303588,0.7492393997339387,0.7768099488942449,-0.09650098363663373
5051.776593380425,1.3636283202162582,1.0377733938788631,0.0009517085570314227
5630.954375119229,0.8867799835554064,1.0458502887492436,-0.024552069909715014
4124.64718365922,0.33957325327437826,0.343369585842399,0.3367824418923103
4509.758643830179,1.2525164832938982,1.1922694746850886,0.11483064976305268
4292.988226054633,0.8734046589594106,0.8876908443346669,-0.2144492447832321
5020.111213612397,0.48764799853039853,0.5396522107452361,-0.18012606461439876
4548.7291303744105,0.8708291280091475,0.8255461586666549,-0.09704716191452029
5310.841055923936,1.0802509741512258,0.8888125787585393,-0.09605025119262303
4148.2988018572905,1.0510122916332423,0.7040871031781017,-0.1286860342033643
4830.121681324897,1.3996037447912046,1.6759928174127527,-0.27543550451089843
5280.800537708579,0.7368080343575173,0.7061940036227461,0.07260053435903817
3354.2880574715728,0.961680030066243,0.9443908292340151,-0.11390112563470332
6285.141915131142,0.7751076803553945,0.7937275189166051,-0.23795036476126072
4601.793680584087,0.5644517764531942,0.7715218683784815,0.12136879877317255
3382.4720604266786,1.1713818430764886,1.5737007523310578,0.2119554996933227
4910.66572900375,1.0658173922868799,1.0859581709997472,-0.06140927445005697
4823.410427581206,1.020919612424713,0.9847760161243102,0.44537159112962893
4742.673934299255,1.056697548314661,0.8102800764207378,0.5
5493.833779048667,0.7786317868278949,0.5822476055945662,0.1242225383403189
5323.2114799989395,0.6985762281704516,0.48424904858402074,-0.11720267979858776
5008.513333716692,0.9594118430423401,0.8134161283099325,0.06723838859418944
5115.108943762653,1.2403028506029035,0.6912220562895547,-0.30611076631181816
4726.949085393339,1.3520192838633867,1.5475201024871845,-0.2179659018913321
6042.843594468034,1.1488581767018582,1.2119660189519144,-0.4206722846002251
3764.5627871495635,0.9572936066920239,0.9170852599715673,-0.15711624562536627
4897.756171951128,1.017445982349984,1.238900723156398,-0.3081300625478062
4845.517241832146,0.9528984648313428,0.7560178922770819,0.15601418297892175
5369.296284245215,0.6935141650751429,0.6238102615638226,-0.18728963139757718
4209.302285802571,0.9561618445526356,0.5916386727996185,0.069155322879145
3579.429178322425,0.6162932956028766,0.7840853371099878,0.18697661018085807
4909.776111268735,0.91898069347424,0.7831658699368527,0.2928356028771304
4996.861344553023,1.3590262776490798,1.282163624663404,-0.08835613532775764
5842.719586613354,1.155714805695838,1.3478707030535573,0.07765937473494847
3910.7465675724397,0.7192202039408675,0.9788517691786208,0.08562537514087623
5608.285636701704,0.9318927325894292,0.9396231591885679,0.31802284538054537
6457.190054818985,0.7414059220613155,0.8476157920985099,0.1958895197709865
4535.564578734266,0.9343715579556975,0.775928153094885,0.3258362471966777
3896.340446354743,1.2102769541311407,1.557161038201745,-0.41616286457015383
4515.11794353864,1.113251984577476,1.0534111171252012,-0.1660677525179627
4809.803477159967,1.5710360201863338,1.458367515739499,0.25795420855598167
5194.65151250484,1.2481193506268928,1.0968449167834906,0.14517545922445624
4386.023689113366,1.001000095269423,1.240841674851098,-0.03126138643063249
5888.638973903139,1.1192874935333232,1.138027466858624,-0.11851247084000308
4019.827379494357,0.899389206454166,1.0584761481409648,0.1971711361572323
3582.55639347904,0.6681239382283759,0.7755156973905075,-0.49489426785978063
5574.697297001122,1.2764441445718802,1.1620428634622526,0.1980477963281837
3207.7652781556603,1.202247869232912,1.3741716331812608,0.022672066510203797
4657.109161789099,0.889736446351509,0.9736715957577896,-0.12220987939806624
6982.376790445633,1.0184839342328345,0.8197273897393629,0.12561022547578632
4791.5695129280475,1.2602347968462015,0.9652080666124663,-0.0965122705712791
4015.462644512625,1.161587856551505,1.1608602039734932,0.007254683681467526
4759.8217753492445,0.5842246871875753,0.7685896907539166,-0.011561450222589448
4764.439447966327,1.010905005372456,1.3394559982907546,0.186132480995866
4912.454958247182,0.908092118627909,0.5967129488620431,0.03979545529581577
5263.584087511734,1.2282501747846701,1.1848204849764221,-0.47727991277831877
4072.6221821425825,1.2077606846956652,1.2769067349269914,-0.3480234506258058
5981.2836386657555,1.279651957044511,1.290102839395773,-0.27104155079973175
4971.579999060832,0.670526415319948,0.8729483600518615,0.11413616669464537
5308.755832481263,0.7539721164859403,0.9023766304066649,0.13921310538068862
4360.29542017105,1.2285206090338596,0.9466019508273752,0.4175892961885511
5700.4674958968735,0.8020885461643885,0.6681267725927378,-0.2536076027418905
4620.063313830855,0.5696417547714231,0.6773399645618556,0.3273132424719541
4994.286759445472,1.0831491219035163,1.2771563381635909,-0.48446966624419513
4146.825745969023,0.8131953899335067,0.8718418350305022,0.004439489372780318
4102.1478615185115,1.3974476925771002,0.8945135916664172,0.06130085001117353
5281.743714517018,1.0240461384971158,0.8057375368046215,0.060397564142357384
4489.47521885483,0.9900648216604163,1.129246750497309,-0.07739887943926164
4202.323838746936,0.8576890270960607,0.8227603556905798,0.029473897965112218
4349.771660581078,1.3477088334817429,1.2995814810731114,-0.3088048926588247
5289.267150202195,1.0396386149724552,1.251401455658122,0.21629037169910556
4359.673497157472,0.8478751204609484,0.6656203092980182,0.06244760836336018
4717.641547878485,0.7514790733486383,0.7297507984787199,0.09055835337046719
4810.519425200968,0.9316317363589455,0.8461061412980972,-0.06975411538852025
3457.8557797927906,0.7055882907112986,0.8103324069731308,-0.08199490618720848
3770.211516238537,1.207219360419736,1.3423077394673655,0.131182723541317
5035.394522473293,0.49791448649394143,0.40296142055927664,0.3974934624893521
4284.079447193112,0.9151214929167323,0.9304688872861515,-0.3484077726498072
5539.707437896293,1.1025333862719835,1.2692052417962767,-0.36101754369847266
5476.764972975381,1.0355298550274141,0.6468599055195874,0.06655132809723088
5303.418066448806,0.7706792567460827,0.8014373018047019,-0.08305002158857928
6073.840251118818,1.1150646766766372,0.8257449176770716,0.03102644291812345
4741.837470579771,0.728490152903523,0.6765491115208986,-0.0059473286498348266
5254.217348132687,0.9444038358757975,0.47667318173973733,0.1555023419634234
4390.919316382779,1.1129603929950889,1.3928373529763929,-0.07154085755498607
6516.658939008106,1.0657281948732782,0.9773617769733484,-0.3020529474748169
6188.543556705214,0.781240247145133,0.6882760728898636,-0.1974634902729929
4808.316304162455,1.2493736291410908,1.2734146636935293,-0.04011291372362404
5070.610360933634,0.9716736428713835,0.7735494499334955,-0.31374261721784946
5751.508319555364,1.1357488527347879,0.8553681152138577,-0.009213476687746035
4697.002346630125,1.3322752516683118,1.6379781782670189,0.015188663928625421
4340.3631504402065,1.2293801371936517,1.6063522653351017,-0.08945089996778707
5411.792825704818,1.230032351582761,1.0403956687408291,0.052305533447948506
4854.907472258569,0.998169982462368,1.2116940781511663,-0.40356964521557753
4928.096114751682,1.1484837802276273,1.1966681613891346,-0.23829608464080965
4216.010059852424,1.003399143641079,0.7191834640036746,-0.2856747215759012
3597.6294961456224,0.6476688830553966,0.5753155643971829,0.2199641844868559
4965.29968691537,1.0256859481262606,1.3370748987402972,0.5
5433.47342904594,1.0140902459346164,0.7226852802966259,-0.22020489499306864
4641.935275646771,1.0959323403804548,1.566924176907516,-0.058810559241859205
5805.500663691207,0.9180007561966511,0.8271315594371196,-0.1733573106538703
4307.258572209119,0.7596361108090373,1.0563167169083199,0.05530631020198587
4061.7068815238563,1.1141265207938067,1.023672525079258,-0.15210216235503882
4752.938784962708,0.6216819281869379,0.7930587563106075,0.07069496918679681
4742.185197254096,1.3147047839641173,1.5919718705400188,0.1662566541803967
5338.978111934655,0.8921454846987519,1.1664772160969687,-0.3059562344726894
4257.526023155211,1.011382043014042,0.8911592130965208,0.0678785788812421
5757.665965770429,1.089639538320393,0.8874226861939526,-0.44851400580476164
6176.841873755778,1.0976720112110476,1.0599031237434666,-0.06413349111011331
4772.599181122161,0.5977539250120663,0.49022264497453816,-0.0809201063701924
5674.797294129023,1.1560216451360659,1.1767198116077136,-0.05728426262877303
4060.4520505623177,1.0257884570940683,0.8530406851603303,-0.07801511409780386
5552.655078827342,0.7911846538603478,1.0086706287989013,-0.12373178014159712
5533.093485991623,0.7625832622635215,0.7132676317774037,-0.06644554459872128
5404.406096132915,0.8664867294857885,0.5809731824979634,0.05953442294421247
4789.105837790794,0.625314578347377,0.8793279619019616,0.06656430184693718
2732.0257411305784,1.3805668477467563,1.3418006297788618,0.028799836174908125
4350.7909994435095,1.321537831285836,1.2571495957352061,-0.14339935591161895
4361.8587876207785,1.0629250502439849,1.2798606692793053,0.2700841620636957
4115.221543357666,0.8941503959144772,1.0737747271640479,0.38133877091455004
4885.570103182947,0.9007230030156511,0.7796127970758426,-0.32210357876131296
4506.725588135136,1.139516426543492,1.0102729139550664,0.04106728898748003
4222.771593164484,1.3894567248754877,1.0114060711377801,-0.11703548313112312
4058.8398962265264,0.8074008151008142,0.5958789906841994,0.23139951322374985
4299.14091016034,0.6706034893441689,0.8104519734182754,-0.003148550302126989
5585.04944829495,1.3369101933988177,1.3604309754023092,0.013294486975784055
4337.282461760754,0.5032153531038871,0.66514771295186,0.12374195584786098
4439.542905496709,0.6978672979368383,0.9421475606335912,-0.07438473963256395
4480.311669483727,0.8882855268722868,1.0504721780985053,0.4193702693495
5037.295459666594,0.5598916330487422,0.737338830304414,0.12743493207913761
5119.374641969973,1.2280372657016496,0.6887874130422044,0.2329018737437074
2668.7404225297864,1.164226317626275,1.060014596339863,-0.05513889899103295
5515.144649679326,0.8063016931961706,1.0041709787678976,-0.030713915396484263
5805.4576239706275,1.269903529794437,0.9277872988949512,0.2029062148910012
4064.8694238468315,1.3123231071009565,1.265677275925487,0.1777955670648964
4119.391228685616,0.921707337927484,1.0341924701891942,-0.31216713308315674
4484.82262855521,0.837332955607998,0.9444417727336111,0.03190814912070476
4270.797186380377,1.5149005069356196,1.4969738418862646,0.11845948639160658
4956.748811762624,1.1302904555210387,1.2350534161971147,-0.032575156249174356
3437.432299548795,1.0140811632422133,1.0478045791922836,0.09473189142083152
4017.4506743742822,1.290886486659903,0.8677294037471193,-0.021998561961423913
5877.438040122435,1.0254826587507553,1.123787564769118,-0.5616877359889111
4150.246022856388,0.8235948535202029,0.9049509905537182,-0.32772285999304157
5670.399794672047,0.9700399401218883,0.6929801811000614,0.24374610854820472
5048.736736913096,1.2096635718299338,1.485813607422885,-0.06109506260558288
3533.5125997882196,0.45195360841269655,0.5863156679846883,0.047422748810607894
5244.7304366513445,0.8779923151401947,0.6523630395118364,-0.0009142007477991586
4717.632888465003,1.2957643496454012,1.029236795320789,-0.20632457470715973
4481.173060625181,0.8220328997266205,0.7584514703809173,-0.11676961795576463
4971.469965220403,1.3365271401078525,1.118739597361294,0.08223736920954183
5132.243439896754,1.303685954839953,1.3088033472600278,0.1077490339242949
5295.314275382234,0.9336177211277621,0.7617023091036126,0.5
5624.776993283602,0.8078651737777498,1.0333074313459176,-0.11943554469440307
5085.6951389448495,0.8781602814625913,1.089790586441908,0.41765978958147293
3837.0561378495468,1.6161536230003586,1.6500597252644553,-0.21510372072513412
4468.448179644166,1.4186061117333109,1.3344900851992947,0.12215004843633953
6860.133834688035,0.9813477429516846,1.169736715475047,0.04446815488295868
5307.14374226721,0.7979616120948976,0.7887335050425239,-0.03146638779379647
6458.501110568048,0.9792602588953158,0.8408848768597562,-0.0014146129656764739
5776.803857539429,1.0109567316541912,1.2488618302101866,-0.1556537479764726
4969.261450089024,0.6391603155976615,0.7434107353709962,0.22597613886596152
5010.984948846783,0.970010317303815,0.8424162087958236,-0.21065376014722711
4774.393972086208,1.2806010812029325,1.1169676376621454,0.07938148007872353
3583.53676890745,0.5001608296958816,0.489881839739094,0.18896458339434496
4812.633076727757,1.1566459912843121,1.577836509171743,0.34605077334692974
5647.472186779538,1.2936994925136949,1.2297662391646556,0.24294236722449428
4380.252003625157,0.8098606637264079,0.8714055505470396,0.14310736159943105
5088.367099343267,1.373543939547764,1.4750020270863056,-0.15943299078749829
5396.113732125238,0.7774157343879136,0.6188382068139928,-0.19644378807660365
4163.223692481267,1.0602706654651008,1.2777542602219876,-0.28464472128241997
4484.087994959435,0.8733068288340924,0.7882083418320993,-0.30856639235668637
4087.4619566659885,0.8732509107093491,1.2256401313593337,-0.00035100953608578037
4224.484075317415,0.7956752325604886,0.7808097750672588,-0.18185417559163047
3898.676301442857,1.1246438702155048,1.3265060264582884,0.29980640862239977
4169.6860770353815,1.1622013644328621,0.5646131350206983,-0.14474039789010723
5793.618976558488,0.9338944501057028,0.7242434245388726,0.02356395934292067
4159.166079636795,0.6100079465819315,0.6338501019469651,-0.06616094211004295
4888.521453342483,1.0507925416585975,0.6178535119594816,-0.3509643593460377
4447.991872430331,1.0555035898526735,1.169645839428665,0.2723602078950796
5625.206155925857,0.8958212471533931,0.9730686386063537,0.17387052116124824
5717.813607622532,1.416807821795202,1.0595793329866896,0.20263052223076206
5404.848987497263,0.5590176837748364,0.6259679121585411,0.14873666506223843
5014.294187171929,0.39567907243660794,0.5531172305571225,-0.18987125874878
4638.258324211371,0.7672912750755823,0.46874783569022815,-0.1850122413091943
3965.687707066125,1.1276061335228622,0.8204617611454715,0.11299691029827891
6160.470216785538,0.6860388406415397,0.6901641346224191,0.3857298914960503
4268.228887573213,0.7047572703684811,0.7594293662147837,0.09649472446079976
5264.552442922989,1.1877553340445386,1.1341241392785393,0.2446166692127432
5541.695900836378,1.0656369806994375,1.2393121732028323,-0.13146808307447835
4411.30365216627,1.0442652274070998,1.1340655040665704,0.2744627274924954
5526.608769121173,1.145357229866382,1.269992471899089,-0.10486709803369369
5334.9492423371985,0.8437017616817789,0.630236151960276,0.06003981781154987
6009.574684767235,0.8552539814854522,0.9079806422142258,-0.09154027384470345
4471.457473501302,1.1524448181403562,1.0513891074010933,0.22228904341922345
3899.8951879041997,0.6137783048047001,0.8746030892291713,0.22569049732128502
4446.157171188842,0.41432003840036336,0.5113972382571218,-0.3691952700357923
4946.197479774032,0.8416789565930364,0.7546228410844769,0.33132445855554493
4840.748908959539,1.1827183222664228,1.3386793758780373,0.5
4524.593472607815,1.0138899247467008,1.125006286667349,-0.08883317075782254
3463.56177871593,1.1643228760307538,0.9438404348533707,-0.03170039291580557
5129.338097290374,0.44592642239420865,0.4875672737196446,0.3098574485600382
6180.64113535754,1.028874202080873,0.9552172612399141,0.01669186382642893
5124.975866686103,1.1134661261605945,1.3573211803072749,-0.0009935775082736261
5226.394863337459,0.6123006443473288,0.7028712565142087,0.4742421834718532
5200.711714308572,1.1655143976366362,1.2946572193039474,-0.33857429035200676
5077.93266891768,0.9221202758735517,0.8447368252564321,-0.19724078253343222
5452.1661768076665,1.7178341754015003,1.6448759573705911,0.10445574838896456
5076.761576829966,0.40569098277581606,0.6125738496888721,-0.4048861484689251
4581.125981242707,1.2922785919186877,1.1390219707940106,-0.0932522958507659
4242.8077629938725,0.8514604758684815,0.8995397760183418,-0.09554140751880666
4625.7184413035275,0.545712071389989,0.4480304935203023,0.24044345505557885
5019.890647515466,0.818261214108752,0.7213395553843498,0.1732132586254798
4578.741927213919,1.0193698103343665,0.9475429818301092,-0.4208068122073305
5020.037078192001,1.2093666673912606,0.9172338814112817,-0.17328083542113734
5107.405093590292,1.3804910720330439,1.6364756996206593,-0.17251407102340027
5383.225601889128,1.3054732721760856,1.0302573623086169,-0.05414396918758521
5697.956478187286,0.7086544948238763,0.8786501746012662,-0.2743867974023368
4854.605192935201,1.2325411730665292,1.226234923153188,0.1129119854929165
3884.5564043966374,1.0478212392802184,1.0444827944037145,-0.17354676732593596
4558.427132226567,0.7863492447677529,1.0703117089714345,0.14715548400093076
4830.84379718462,0.8970223516306297,0.502259328656005,-0.0007135609579241808
3514.9618706760366,0.772539335138819,0.7815395346723353,-0.24326878475259736
5772.065164071738,0.9592730854841139,0.7582767342959184,0.34706932568637416
4899.664538757326,0.76758552942647,0.4918153000165435,0.35443165857076075
5066.946984206199,0.6930014816956402,0.5675480104128419,0.07258632880244491
5755.868523768386,1.069779781945693,1.0590834145441395,-0.05980155321100443
4358.900018900357,1.1071826370649092,0.9274836487617609,-0.2640732033436949
5201.829351618821,0.903100749977097,1.086980184504376,0.2677783424681076
4723.0951138286455,1.2919128259839932,1.1749063358361198,0.2056598837557831
4671.139193088857,0.8848923533762216,0.8479070965600382,-0.20349898625325627
4259.465328536935,0.8743063637186154,0.8405831651387282,-0.171703183420204
5965.922249580569,1.1151222455864243,1.0695903647612515,0.11423011604392813
4537.1499719471,0.9168936037641657,0.8548597626658301,-0.2938609368377918
5289.624972826991,0.9711994322565358,0.8105757557644852,-0.15642160593734783
3487.4948287696443,0.3198903823452337,0.48128093897270874,-0.2601414162431579
5625.99197078285,0.9541768461844937,0.8429483691024575,-0.252083502408588
5536.547809169941,0.49320101563218494,0.5245169189146618,-0.18001612354942534
4868.203877208112,0.6447623572502823,0.7643670899933604,0.22650103862638565
4641.140273703453,0.6161693653111238,0.7221026522361192,-0.4386366200850926
5080.000003929496,0.6893542116165434,0.6099051770327808,0.10837106999474277
6402.153462616203,0.8127865350919368,0.9751134825581624,0.0644868332025494
3565.7343107675606,0.8283768461136286,0.9526633445192793,0.2420859410212326
5347.419171301889,1.1160688010642814,1.1306877977654683,0.06426224678262481
4161.867888492268,1.0055969535336742,0.9178256582731487,-0.09470983116653328
4786.057122590189,0.4747313927955035,0.506186159582157,-0.20382743135996625
4626.483916644936,0.9708236593867019,0.9371754117004255,0.24760291847736285
4500.177219541571,1.0295638116458568,0.7714057554918744,0.1242370210638232
4792.674409663089,0.8678583709367604,0.8857982277954963,-0.1232839147040537
4006.0801983055467,0.9347785057733243,1.1165218570519877,0.22722793104166514
5520.426305289577,0.9975775313492641,1.1729960336793985,-0.11146955380152845
3544.0995421609796,1.1411498994088949,1.0267531684582913,-0.00023546637349897343
5177.835158979839,0.5562800031343162,0.7586298218036402,-0.15112092713615757
4571.4249032258,0.8889207403400877,1.2570165591213176,0.1334604761000571
3980.3525743347823,1.3270840245144322,1.1747524952241075,-0.24854783754747
4941.668359419086,1.304165327074489,1.4077449492126515,-0.07464717201653784
3710.1342393054656,1.1627342319439449,0.6176171019580693,-0.16363844581277864
4827.799675203744,1.084206170988919,0.7983737499383734,0.06592799041550418
3803.986164531912,1.363658687100522,1.3049923443595042,0.0971219795602582
5122.890459022482,1.4294620004016663,1.0629098459059267,-0.27604023177291886
4152.949866458737,0.9177300029882869,1.3143934028323885,0.1016078472061863
4484.3041880794835,0.7076418891779199,0.8489935335430941,-0.36918084592275896
5005.764571560214,0.8824269205938762,1.0795530490357326,0.5
4259.220521710435,1.7241738784430134,1.5372209716874006,-0.1278682673200247
4759.425200232188,0.5576609143187015,0.5009999771756583,0.2623151662422356
3740.3186491286024,0.8323652151176456,0.7738814995684361,0.05029159814145833
5241.612922517309,0.5968272118768421,0.695393146791322,0.060448875254792686
6035.43966388554,0.9811909657193463,0.859264597137275,-0.29151848146156434
6754.546207536972,0.6493272427762831,0.8029254894770268,0.21086021477040948
4863.817702666507,0.9228122442915955,1.0711847711712867,0.012161782978599956
5351.742898558031,0.4624762099953102,0.5401370560589162,0.11753492217109755
3553.5620289647577,1.1044051662711625,0.6873684423492376,-0.02267858071127939
5851.914028413912,1.2555863141169936,1.6111625612031655,0.03251076572915625
5343.359953306875,0.8540140944841352,0.8439080554041548,-0.2217928985579421
4461.246588534137,0.9162174982310745,1.4376146565964212,-0.03822276920768093
5666.026560202306,0.9091481923171719,1.047565176276572,-0.10497230207983628
4621.866746348261,0.9952276688062562,0.9543496868802036,-0.17639279943902864
4479.38237188981,0.9404576032583929,1.0373475188230918,0.0336314349237283
5132.734447799244,1.1420292381076735,0.662967366798242,0.09084673895462891
4055.651850118777,1.2582597833627363,1.448390403177498,0.06269300243246163
5515.137335079964,0.7464821943769542,1.197749282908974,-0.025565198709116412
4060.8071316512096,0.8726678768064258,0.5220553603251131,0.10277726375756376
4064.9616471237696,1.1754048622311861,1.0726047863012431,0.0605410529954438
4163.217148114166,0.5945827379852419,0.6458364154720475,0.024381801123744683
5331.650026261285,0.45731967953860747,0.6283920463945041,0.041537754992239516
4368.257246936205,1.0065789882246197,1.4286702474854358,0.295750747441984
3856.402950942982,1.074086602767623,1.1399250694179328,-0.30126839035066255
4376.024000044941,0.7694249530116019,1.1581643586440977,-0.07964904245447327
4777.570340523659,0.8053372364698862,0.8696391654048893,0.08454365215571806
3973.31926143493,0.7599519195647753,0.8753239996309754,-0.3956839756206665
3993.8232236759595,0.7332686901638914,0.8314266212601813,0.34564612083151763
6277.907433869709,1.12337395515115,1.3654028090355368,0.06370446893112032
4197.604217330279,0.6548753782505903,0.6525326629082008,0.23922544110593502
4573.870341858896,0.8836192846416627,1.0539918825795536,0.27994046963872077
4542.9340994405,0.7236659581212869,0.5819827119777969,0.10311323222766312
4505.050234560691,0.5861777560246961,0.6151497247835044,-0.5581484263610125
5234.942717978372,1.1675445436866927,0.9877783306809681,0.03692355543255249
5463.700065330435,0.8200436944566152,0.868247240925925,0.052971728382149495
4585.831897927886,0.9971100201051891,0.9346175938176169,-0.2717166888928511
3934.465199385356,0.5729810300497474,0.7855137751974097,-0.4474183641882043
5692.1081594942325,0.764515136560881,0.6649308111942318,0.11541732570033843
4733.261236162322,1.1390219701737514,0.7254853087078482,-0.31229758430448396
6011.225270400018,1.5968178639613275,1.0593991898573203,0.5
3228.089871704386,0.455945983902422,0.6395722698294612,0.06578432045328897
4936.782254898324,0.8997230511776434,0.7407468616320443,0.33787792937622724
6143.024433713345,1.053070149535875,1.1251649632098937,0.007790849841945357
4552.71510519329,0.795974961690179,0.7840229270092732,0.18788470699407067
4642.154603665755,1.162380496748531,1.313857341883187,0.013315982807429554
5006.858184113237,0.7333168323349217,0.744238233165905,0.2513932325939184
4408.8429267805295,0.9884619150541603,1.538519374009535,-0.5095829753838367
4581.549647563087,0.81948202387541,1.1765004509158938,0.22203696097235526
4563.5294340660175,1.2548577707386932,1.123558553909866,0.1671910402335541
4360.805485901538,0.7809088742410986,0.7463076372446205,-0.038537914520755244
5660.199585140392,0.862031550928371,1.4443196265821256,-0.10229097116619829
5122.754622607505,1.1864222593742888,0.8991554362076819,-0.0747755626274426
4975.4397624723115,0.6929903352267841,0.7375236744951645,0.0706917420954997
5365.999704823082,0.967187514190893,0.9780342625596479,0.30350984116399143
4614.950916757573,0.4943664140783495,0.5689001547662637,-0.13354730194437797
4258.057327152969,0.6780166353427313,0.4779819151037146,-0.42544177278970224
4378.16298676981,1.045532818972701,1.1391855181523303,0.5
4801.248128773226,0.7023256226159419,0.6074745985918192,0.16789364112842228
4058.5518041389687,0.8138567670440521,1.091650656588776,-0.09780290351049625
4449.817288389328,1.0732716005119844,0.7500594773067039,0.2972116797492621
4438.7183506899955,0.8052034647132674,0.8508620997408401,0.23342347545377617
6287.189360880309,1.1557105183040894,0.6251146231803351,0.12307059341747494
2858.329542046258,1.003915696871516,0.570905373059021,-0.1192629229986237
4674.266195016056,1.0589207779811258,0.871127554648828,0.16683062974608434
6007.98565497034,1.2602413996846331,1.0352427241464834,0.27238970592317746
4885.291124892718,1.0299557656535163,1.3240432704953327,-0.43001818307271134
5327.392231394765,1.334711822617336,1.2495966554837743,0.056123745493027934
4869.8784205698375,1.1778155707594558,1.4345266720730687,0.07454392569436721
4332.866633148464,0.8191368925413858,0.7877297007766577,0.06651916535721812
3230.658845843761,1.2732870187553178,1.3602875940539636,0.01154590412904433
4943.818980925412,1.0159665052257363,0.8658074870858705,0.2965182688384755
4257.075376778326,0.851330072834874,0.7396598571288858,-0.05282923326929098
4239.765215684287,1.0195964238302206,0.6457785848931903,-0.0006963623222425276
4450.708920814622,1.2280817060975657,1.2577884529774843,0.07891632951961397
6021.402984636446,1.0637612735605555,1.1057655730563674,-0.04451738182620421
6483.386279577781,1.4055982081378493,1.5172070085629703,-0.34650031418778865
4952.045556269881,1.2216326394747055,1.2241369457777524,0.053532510922233226
4474.66294326179,1.0807900083505406,1.4953515721492412,0.05636409434286453
3975.9415077841527,0.6934829793147106,0.7724230537125559,-0.09129127035386236
5127.9781130822485,0.9050668714974698,1.1064550503098713,-0.03307872913232554
6048.033920045601,0.9679160349377128,0.9110967855596236,-0.7949675599099951
4626.86172908239,1.1241578753044368,0.8986230986412422,0.3021015123335336
3134.702771472743,1.1093332603180481,1.2425120837045838,0.22525754396514988
5269.034770270867,0.9923851025545715,0.9761825307659285,-0.3344577951206294
5489.779798015034,0.9800874788442927,1.1477904030577453,-0.16886681125689054
3689.908051729907,1.1301142237690174,1.180646715932381,0.36213034026039764
4923.538928564067,0.7353534435925035,0.6579577947904062,-0.28871266933023804
5115.858211295269,1.3738789548124641,1.56634605586369,0.11961467230903348
4748.824888593743,0.43820827870913215,0.42677538314358937,-0.12300418277011115
4246.460356640252,1.3138523705430072,1.3996355571203944,0.10253548917129143
5511.156056494489,0.9387036178937095,1.194328607981431,0.012534506289266252
4517.634177821922,1.2006449535678985,1.0684925709506459,-0.070807957319273
3760.3696861100475,1.0409601085731532,1.2713803213494885,0.09713046831286352
3365.3678600312232,1.0365086027277004,1.1109394167707898,-0.12326179646211183
5682.594663999516,1.0885636190066301,1.2526022665864112,-0.4460582182388686
5231.664783529783,1.1522635722719445,0.9326170663880713,-0.23193056718843363
4861.581482990418,0.86779229335319,0.9310192495238866,-0.26196465622023646
4491.8077542044375,1.208699782631559,0.8360095679605287,-0.40102978948021806
4429.701110057811,0.678882344105304,0.9846282517336372,0.09235001658692629
4046.9843460908724,0.9486673566684688,0.5725470860546744,-0.043191672652626786
4497.98104880808,1.1589924810680692,1.0454503499832122,0.08848526645245493
3315.9389494158777,1.1987543949039723,0.9406460125436513,0.13018783890084384
4284.75544257204,1.0651972120653501,1.1937598038168749,0.18911720919006042
4582.343738554235,0.851651890511066,1.2178487543843997,0.10173043528719536
5226.916033033293,1.174176944592176,1.2860057886611105,-0.2449021491985547
4772.051475638646,0.7826584402203116,1.308792851321595,0.14488138131274383
5356.4461797128915,1.3878522684372276,0.9415864635382343,0.05545118480192652
5744.3945735794005,0.9288322756250839,0.6973367385096815,0.5
5540.719065676871,0.5650935764485099,0.5202821370254633,0.0019795849682513176
5129.35689316499,0.6513291329958619,0.7268518931660812,0.09572494643323307
4808.303875426549,0.9609109092198969,0.7696682029655013,-0.023706402203575533
4113.448394110508,0.9849563178315133,0.8394262709339675,0.012223962674136966
5317.960835965521,1.4424141712377738,1.5068695574793713,-0.0046533385207740445
5975.8231675550705,0.6903751655964434,0.5592186014910743,-0.10865589405016303
5039.474227755292,0.9598655498259826,0.7484287762146029,0.04433841443872908
6142.081403898286,0.6851446482294858,0.6800668103248537,0.15544011053077728
3732.0998043572413,0.8268362866966491,0.8065898048650336,-0.10487666984266467
3992.085630654321,1.3709930075173344,1.5471548932814612,0.2088933221275566
5398.641055423784,0.6659159442110023,0.5922180122047895,0.17857758239994867
4985.003147107276,1.0967606060169584,0.9215837913622742,-0.2200655629566616
5719.647523600265,1.0482268397535979,1.1592000246256982,-0.2409224314045361
4789.169851491282,0.9439571434104478,1.1079603102854898,0.1120383500267317
4192.417204230168,1.0798591557979345,1.3672517881142,-0.14688394624478665
4650.48473045647,0.6599949045141777,0.784476507478224,-0.2614276618173733
3727.121220353386,1.3640806269508894,1.315376906873629,0.4292243615383507
4009.9865288320757,1.4312113737808803,1.4853913221724622,-0.2415818910746713
5480.710798542607,0.9617761744398283,0.9174614632896906,-0.3808988620398098
5410.951190128727,1.5557765326533883,1.3458942645085974,-0.19592334710527864
5054.102999364254,0.8502430171125198,0.5666487915821334,0.05791204843064095
3595.2457353276714,1.05010799846407,1.2257002182879078,0.01838801933355332
4549.117497140978,1.3079722659436284,1.2920167523535704,0.4718033575412079
3942.5000779379643,0.8352488849442725,1.00043306891236,-0.19209823694319111
5623.573277651436,0.6046127352801404,0.2920802181666773,0.05903910174698075
4391.394506506179,0.5470707335952865,0.611398249836935,0.28212222209728743
4039.9766024529154,1.4652066409756648,1.1250744526965253,-0.1647539621233371
4820.857315584997,0.8177438373403055,1.1069505026350521,0.17593105201724288
4351.891880215771,0.9035658091453753,1.035349588341119,-0.45804277521474357
5838.620737142595,0.6718089804197364,0.7615175049396826,0.4396886348526846
4285.632371726067,1.187084819832297,1.0479676216876028,0.24868944037680377
3820.5402185427583,0.7546100351938537,0.8617419540141829,-0.1701687493022429
3292.960538969739,0.8271842430846694,0.6996804976030221,0.207454444458429
4778.449448310609,1.0248801048540401,0.9995139686555846,0.3282957248649833
4406.648920299452,0.6839885181886068,0.6526075481206076,-0.3221671459541821
3799.766775441791,0.9053544326214437,1.3421762852677133,-0.14996947474369518
5632.458522879049,1.3005523973758173,1.596735763483869,0.33652085346073307
5267.071603200469,1.0570635993792157,1.267657293494876,0.01686822235999078
4780.247484743939,0.9826355731070896,0.6921697467503467,0.10904154142487082
5755.0283709196065,1.0037161773659662,1.176316888306212,0.0175493071515726
5263.775223379029,0.8527162260058591,0.9133677661643661,0.2228722109164527
4224.000868937097,1.4490380799387315,1.6746565285800719,0.12823291013700827
4072.545885206464,0.7469607173664832,0.8428985683325347,0.02655431598050069
5372.587081117703,1.0027315404909825,1.0008381678000597,-0.5254231619543299
5077.4568695271455,0.9787563915857017,1.0289292287275338,0.16000265762873547
4918.823437579464,1.2021906267832838,0.7402756029562535,0.1823102441648028
4207.451537991765,1.2257934846984098,0.9962555056224089,-0.30988471818925684
5225.563296904028,0.9419952988782323,1.0245023171279348,-0.2928997270589007
4271.1507818062355,1.0226666232782624,1.2500931278216803,0.12939964891739922
4728.609341784426,1.032133688478487,0.912705445023558,0.04858126703356736
5812.860902470886,0.3819645861073482,0.45926092458782375,-0.4936983954804151
4337.416034932898,0.5527525993805561,0.423064671374239,-0.20550542603639446
3698.9075200489974,0.7987340773195073,1.0792894932714958,0.07846077472550866
4063.2169656909227,0.8096003309057828,1.0326511328014862,0.16916921729221704
5496.009178681336,0.6501793945089669,0.8010628570910521,-0.14607980495645048
4978.311796166146,1.1373956428434076,1.1986711313861913,-0.036864122124590684
4709.785834917872,0.950529605254368,1.2583828639685075,-0.21983802642365552
4443.634336281902,0.8963263631532906,0.7686590753629672,0.3309809185403827
5139.751935287233,0.6359611813731533,0.5690650998491851,0.04364706938150227
4205.626604306844,0.9388637839388028,1.1526397489443498,-0.16692207070368664
5013.965898049817,0.293328811000347,0.4494208504051945,-0.2890753580437045
4288.12180183093,0.9092609222985397,0.705516466831572,-0.31672184219974214
4171.638430307462,0.9657959172019389,0.8691878922140198,0.4528886798130827
4353.758795622492,1.0104787460803746,1.3490218527001683,-0.04337796104877898
4537.2147874612265,0.55897455913018,0.6796334108242649,-0.09988027254456219
4765.8191148464075,1.0062041841728686,1.163173486820361,-0.05331095363292531
4964.81905657778,0.6896421825338643,0.5706477305268146,-0.15755244653420558
2600.0,0.7468825419269165,0.8957580706027155,-0.026752623269644123
4234.644609577264,1.129482846455666,0.7893549670754167,0.008732100901242242
4525.901015850773,1.453528430839936,0.814707006614502,0.003750883035546958
5853.543427025831,0.9628396897006699,1.1111866533424435,-0.3156494496691136
4043.9981741325073,0.7457261353399419,1.0176644211872246,0.2231077450120484
4913.957632669939,0.9971676118774996,0.9470912757493971,-0.13823985828514168
5846.5212168150865,1.1847572893747864,1.0200701085162014,-0.1646658368027034
3880.922029036909,1.1052493914681838,1.4540377031367784,-0.17595650413313563
5075.782658105081,1.6357782181159364,1.4246969804883778,-0.26311792328277434
4238.409716245836,0.7711656077263332,0.801618293742881,0.06694941632182815
4446.756380397535,1.0130578699798245,1.3527586897230486,0.22374549308500005
4237.82241623268,1.3372294883545508,1.172499769116434,-0.18074730465845332
4287.69988410888,1.3215398092546329,1.0863784915160222,-0.46078144634544294
6705.338503534545,0.4624805183689048,0.6276137134423906,-0.25677864940210593
5391.119110450166,0.9491605949900046,0.8225666563257907,-0.11207148732351307
5571.216503250346,1.321130191462175,1.2134206068933098,-0.30785882785781316
5144.395440785547,1.6726607475997843,1.1109727144519612,-0.14968292225051777
3675.620248118629,1.1259489709377046,1.1403206311153933,-0.13788170607018346
5076.470579226315,0.858034176575879,0.8967649492018231,-0.0038725055292318446
5551.050730155142,0.6976992118906524,0.8949419614114672,-0.3637386165630728
4202.620368172622,1.5046858393827123,1.624354846119155,0.14502834324807645
5475.728667012789,1.1321853966164397,1.2262408724524034,0.4152347046749474
5293.035346897856,0.7379832682786456,0.8460552732213662,0.3572793013700254
6096.428031369569,0.8992109084165547,0.9050642522012056,-0.1460110368245644
4507.551891240467,1.027546629207176,1.1465677243864987,0.16716379028958983
4031.6723124069913,1.0859516634720294,0.830553364849793,0.13756345147550278
4546.860323439218,0.7250953356135524,0.40997877239750163,-0.010881290732307768
5804.899695214536,0.7964523954686268,1.0272443124343866,0.04425141029378091
3520.115883410626,0.53676635940676,0.689858215408433,0.17076094921476095
3352.1369991982774,1.2099405724011953,1.1351123479639154,0.22084395109336033
4862.576695252129,0.8645953833074209,1.0814216303596773,-0.20291806585043173
4490.1874950580905,1.066580412295823,0.898877329215358,0.1869228474956707
4805.409525222979,1.3055646271440817,1.0631194355269924,0.4166156308713614
5461.718239865106,1.0049675355934864,0.8344739206891298,0.2205454105043849
4413.201457716803,0.921757381012733,1.0432611502843223,0.38411572882246514
3488.895918348566,0.9984803692209835,0.6825774354932128,-0.6458798392112586
6231.137090039961,0.9657984009625566,0.8233630793445547,0.14892726565702355
4101.940198792857,1.2615412494694862,1.2740410920553775,0.06606281747705145
4058.674014591532,1.0277095993846974,0.7759526938502451,0.25677117430589147
5572.604009605818,0.8138997451052719,0.7361145336541748,-0.28140653939460053
4530.8576152709375,1.2119622642224375,0.6504012957782639,-0.1265352729429294
4755.627103575633,1.257621089089588,1.3468150451370011,0.22513418324516205
5137.953086842223,0.6154173432948841,0.5848724050514018,-0.264917139364458
5558.508172176997,1.3331959711920263,0.9819510245757744,0.0605785643628453
4566.57751477276,1.0411779433021213,0.7653066930325547,-0.00423464572638721
5863.966404140009,1.0208174875366496,0.9315867948330245,-0.04898266671650344
3304.940105885636,1.2016561578991287,0.7922468423115661,0.14317466052422245
5331.851065867154,0.8082559022489303,1.1710554642486293,-0.2788751968448416
4212.33070938764,1.188541128547731,0.6005587129326432,-0.19502919540753147
5760.589921625594,0.8558061325655362,0.8033089511291347,-0.03481219886174002
4899.431135181381,0.5812623300724153,0.6617374013085299,-0.30029559129272854
4328.966267593419,0.7005609302232664,0.6355862297461699,0.30773045058326054
5263.988765115143,1.0917554582258067,1.118267432822641,-0.19969178435751064
5425.231843045076,0.7136329150013354,0.6413578000832719,0.19658240001022348
5249.3258860010465,1.3525190307974122,1.662892471602351,-0.21887582673682882
4079.2126322568574,1.2473208633599107,0.9263390025545631,0.17604930153568785
4461.188013464541,1.283359791508241,0.6467761260398048,-0.4022121686117239
4797.149014014995,0.9811946449193529,0.7291416427149682,0.35215385026112705
4771.118243144958,1.0144654043237398,1.0897478766501134,0.2837832512766585
5324.821832806843,0.6515720364389306,0.6931136433919919,-0.13814587703063813
3389.569137245374,1.1989458775393724,1.3301437277868118,-0.20641015801928345
5034.028938187453,1.0449583637592712,1.1397500290606366,0.11445062812503018
4597.013051894352,1.091826406323065,0.9362885490701585,-0.3815265554509373
4213.0495685312335,1.3720779528632203,1.1619777527639885,0.008688021698562786
4280.25925556128,0.7985092540131224,0.770894102730006,-0.20189710872945993
4649.823634837426,0.9184646125306704,1.2863010755182867,-0.06357752881949354
2600.0,1.031667730385542,1.166908755912,-0.1609621927684171
4309.097300445915,0.7161411486353233,1.055247755199561,-0.19959215822344545
4186.929622747594,0.90310029468079,1.0766872854210292,0.4261985394061465
5172.948246525837,1.0732374526167423,1.0447165050629617,0.19513587083424297
4236.131322242636,0.8686446821567921,0.7113059939680669,-0.36996574554303646
4649.420339880657,1.277247352432278,1.2652613732398292,-0.21895335119185214
5879.593639362912,0.5722688595457515,0.6320633619582005,0.21436225733372813
5496.046063870796,1.2306928100583354,1.1585332231235579,0.24217171095112697
5431.589979960417,1.1152963687040012,1.0455851724797445,-0.34627067391321154
4450.089298712403,0.8077928531108522,0.49696901173840946,0.1746512121728259
5180.122595502757,0.7188978579425005,0.9616041740972225,0.06625727903325555
4636.271539682484,0.429929345689387,0.5038637065719953,-0.4854174912664005
4662.734752526144,0.7512062468965415,0.5704492033716908,-0.10079942959832731
5086.7797406225845,1.2117941637507492,1.2784781587559129,-0.03404082908762565
4382.104488105348,0.9359785684303313,0.7861033289302248,0.012122951341837041
5845.102173110243,1.2407452200979603,1.3219591916452424,-0.3301456968300057
4687.908902281444,0.7950322323438619,0.9791234206852305,-0.1907538760461767
5232.852396381765,1.1267765400266407,1.3245565324138109,-0.15573593466210356
5818.920335480108,0.7706253494788946,0.7857198482670998,-0.13391892916493767
5522.157642202623,0.7086062484475402,0.6963203326114017,-0.12974936181320404
3813.756628116633,0.9232181957073309,0.8207258123631509,-0.033158227728620884
5111.427126506919,0.7837583721700008,0.7039795988899665,0.07740915377760438
5395.503576122453,0.5642944627406968,0.630529575065217,0.4435564311286449
5424.304115512524,0.9044213248207517,0.8841413502997196,0.21772218838664162
4020.693616119758,0.9766088541078222,0.8192781953485795,0.32921584737743825
4340.075334087874,1.2670896528740168,0.9320455528009738,-0.1201889212559207
5496.190765019135,1.184201419283265,1.119927160887675,-0.25098078756073244
4266.767740522148,1.2549857998082077,1.0951110356163933,0.200356318886833
4590.21276033498,1.130089374598377,0.8510473154711531,-0.004052734971190087
5903.113066651378,1.0331531897374937,1.196941325252128,0.18257945003238418
4766.540524730647,0.6427637733820268,0.9510295394854864,-0.22057505614626044
4291.25810351631,0.9874680494838186,1.180546926727254,0.16214427469191056
4185.667850195967,1.0991984443327034,0.9232420372363423,-0.043812371602472915
5032.903530709632,1.314359487342609,1.2319309718771698,-0.11522524611706736
3866.796394065954,1.1215721354329533,1.4338311024885388,-0.0916889414125029
4626.864825272507,1.2600958586513553,0.9207292101519315,0.12260835431196937
5033.261374493015,0.6920005271586902,0.8614655640323468,0.19353532908609744
5709.404874383367,0.8683955934629762,0.6345514894078359,-0.09160353943021436
5267.283656258997,1.0573376784153177,1.3977833038749319,0.08607745710583231
4300.154417412475,1.2402381726856402,1.085726355455818,0.08520409858329447
5624.893522294604,0.9136928385402701,1.345089008992216,0.1845842150079066
4590.3394737167655,0.9293885102127116,1.269047669638316,0.24672879832078845
3935.007884565414,1.1217850765007447,1.07295987711742,0.4528053468181782
4679.571048514169,0.6685322932137189,0.6203431773132301,-0.11629259663075305
5806.718440801991,1.3518511374558573,1.3223300687344879,0.3650024749150462
4915.668035045448,0.7302159767230787,0.7495899842508642,0.029268593765334968
4808.765305030851,0.4703526441101742,0.5030124496320404,-0.2737003013529247
5946.048151291998,0.9525167521306451,0.642865058728692,-0.16262112151181807
3798.051607061901,1.3746146755938913,1.1571254603806156,0.11649003005405342
3900.0806201630594,1.0966132825834025,0.8374693166474585,0.18094017798136847
3668.9074703232172,1.1377726357509081,1.2311083652991817,-0.2540669641819574
5060.853730536039,0.9603464405767785,1.1600503244651164,-0.19097106415455736
4916.545188980587,0.9119056256822057,1.066482057798675,-0.13327916421472824
5879.9154570958435,0.563772657601721,0.6755345716857698,-0.2158420054745159
4970.432553995739,0.3851534355239534,0.3866168554467072,-0.4700212475618717
4517.089988364488,0.9990680846102158,1.0403039232675666,-0.5548284282408263
4801.256411014675,1.2781372985850565,1.4098662806977245,-0.0954517788745929
4882.3951929226705,1.0360334262070163,0.9081093760316644,0.06301982240659161
3629.767108670283,1.1058998817630032,1.109651545864934,0.16389640168966266
6697.232151034425,1.345929386409885,1.2313903836620732,-0.3405835184936111
5163.909712671338,1.0321917128602645,1.3666799428251513,-0.3363347793481746
4947.005815615812,0.9193362249230951,1.0941585945768495,-0.13198215077608905
5230.614788995006,0.7453687985874837,0.8867981147966882,0.0008356132221429639
5296.587686410623,1.4555531407430213,0.8866737344437275,0.2521954000991996
4701.612560148298,1.08163694478842,1.1016002530063724,0.17943051729755496
4358.13120463151,0.7140995710201672,0.7401667830141058,-0.09195704278676574
5219.615480425193,0.6572080830496907,0.6913681948686484,0.0900388261544411
5069.997588372016,1.2632659317322281,0.8286156014484305,-0.21088480978254265
4233.076930637414,0.6906395758979186,0.5819098339821325,0.018586438912455813
5793.324927957085,1.4134585393755552,1.3010020558333395,-0.015605823258385837
5005.346425426088,0.26088430072732216,0.4173871337103972,0.351075572456997
5310.873553587341,1.3056487994474941,1.0916364330484747,0.12338877095636443
5774.3446213759435,1.0717237027904911,0.9724334310080325,-0.19269626150067568
4815.322174815385,0.9796486057642184,1.3340923434444718,-0.19013870645317044
5021.86640488888,0.9061353912395592,0.8693123507772158,-0.08327288322369993
5367.019066954282,1.4226824621485075,1.2916750564806672,-0.39111650111076923
4292.597241339963,1.1267647146003008,1.0748290399807803,-0.0575050945366974
4837.8361639922,0.7241990977761371,0.564603718157362,-0.03591480241209072
4887.884010655804,0.5202725109927796,0.6607087716233419,0.11663171974159293
4130.759013821624,0.9943243032868271,0.8654748575248641,0.15303133803721272
6422.345752071715,0.9497322166156464,0.9538084153537877,0.02472910234700974
3814.8945895553184,0.5700329906561227,0.6945409509204192,-0.4074981716598903
3891.3272674189893,0.936151618629416,1.3171233246317553,-0.305261632786934
5719.958602992505,0.8065163417314499,0.6200567499878001,-0.15127623089985484
5299.28637555758,0.9523225170766736,1.128038533808666,0.16307286215872227
4081.8246277634553,1.1314809029121005,1.295661066755218,0.15463099276866454
5225.102310571185,1.3231524868660087,1.0913955805503615,-0.06235956827369191
5827.495311498116,1.1772222590923218,1.2760459552785695,0.5
4778.81585968211,0.7696398125424486,1.0775880862881928,0.3903918962664225
6619.176030052207,1.0422287822072986,0.8755013352371598,0.3099798494629762
3593.1567323923755,0.965776780373006,1.0194935700533527,0.17516453864815812
5285.676417701372,0.6169677613422747,0.7345472043358535,0.11463543846042853
5616.569835354702,1.049558196173068,1.1505047231161885,0.09639400902776835
5423.940731123673,1.4141680844794284,1.5224860546779735,-0.4512572820906167
4656.950991348046,0.958106651046751,0.9984839930810445,-0.262821089198677
4596.690962592195,0.5514543300686499,0.6849517647343624,-0.055534196687149574
5110.90161976108,0.9575671677771547,0.7898273971778463,0.031968123852726925
5371.028140656448,0.6465719502566873,0.7286349703595388,-0.031114130710648242
5221.731405397654,1.165901376721572,1.0229379292384557,0.06806919530274955
5528.040523555373,1.0812162479312821,0.8026405666652988,-0.5258251374356598
4086.7910300532853,0.9072724866313141,0.8309009678543455,0.12641607570483337
4640.560314613455,0.8672089335360447,0.9403614240023406,0.01553438895299891
4141.988847513372,0.8969414245961133,0.9965624359564308,-0.046862489689576306
4529.7210567397005,0.9520686235855801,0.7175510455003007,0.23182800863173178
5510.654624270013,0.7569412446646144,0.6502108520691097,-0.2613833458423891
4875.5887445076605,0.6030617297496408,0.7639568454494914,-0.05922371315699799
6624.801414204839,1.234674736673662,1.304000186224569,0.07110460284962186
4935.384457032802,0.8536497558757604,1.0374218274394766,-0.2132528271524103
4841.784316405816,0.991760776042286,1.2651645891111882,-0.5008359945205397
4874.328043608151,1.0213204877918736,1.126428757042603,-0.2882600275863495
4353.533914998045,1.0305051199138033,0.9393505198655211,-0.016180146810972802
4759.514371335685,0.656545500725394,0.7305916682946202,-0.06225493591571835
5589.451618978152,0.531039958862038,0.8027850495673406,-0.004566512291677314
4879.779467689441,0.8028268688270019,1.3026812324319148,-0.16481921103086514
4244.57818908157,1.0489278831042383,1.1351816470591791,-0.32806595813828193
4152.4407656649555,0.7680125331314217,0.8963667618844889,0.034252064551981896
4484.85867583391,0.8612696615751916,1.0161797566452004,-0.04163074862159727
4851.704404087616,1.481824353437392,1.3762556066206209,0.15945872069041578
5635.5105748333835,0.48864402879886604,0.6951466095512635,-0.18692119573194704
3861.657951043494,0.7612415010223753,0.9660089702091765,-0.5052129977113298
4576.121605477871,1.424151017143482,1.4209661513964686,-0.6511149946125293
4901.017013604555,0.938850332001194,0.8903005669170625,-0.10036730362027003
3516.4059626593958,0.7735037086252723,0.5666204490171862,0.03197729052944908
4216.481201923516,1.24219222925278,1.3636991062536745,-0.05807813049045749
4324.07802218467,0.9638076091202777,1.012274267988215,-0.14128761308031215
4242.820738304651,0.8629229012389985,0.7576082659373994,-0.39784560328952356
4934.322681515153,0.9980922317593778,0.7728344070283596,-0.47234055117680424
4687.608273348742,0.7854727976543084,0.9333859849289939,0.09181869524864987
4411.299728179275,0.6956272342779803,0.5084546522141304,-0.05690030744737137
5099.573838586844,0.9216007680913129,0.9929119206360654,-0.09087957869001491
6006.152302352375,0.6972507599809982,0.875826310361512,-0.3854377387292797
5947.479561719227,0.9526733279491201,1.0677505457325314,-0.2415641499775028
3454.0597595563645,1.0386016418685846,0.9502118176019017,0.011276087377435132
5203.950528684598,1.1632651140129027,0.8465968780285483,0.07115398836626391
4675.383696955313,1.2319812463792068,1.3203632868314106,-0.0410600330187905
4908.6087400057495,0.848565874591937,1.0874436832159655,0.34481235654059766
4521.201876520216,1.0748536519847673,0.9380913776275008,-0.1438734739640751
4882.312040921041,1.073130861551589,1.1653596594108215,0.32171798037745075
4905.9851772504135,1.031954678953996,1.3498464805661012,0.05421669032299989
4394.733769855754,0.8301351472623854,0.9200184148021453,0.027033360571866477
4172.542716522374,0.6929830468839723,0.6865313391286092,0.23313067911984955
4485.913022166361,1.07550047226664,1.2806096981196156,-0.1560318368710452
4963.981485119736,0.5232843594517375,0.5077832588793734,-0.08230086479374063
5219.297439178985,0.8830401418579221,0.6702367555883976,-0.3058853915104645
5397.344284138103,0.3115922460878504,0.457350243533435,0.2338031303763508
4454.066983853161,0.615899394160434,0.6234669955058343,0.08387636030878234
4998.691197111916,0.7307165153881439,0.7287821218862829,0.2744483379761545
5473.751814367309,1.224181051907321,1.028233836139725,0.051215850786677376
5615.91642660089,1.122027006101067,0.9927974566273173,0.27576055379782927
4758.817002107934,0.8115163290394394,1.0835615234731715,-0.18682228106994545
4645.347792542271,1.1323424487824376,1.4718019292348203,0.2468099142426208
4933.786963685475,1.1719057408450992,1.5428803100343627,-0.09945373186341007
3995.204768971816,0.9098337879063195,1.1293421534135772,0.0006329840875609063
4664.473342275144,0.6039054639465774,0.7302916622016115,0.18208887833175344
5321.210478931191,0.8980219224834713,0.6547109868111162,0.5
5249.362990610591,0.9255268987069659,0.9047107382307283,0.20501321842776205
4610.812676945277,0.6418864022924435,1.0039513204916364,0.22858653373814292
4952.4027407610165,1.041761698232492,0.9432489880628346,-0.13634448863373647
4222.744761796519,1.0199529635755888,1.3235839658735018,0.03924949773989696
5292.444503757517,1.0612606749735467,1.060258811213355,-0.02396681683371658
4745.524994704469,1.0197307742918609,0.471687100997363,0.3519165336384063
4606.833983812703,1.1324607587787456,1.2461347796401498,-0.03648354880114674
4546.793314734629,0.9051679930317421,1.1572345459463629,0.33213546308733993
4755.974293170099,1.0004462768427382,0.990554313449396,-0.32541167667984755
4486.485648547629,0.850564928938617,1.0952081165111556,0.34969433126246047
5260.700125201794,0.8038751960945124,0.5596395162231539,-0.21535021162954732
4523.301516388674,1.2845624076905189,0.8832317446550392,0.21347103935520076
5915.074867219167,0.43905782461837584,0.5388362245804348,-0.2160826156173017
5825.647352436967,1.169189997288566,1.2413375896691483,0.15458681433266735
4175.919557101846,0.7948647811385848,1.058005777416404,-0.24064679012932388
4848.792988600496,0.7624904555892197,0.9078493822083774,0.25912023535581835
4344.540365064664,1.0153943710163518,0.7706353070741514,0.21131136648428198
4571.346705767972,0.5775975969122493,0.6720813181718541,-0.15017185606637456
6201.699227351358,0.7459942320134492,0.8860593441737218,0.14452112724737787
4584.700008018941,0.7377150883717519,0.49011431983821746,0.23685816208061455
5052.1582259542,0.8946504354537262,0.9068096087656912,-0.23082976340591602
5178.924905805795,0.7489655779598279,0.7402814964902201,-0.25850071106461675
4099.559439261731,1.350279671409817,1.105069104191224,-0.2678261827422197
4201.433167913557,1.3992541291244884,1.4388429226430237,-0.3032506750938992
3955.784340014317,0.44450161931298415,0.4025550939910611,-0.26902321150339686
4179.820486271557,1.0860806761914341,1.1573609919313292,0.23119705228833007
2804.9789234779723,1.1646658597693937,1.2561054886525926,0.13946245531599868
5181.20768055554,1.0857463005977763,1.2995260560468622,-0.42400054679790306
6237.935688879249,0.7854716267270763,0.6391212102373077,-0.1275417463515629
4903.474517325569,0.8889761094603645,0.6361508946003872,-0.28945914718082094
3808.611798461575,0.7629313363055761,0.8502802472507721,0.21538254912721191
4350.056531970036,0.8449339922102928,0.8238588487207652,-0.11241143404652058
4478.786208482502,0.6475087428332059,1.1163471485537244,-0.3861068557051375
4087.690655950637,0.9213027945913623,1.0224100265857323,0.042541266942644936
5402.1278468766095,0.5742995721737325,0.6491327186226341,0.15162302703284133
5367.182031062734,0.8999663614429656,0.8873680645594322,-0.23842460830960882
3991.183744327638,0.6378545777250588,0.5278636538956024,-0.06622897917035488
5307.556731113255,1.001704090447851,1.1142930694386954,-0.22559887116006114
5868.768864504085,0.7801451097642773,0.8068835728896565,0.3110118480296955
6131.790743660692,1.0226450869686343,1.0021295654983369,-0.10783953421798295
6805.648416160174,1.2203951820911954,1.1948877765357537,-0.18045954931560027
4168.605145389762,1.347361734026177,1.3255274760276752,-0.012831373462285672
6776.954298476642,0.3179988527448774,0.2607877510700065,-0.05188733249172701
4552.055528043848,0.7414514765315543,0.9189409143866971,0.17212334846650085
4385.27418123364,0.8742284807219964,0.7460191699064277,0.304011806482222
5028.9506624144915,1.0650819545953707,1.0227005639554474,0.30590581275562495
4392.557066134891,0.5374113739613676,0.7649680319523302,-0.09547684014811872
5079.330898452568,0.7044768982999461,1.0245137049256856,0.07627840828691373
3875.9459685838888,0.9825893006642774,0.6506935248650759,0.37212497757261226
4632.873178555596,0.9712220603816667,0.9828199184355146,0.3817497020937513
5699.9075640531755,1.0444046016050232,1.0918818276160969,-0.2189765386733839
4760.057095998191,1.060918931722029,0.7323327160051122,0.14806130416083613
4899.117050717918,1.0346486082789657,1.192576604673291,0.10580139319295674
5132.681023302118,0.9984138291578731,1.021953886728126,0.23159688611117496
5619.463140522362,0.9639349433315919,1.0087498067344,0.3109043919594469
3641.342701467397,1.1161907724310907,0.8915409624195609,-0.2602440023235514
5209.166836286205,0.39016933335894366,0.5098723171271703,-0.17266957625864385
4612.302602530765,1.3360833717428087,1.4722365436776739,0.22690218907689813
4916.646526718287,0.39887948727991895,0.4915773993396024,0.037007688712496656
5541.965118833663,0.6802095457738769,0.6591885395430577,-0.5568103018889536
3964.0693440117093,0.8933098008374638,0.8340089560403932,-0.4165706105364499
4091.148890989837,1.1181532227724607,1.1416539284802611,0.1656432853247446
3445.1990282003353,0.2011832773000959,0.2799570703854904,0.20977773064291322
4415.588740765356,0.9429689190145414,1.1267685522448159,-0.337371926070066
5731.302641065172,1.1480987598539336,1.0095480889853623,0.27479189053196046
4715.588968068571,1.1986295290071192,0.8742905630431035,-0.0492868327729129
3861.91257304165,0.7756675853756353,0.8747532278862834,-0.25561853244700794
4460.024878797467,0.8747911782612419,0.8126980547574671,-0.14007397251213094
3758.496807556564,0.795962967776843,0.9637151545718712,-0.30568580651220095
4012.369728788187,0.8518313366184789,0.8809214684182095,-0.15397774584526575
5072.173237184599,0.6920433623178912,0.8424708929590362,-0.46722449272215594
3978.28867158578,0.7276869593822705,0.6181422356895091,-0.018458237249529066
5578.844013642311,1.058594230507092,1.0766207713620635,0.14677967198199973
4750.2157964187645,0.9829038433181854,0.848362936259016,-0.3368562418646734
4859.916292761168,1.0728966268976183,0.7996964484850353,0.004255067655736782
4605.138922674474,1.0035035974252091,0.830097774516561,-0.20116300704410467
5340.993486980607,1.1260846502868989,0.9799084608240002,0.16720020884105963
5348.211921443907,1.1695534995387487,1.4156544831992683,-0.5786017728247258
5034.53804633852,0.514570845033474,0.5205922049330988,0.1779722120122494
5195.352374135354,0.7364225873964093,0.5837960271832122,-0.454439149363255
4651.537231055702,0.8921560106274903,0.9367529354708488,-0.05248508655584841
5179.542104836334,0.9443306186281647,0.9607856093028782,-0.17722952912067472
4563.485557168336,0.7824773565454916,0.7409454217081856,-0.09017573170221542
4801.562135513682,1.1780059177470763,1.103274395322062,-0.3823476891943585
4607.749375443592,1.4449870920726495,1.604531550770872,0.41503441012844544
4479.947022476563,0.9965404888954335,1.1310012065519257,-0.32164076940258424
4317.621741594747,0.9710852580495528,1.0909358111026115,-0.3019134014939314
5127.38307270122,1.1623640637760828,0.8608919701619092,0.4487051462713794
5717.424138969424,0.48354006119914095,0.8819884925869341,0.08067540901891601
5619.771380168691,0.9571172351096026,1.1685501604064965,-0.3135641308651496
3920.404264838195,1.1947589563668792,1.2722119304832815,-0.032196918975961365
5702.442135984811,0.789211500699722,0.6347869929760063,-0.05893236732144969
4577.28904886745,0.6433598550245085,0.8358809266644677,-0.4219127093936577
5220.513110601914,0.9035485974750553,0.8296497683587798,-0.18956564850455718
4165.649267566952,0.9348286416995198,0.9106990807244998,-0.006595177968825201
4899.385939711804,0.7228369295211353,0.512033522645105,0.31660447645938805
5019.606228027835,1.4740403190127376,1.0253071711803436,-0.04720746080650741
3760.776645656243,0.8303259047480136,0.9373714278838523,-0.028411301903501815
5225.787016440932,0.6615851621433577,0.8631790630518974,-0.20379166774004986
5742.15450548682,0.9265946702323471,1.0697074025784647,0.2739726953020586
4677.74643802286,1.1769651594261228,1.287514941752666,0.22558043787523785
5752.1176915796095,0.9543535622495577,0.9508349653151968,0.1973336932453794
4667.214554583315,1.0713984800110006,0.9707669098779454,0.027959716267395417
5394.709171732632,0.7321223514167107,0.824255559839066,-0.3996433904759191
3247.00102383423,1.3219221116008784,1.4555353309836556,0.2716674747107588
6493.144445519424,1.0904277569796108,1.0727527666857837,0.014332436984445389
5846.82077167007,1.2119253922194024,1.4485047654561893,-0.07714788037158597
4600.762147022425,1.0412901581187923,0.9884690192365734,0.11211476547315789
3419.5376813493276,1.156221009432196,0.9029393888368401,0.05604742595700401
5001.619857813843,0.731736860080693,0.7772897828581605,-0.2672994983904749
3789.25211704837,0.8271473958276093,0.8773538246454179,-0.08019946537151114
5111.397476290242,1.2866201488890074,1.203306169951521,-0.4760231981039157
5088.0960034149975,1.339935486820991,1.5874574149328198,0.021506658649739416
4141.017781698582,0.6632336000702308,0.8359648701336628,0.332531941825285
5584.676916530065,1.012434016965953,0.7209034556389862,-0.44890378436711875
5363.902291964321,0.8422640498786931,1.1391794205676053,0.032157017452869016
5483.0763361019945,0.7757421326587846,0.36867181987192854,0.16711963344863076
4806.200392568227,1.0212099238388626,1.4544214639410509,0.2040892459311167
3809.1331531604055,1.235240733091352,1.1160934657817951,-0.1865474402052196
5484.510590547797,1.0629156183210484,1.0102134121558055,-0.27555768241625095
4610.740020604946,0.8701218875202412,0.8839334961975058,-0.14676299128063333
3827.1538997651314,1.07871529498379,1.1443470125902966,0.29771775748986296
5746.427556182029,0.8600059566047746,0.8862950126441419,-0.4273889113309909
6269.585264351756,1.0530285751826505,1.0143975741290194,-0.30399174876295265
4771.1263097145575,1.2991164251139333,1.5556194289689225,-0.1146923711314455
6311.384808222304,0.43071008517479303,0.5674004983436356,-0.2439178044780341
4863.920310027945,1.1493130746350082,0.9034218780200706,-0.010418183853509597
4533.680867083554,0.5652362696073828,0.7274060206805795,0.3536314848571886
4358.679082070165,1.2570819276361154,1.3267312060273801,-0.3009546117020609
5945.95768559492,0.7907435975317848,0.7383793909811113,-0.03659154412444164
4253.89928302856,0.645582155598379,0.8162630587868486,-0.002062742350119141
5314.688516982491,1.1238173067721868,1.0632849984425237,-0.08364656214199025
4408.585315458554,1.0410425157856027,0.9869169154893583,-0.39460624402030536
4477.785266197946,0.7002032742595854,0.7145000735910817,-0.15945638054422256
5521.174785778697,0.6367500607079015,0.35847281065866055,-0.15870908788744895
4533.974207597453,0.9031296281271795,0.8246281524729383,0.15837598890939453
4516.643234405795,0.6489782624572008,0.8085213815625126,0.10489482442462611
5592.963288022365,0.684631756769093,0.7352154766106748,-0.3879739373826994
5918.178105255136,0.9789051976053583,0.730397917999818,-0.09678408950419475
5251.282862298964,0.7085320914362258,0.905526607610146,-0.1250638020459391
4341.661157063236,1.0566348225066358,0.9826460648271194,0.4886738209293116
4442.574050491694,1.322535898970869,0.9450759703370541,0.07307829507540559
4855.940684618026,0.9128611462748544,1.3398271768818468,-0.26935960475763376
5024.651043347961,0.982537765496396,0.7783188211081962,-0.1941994806504127
4108.49386290216,1.4545241832088718,1.5868888928660936,-0.09463634979884734
5306.126557705905,0.6530997206556632,0.601761470102644,0.09059189384788549
4859.8593307477195,1.2478087987951854,1.2261929159222382,0.12123023654055952
3599.004176953309,1.2177143994781205,0.9594428806294049,0.05012066067286135
4149.751462277489,1.1635793347934458,0.8490533943556369,-0.05244131140906611
4447.109928443835,1.2729369626831577,1.3396391942697112,-0.03400008104758558
4748.9996178112615,1.0201437414896546,1.098444539858068,-0.03224230660352959
6122.495156852798,0.8042676261001831,1.0323990039907405,-0.4457274743214714
4966.71991429774,1.2236433228051418,1.1671513700648737,-0.015322905410920037
4211.459677070962,1.2332105529282238,1.7077257997817834,-0.14431351394859313
4954.441563015014,1.226328475373322,1.2404800681345316,-0.41320755519618274
4553.538576782284,0.961125520579809,1.0785933200687083,0.5
5027.330767673479,0.7709513715966683,0.5914803710158024,0.07782590149677975
5206.39738092493,0.9978405635279027,0.875667432449507,0.003275814569574264
5646.461453056757,1.1855575043919588,1.2649750850046442,-0.09278199764894736
4782.999453030982,1.2060879474649913,1.1421546973257233,0.18255561466217152
5947.272369319883,0.8425809682313512,0.9046753420780353,-0.2905750648017536
5435.615863775334,1.0288432240318475,0.8559527243180121,-0.07817607298570328
4304.792318631468,0.622805423878511,0.7013696719137544,-0.23804272066851845
6346.898966023925,1.1962375257514628,1.1814913181762943,0.1803907134178382
5028.896159289068,0.7541728108187341,0.6095658039989345,-0.20668528646316345
4215.412847219435,1.1463138398928867,1.258775346520704,0.2753319529084243
5957.039135861295,0.6626738556524595,0.47487057271200933,-0.024818846900947374
6254.444309638911,1.207853976608502,1.2059421650392614,0.19362252420676407
4776.882315396308,1.0304587975056925,1.385990805877961,0.09996472109271866
4447.444817737082,0.7546605760957634,0.9070302135965148,0.26481120849887974
4679.337529782437,1.1228390952701313,1.2450771176775741,-0.23379414900713083
5300.31220926239,0.8024095770486672,0.6880234338005442,0.22640579623666013
5694.499658521359,1.137388759361282,1.5006715062699287,-0.46564716330731587
5199.341131604501,0.8814721311548196,1.1529064859592921,0.010781690528421465
4871.206245930239,0.5197382185925843,0.492465824339356,-0.13648048307575367
5848.608239213099,0.7043959398797657,0.683793199179505,-0.35113534599875923
4581.014468863935,0.8423963228281789,1.0905525501319262,-0.2233805312483351
5521.6435368568345,1.2920472559371445,1.6684588592431284,-0.1601639315698334
4598.356041154105,1.1752859076323061,0.850103746489777,-0.04913792052596651
5101.716070607625,1.3559653530805353,1.0197313766380995,-0.13121241296229819
4720.506204646684,1.3634088040074646,1.2445966277381797,0.020006493384913736
4760.903472143033,0.8163122988522712,0.48098726716992746,-0.20753957889714245
4535.829437776453,0.9028782850602926,0.9250271197132465,-0.11921442525033346
5741.3978218264865,0.8471800189173654,1.0834340177142128,-0.07226651626021542
4286.951773324025,0.7821223486747308,0.5851483606878977,0.045524055582689196
4281.837423215904,0.48962632266588535,0.5791541596643474,0.2122118204593907
6284.695496091576,0.9463130704957894,0.8454854096378419,0.21341575176634472
5484.493295258032,0.6286086015722223,0.9160070058415132,0.05937099795054123
3130.4204109148745,0.9414570296164181,0.8442956043550937,0.10756325415139964
4404.318882552718,1.478942702390746,1.783083146908373,0.07796672896136884
3531.607463706562,0.8226637259173228,0.7532023580115477,-0.07866054396588662
4134.516514609321,0.9986935014070167,1.1530285980765904,0.22514575065446976
2603.039733636172,1.1766620964523207,1.1963868400365574,-0.22862027312094074
4704.107295614241,1.0200728229914766,0.9879285482986014,-0.5120363670759613
4000.640726587082,1.0231210469855738,0.85743099190648,-0.26037234668858905
4841.933679757507,0.85939939157798,0.9430837908674085,0.3507802037760717
3662.4151187822326,0.8920305062346918,0.8322381545599352,-0.07385828462441968
4858.038297220428,0.7099973694530429,0.6554449370439904,0.06853225154594189
4509.558605315771,1.1615112522223519,1.4592702788884697,-0.0684875041425511
5851.367075632017,0.514627085846476,0.6521143921355542,0.14041633220658944
5787.949803221937,1.1927720845955505,1.2996762747193225,0.017678166501594317
5349.741922107198,0.5990754038136894,0.6117380502481179,-0.017148002308063147
4571.3703535371515,1.190651818519163,1.1070464885017033,0.15344458376261128
6189.766276682205,0.8615456184469547,0.8434830197114171,-0.11641948465470588
3712.8753055121256,0.6420328279667299,0.7488458496012537,0.0930194456742629
3817.5089593054363,1.094824661269909,1.2131754270018231,-0.043680415269454015
4741.351830077655,1.1821918837689436,1.1363570143101713,-0.026856563303223013
6377.826676244784,0.8404803379741157,0.732253068659388,-0.20464937483081863
4658.362765190939,1.1301526371697332,1.2705892327176045,-0.05398891234656818
4671.728329753502,0.3787288763326624,0.462971769180787,-0.13531063756179532
3790.6627507217336,0.6198509275633499,0.4855207035245363,0.2824800446902736
5462.150709689265,1.2731022326171821,0.695025219272142,-0.42101791596469035
5467.223378030548,0.8940826814505209,0.9688034278117589,0.22231497286111565
5352.352640979937,0.48444666838778805,0.46710834751946123,-0.4360644201722455
4359.545529006847,0.7752834548895016,0.8861009035123232,0.1343039094024904
4305.305262138896,0.7191498818687297,0.6490059496000511,-0.20943255855310705
3894.814424716521,0.9085095671317688,0.9507811908645634,0.1415805660420852
4858.710751232654,0.8573122540480881,0.817209547216778,-0.030339752004041064
4043.7148695050487,0.9947329322345402,1.3446911068205125,-0.35808833897219766
3975.808446325498,0.9326334870968562,1.1254826513164513,0.33965463496095427
4503.416498162527,1.2899348137592546,1.5562272660023313,0.19416157746391083
4457.5906773710485,1.0561371499299173,1.0496874653491335,0.125793864249714
4423.415029824631,1.0644179027983964,1.2241055210341085,-0.1600924360969662
5126.511217788183,1.2412892809736304,1.2105617542838532,0.20277115336311644
4855.333461505195,0.8528078123926045,1.1391680146404752,-0.32081290539956064
4598.290778642217,0.6345306391603787,0.6848780322951276,-0.5569115306268326
4928.109049818037,1.2517425811580623,0.8622779709139418,-0.39058146729805027
4105.931071226758,0.9839604370270281,0.5925607326119997,-0.2304970090816037
4873.6950367367745,0.984837801974732,1.3174605454226544,-0.18870922102263318
4905.421744991244,0.7916675196174409,0.9089212939079672,-0.10871089221152234
3747.8671984497632,0.7957861667241056,0.9236564041810934,-0.09760830865490931
5496.985628059253,1.1616805846927107,1.4632566655250003,-0.16245957057275795
4182.9964063411035,1.1961639495344025,0.7728271905431051,-0.5290786930415441
4863.216859444505,1.1459558514366646,1.035173603401604,0.04803084190266204
5615.088218374689,1.1482404013613687,1.0641960474219694,-0.0661686883628338
5447.973730399708,1.0922573843149397,1.2324632894168701,-0.17408589613684586
4824.0333719981845,0.9828806825195391,0.8496533680379385,0.34950532284317354
4546.250697982552,0.9061550789197548,0.7021317057291373,-0.060541341138841104
5463.258336002897,1.2525809624853883,0.9075569719157588,0.014632933114043838
5272.286484466034,0.8565697823773916,1.086611295810683,0.1989625379457831
4367.144485969109,1.0424948034701866,0.8803198557646168,-0.37246521055687354
4243.574447098817,0.7489967505114383,0.7059549925504488,-0.005652513416975461
3349.351372812801,0.7851752407873873,0.9286637929383296,0.19813696350415674
4907.822289178511,0.8909613580356933,0.7843177532472245,-0.022832225674728042
4742.111578487121,0.749015405818209,0.52297967754127,-0.3258356466713979
5595.33396224978,1.149462956369575,0.7642509820238653,-0.1206188612363185
5051.338565436256,0.6129914371137426,0.6683455401034804,0.047246661435911934
5733.960435920883,0.9748074058452681,1.0772505778120947,-0.5267194725372832
4311.84504045868,0.9831270242105452,0.9465765638445748,-0.338165248775311
5596.705231677333,0.49730010542007974,0.6210979167288979,0.49338422398377735
4429.7585346267415,0.8397440448690978,0.5890926050355301,0.12114755692122806
5344.317243254591,1.0139248845120357,0.6986256329430239,0.3708676401790702
3778.8691252285143,1.057181998323517,1.5167832278335158,0.2165794253769706
4964.5947095563315,0.8989231978499584,1.1446959903613576,0.09849591079353243
3410.718440987863,1.119222051120179,1.2625873248352963,-0.07726980973587656
4613.003759840772,0.9226709356909898,0.8139256748524004,0.0953034685962043
5108.247795714539,0.9534132280187642,0.9167348904765636,0.3624910477155889
4435.322014138233,1.0129134672466384,1.0099785770392415,0.20638473079185737
4064.693659870823,1.1817499071835422,1.4433738763316437,0.04170257621169483
5392.282928507154,0.781070499396117,0.8867469218883606,-0.04308676729991095
4727.5760471071535,0.8282945318704256,0.9505652576981839,0.12458089686771584
4457.30054707853,0.7827758770676962,0.7945072800123073,-0.13301065182264274
4829.327144807993,0.8669505709645167,1.0334842998820761,0.12461860260361302
6645.668399361912,1.3065585645199411,1.3134067981207032,-0.1744888727490123
5607.451994847081,1.0931813298324555,1.0833300638921664,-0.08848022187135596
5613.801567731488,0.6672275637077895,0.6159482729485937,-0.2569263665541251
5104.8824232946545,0.7998882586028313,0.8174194740994912,-0.10994076102358205
4916.539690804003,1.0431918060691006,0.811071544213072,-0.1709319146215614
3122.742398168709,0.7233730547668074,0.7655778551820644,0.4229788477772768
4324.713757475807,0.7686649897963107,0.824602339134695,-0.22362393930694707
4463.597910758268,1.2862399165435372,0.6349003100474847,0.09620882390197256
3487.575555166727,0.7966560928817032,0.7953058283561734,-0.23672057983839556
3989.808946849196,1.1886667040073466,0.8782326170556088,0.011724009169029005
3413.414470354156,1.2638307973827345,1.326283530726341,0.07247885048859735
4773.173315011839,0.7666344772077589,0.911509112523731,-0.4627759184809252
5373.136179594171,0.7275093608607146,0.7091935190614206,-0.3494253720805505
5574.74216303703,0.8809669783797087,1.0027996022891035,-0.23866829780949578
5090.3491234554685,0.6778430698315937,0.8192718173221575,-0.325809218512134
4125.622561161002,0.9802584696256855,0.9389592152848134,0.021021300486379197
3447.5543890360286,0.8985870220366533,1.1997100950989958,0.060645052188716395
3570.1919104189487,1.0401450039715754,0.8823352130263322,-0.2657679888418837
3911.712195921851,1.2992358640582053,1.5957922031737974,0.031049609233138688
4177.798211375028,1.1543712451925798,1.0711779714162406,-0.1060196534428454
4688.17605140589,1.072309943853089,0.8790876733812448,-0.02486900839222169
4090.0850473111223,0.45848789675802043,0.4981964200595279,-0.1571058224014791
5037.283125567783,1.0608439955255937,0.8178691549197026,0.1219141831155365
4637.408548040369,1.3806569151761372,1.497506732747661,0.40873231423441936
4807.381998218718,0.19736937092162077,0.18551493664901522,0.1935835539046446
5598.175386869843,1.1223456357439063,1.4015401585855607,0.34834771216977933
3973.837786059741,0.9101603563108839,0.7538626349226443,-0.35070619577657297
5093.093204804658,0.7375512492442637,0.9150138339379719,-0.16892727556828555
4790.218740066749,1.1502821459779884,1.1239387728473038,0.14130895819950384
4566.559603321213,1.3774264751518326,1.3619542935895643,0.3770735437208606
5419.679424606173,1.1438076822094383,0.9820796708709627,0.1626101067266434
5415.309908189905,0.8572020121846183,0.9464075736736876,-0.2565560213434659
4137.4564428081,0.7141325438979609,0.7844970754814882,-0.10866433370472013
4672.487591299453,0.9861569084473859,0.7005615115531472,0.08335110914703524
4996.848177808845,1.168292323095397,0.9145000825896488,-0.04116488040768679
4608.895276384191,0.8532367434415681,0.7854737352705485,-0.19969311442959267
5209.514932601459,0.8774042520873008,0.7646590523820724,-0.07256361083610753
4996.834412537193,1.6555000624595997,1.8717535037809865,-0.0036090046898947454
6082.792868249209,1.2196629864899315,1.173817805005462,-0.2712303263693947
3728.8046048491487,1.237532169598408,1.001208110375323,0.2461272681341837
4714.294807176821,0.584928523485297,0.5872386616257081,-0.10990370563975992
4164.048241941467,0.7732028301766348,0.7318908404517622,-0.018144056577698586
5222.87521880733,0.9686704098635597,0.9186954056044476,0.2587631759309967
3667.979676968119,0.6997156105287126,0.5898892171703579,-0.031249666526488844
5042.41889715742,1.3500993247223234,1.0644590112463197,0.24508970711039724
4358.966098056161,1.3025780766476613,1.4249294266663513,-0.2573002152291816
4286.0866937152905,0.8166136656539865,0.8819029765154771,0.10823897865407077
3787.451257521519,1.3959796516518712,1.2660930882156467,0.2098305889284885
4474.446837659296,0.9489369758200145,0.959439624864312,-0.20746699961976225
5559.150371203648,1.5973474293472623,1.4412655712871245,-0.04459239809160132
4782.367921529364,0.9861715326312591,0.9475589792230086,-0.039418896157645066
5239.376292512132,1.0940481875821055,1.1856879144404404,0.05240980428742663
5965.249275376393,1.2999758602923897,1.3428556328830967,0.1187004043349421
4984.628909375803,1.2694083374519523,0.829816209507033,-0.22780154965557767
4408.840299556361,1.0776830165339732,1.0337426951904114,-0.015013714575329434
5127.076550627953,0.914714920139041,0.650734682757521,0.39782954339364485
4418.992697579995,1.0785331749982798,1.1973888396846826,0.263469197906201
4446.904121691981,0.7459539570309712,0.9124304244118954,0.19846096131095917
3736.075040266711,0.9880334297160289,0.8694302878661292,-0.04819489948365801
5448.380243759075,0.6726731168755012,0.7111830793628579,0.5
4529.798197045393,0.5047795899799246,0.33434341432729825,0.2574535471265651
4927.468772071104,0.9626066910348607,1.1586875178919982,0.009354716982358086
4074.826649975352,1.265569472667918,1.3787009687002765,0.055102678897675346
5105.163340800831,1.1814511603990148,1.4055417516961053,-0.11471241368476029
4266.641133305441,0.9295219260685978,1.223632727862009,0.09834292278957639
4700.803894808723,1.386747424543874,0.9809509796177246,0.1482687584317284
5414.478221867388,0.8077346522883565,0.9926954449060947,0.17565202113677425
5353.5315185627705,0.47054183455049414,0.7089848833879043,-0.04517097304761195
4784.578949238142,0.40447467644975943,0.33984695937623277,-0.3684248344069179
3562.308277105297,0.6547022648510707,0.6881819539591759,0.06044708654495613
6894.967399042449,1.1541561858155571,1.0400186028912481,0.17669837648265158
6022.101279191195,0.7912993291331534,0.9710996341590203,-0.24463833508879954
5305.872377421809,1.0652396604643255,0.548241731364737,-0.022708144498843195
4272.75735288632,1.3615708458959943,1.7449744681249666,0.33536645631009826
4720.485486808625,0.6749757593555484,0.7137465359922035,-0.30086876451751116
4419.605699156438,1.0696249329489724,1.24867755465982,-0.07093358744711604
5684.699157367472,1.0847407681639305,1.0543792676397672,0.3717847869845874
4983.752023596284,0.7348155028817241,0.8584461576887706,0.039428838528442506
4251.085299148117,1.2885527313112708,0.6561704318790971,-0.13150295706005988
4470.4714306126525,0.8780732361126308,0.8318353304314108,-0.0017578982776017924
5584.831699798933,0.8540617547717476,1.0308869583550684,0.20647928306957022
5920.068492774335,1.4779033046044932,1.445767309290522,-0.050876383795939215
5869.832094440372,1.0806916855916795,0.7157128782025327,0.14939552873476877
5329.922445537784,1.1813226374213746,1.1566384182725347,0.0587475396689363
4623.162591838154,1.2887232328804596,1.0243884054216692,0.07926960258715997
2600.0,0.7873815001351957,0.6763750844866007,0.16538537775203319
5008.012016665755,1.2624552742634196,0.8384851750419144,-0.0737070207433232
4798.719868809129,0.8245264712505824,0.9630076235914447,-0.23612768821807173
4897.987467424948,0.8138441526654256,1.0368559294604438,0.11859890136177621
4837.728142923244,0.8820000069229659,1.2879339480528922,-0.03310102819419236
3871.6164866355903,0.7944837912637612,0.5866436529423191,-0.11202780647834598
5190.18598979583,1.1555391081642907,1.294898390745071,0.1315963223270118
5242.551419822295,1.016802663786264,1.1822901503176502,0.3193367702984241
5277.637147441761,0.8271938963457217,0.7594313675104987,-0.03864459575469612
5462.603902501371,1.1186262582887054,0.8930912986492466,0.002112384639527451
5222.836151445136,0.8812043906534135,0.707523272793915,-0.29544180478159476
4512.979411922763,0.8679824074088308,0.7987361368683606,-0.055673652102967916
4750.414206458737,0.9621709712253859,1.008913736524263,0.05532261171271238
4863.787407077364,1.0658650889165542,1.3386176594487098,-0.005111024671934418
4875.389614374633,1.047461912344355,1.2672150552294914,-0.09053895821352566
5498.752359180211,0.8591877044367924,0.5995226759941898,0.1814604175333917
5250.568127115744,1.1617778018598506,0.949576290474931,0.014501919644572474
6254.1404076989675,0.894401462230086,1.1523164290174177,0.5
6344.52828591927,0.7862538778478202,0.7043636684064344,0.051929816214025884
4855.7547078297475,0.5829945878081622,0.6420365703220877,-0.6866257131726112
2600.0,1.1957946202497554,0.7602783199625801,-0.278007902183786
5665.782726289087,0.9530975190485018,1.184211135441364,0.13302981981742587
4421.736562709062,1.0027180896276287,0.6187926226202185,-0.16082744998528253
4238.961254718295,1.2114507289248788,0.7827993309814585,-0.14530756695738625
4521.0883075074435,0.830648442100546,1.0432246068138238,-0.309807460988182
4487.349867229776,0.6064001878814678,0.9275715566304601,-0.1191831176625822
5228.588867073775,0.9674451755538046,0.9172667340227453,0.048481938968571135
3708.394954611642,1.026990388020074,1.011960254693286,0.09645892859697991
4045.595477945879,0.8842877334599067,1.0709419055343716,-0.2549739128744431
5040.2109879381915,1.3184343945190422,1.319736267727081,0.20135152832912137
5236.060821289316,0.32845835806966084,0.3797460544137694,-0.2978422724512306
5249.079151455208,1.2300141594749456,1.065546000596006,0.10948902724781195
4249.074604746691,1.1477884125910565,0.7666882840178671,0.08426169365917456
4115.214045513632,1.0641926944251148,1.0999985597474808,-0.2335895462586219
4445.355616348456,0.1160246126327259,0.17521932845702162,-0.26332888152098927
4967.9109265993075,1.270972195817567,1.1053727646211293,0.09557261015122044
5839.834158490785,0.6933914723410286,0.5965896302503801,-0.1399706296506727
3366.793969960475,0.8230770054041533,0.7016329771175698,-0.047624836327473864
4645.489870129143,0.9073518338024827,1.0395884459767948,0.17183395447869776
3867.1250912823575,1.0518545086629938,1.2248833155678538,0.11978429030774436
3643.4301258525575,1.1098570105481373,1.0158477080160973,-0.22898612877364283
5476.869651741372,1.1732101385798241,1.0380329510011577,-0.013394797574206538
5181.237202149537,1.153963377519629,0.9299289753965527,-0.23367880047320946
5114.603461163084,1.0132318010532815,1.1999162368261014,0.21748473748908417
5444.718087811695,1.0539806647643977,1.0494217545066191,0.38412921607042516
4464.196772263705,0.6773115710444384,0.7860773588445268,-0.21127382879834825
4497.153738566531,0.7622432982952444,0.862473383979238,-0.007791775991590874
6330.011431705801,1.173865055918708,1.0668666909577726,0.2293652528327774
4627.400262018298,1.1593023716821702,0.8632010540839924,0.006052752082075249
5314.592479137864,1.1309498541111052,0.8836174839947306,0.14037632184510657
4804.467078674321,0.8213958095858681,1.0470866588803283,0.01290158287773581
3506.219028945109,1.1776230329859239,0.9743200128077932,-0.26420092697177733
3368.7596973391123,0.6596888868799105,0.6580815763455881,0.02973125429446793
4394.711046042066,1.2193399524655681,0.906040924999523,0.28182090980826274
5539.270876168992,0.8847822996885274,0.6861872268707705,0.0785730174518949
5351.804159645202,1.371042601585158,1.089172942785101,0.4059185709472985
5439.854014956823,0.5696394769836287,0.8527716687918278,-0.44287596475535673
4109.06767474458,1.3908510114796304,1.4733987510439885,0.09476186241005159
5931.110743085619,0.8596339177091346,0.7926842450479341,-0.16200199629579462
4124.574689869531,0.8551301859970639,1.0734079453670156,-0.21890779028144305
4948.977079068978,0.9987097047463992,0.9685393016212283,0.3336046521429322
4792.7533970645845,0.7757302717998258,1.0372155981615268,-0.06375124442234478
4678.288325779789,0.9319177496744232,1.3632375572303543,-0.0878863153333253
5737.014496806924,0.7655934336822863,0.973673727824223,0.08589397127972105
4306.422635883828,0.7747341172552031,0.8307264745736832,-0.5381296132615753
3855.27632100165,1.0717214875751429,1.2048079278659438,0.3387164849709172
4813.996840344494,0.7246086261741209,0.775157405368314,0.4761075785285338
4520.121285999431,0.7579514412486295,0.5069671293564604,0.228778361255558
7164.168043357852,0.6068021875633978,0.5827669659966318,0.10299743514284934
5273.555233507983,0.8240173300096651,0.6935270261578919,-0.05414385678536648
4513.461597346963,1.2779005074309804,1.0520438864827877,-0.2688030796955455
4060.7219015690393,0.7385165899742578,1.0661608701680183,0.29851595393319097
3483.798112601851,0.7670916837031896,0.9904025801951866,0.22908540581721784
4082.346639983797,0.9984804866203838,1.0868539596044562,0.11252906372934637
4880.459240231392,0.8573008915501183,1.027750856490058,0.0834072223620855
5799.130056116339,1.5070386083374125,0.86296791779236,0.07514810346632667
5585.182399671543,0.9093680088309358,1.061790098899332,-0.13148417994733216
4960.366382152466,1.0338045865543428,1.2199435519771653,0.5
4573.782634008261,1.1859421961998304,0.632746387053526,-0.07140588513057987
4988.168649488508,1.1811444664657127,1.3173147602305224,-0.10667604836960971
4436.953401760797,1.0083218953893447,0.7199426798547656,0.28015157801128737
6002.854797034713,0.9097181283284996,0.5618201815439199,-0.007301443106086954
4667.566873107444,1.4560071340948142,1.7088810401479355,-0.004748628813210097
4739.563499227291,0.9250599311714333,0.7503430550343867,0.35364234301995096
3248.9243024855323,0.8395774738928798,0.7449609007098142,0.16965381138759408
4663.195607434065,0.7885377529264953,0.9905722054699573,0.18235463669357319
5385.538896575459,0.518299199323311,0.5550191673002491,-0.3544276235481795
4052.5941960730183,1.1554039380592909,1.0820546801611564,0.10013504465226161
4274.495765855031,0.36298290072479333,0.42657097968550284,-0.25140198389871926
5354.897712413565,0.9485692897737698,1.025283713147086,-0.11374850168623049
3766.3399435373626,0.8987848414321536,0.8766103186835534,0.0439103173907048
5540.460705279343,1.5099912980578618,1.4222665019196943,-0.009052450518896166
4427.499276878829,0.49208719282159336,0.5099559097021019,0.16355457650719304
4528.002245656158,0.7247241782539107,0.827312642441374,0.1926749129604025
4013.285116412084,0.9159758853295876,0.9907086372613672,0.21140845982065554
5064.632382299518,0.9006176656327078,1.2687567540218394,-0.3360502357850404
6521.910389520566,0.8126138522974887,0.7824592682441625,0.5
5347.048067622442,0.9297530226494581,0.9086478992069127,-0.00614471719396797
4195.0003166416245,0.6351093177825646,0.728689679507769,0.3032333384168025
5594.934409844033,1.0392982197487348,1.2302446903000699,-0.6285782119456497
4578.324317846025,0.3696286644806054,0.3525682212111392,-0.06633219994092636
5762.139486999292,0.9435576610306857,0.9743598561942556,-0.3651705244177358
5364.673481515054,0.7999108264341066,0.41690932596096614,-0.2153413424897546
2739.800904169787,1.2040719856891589,1.097166198175566,0.012638937895954109
4097.14425693148,1.388827767658326,1.5795466924011052,-0.08368735963021491
5461.069655984773,0.8672369578124105,0.7627114421410084,0.3285042517827709
4906.160090501512,1.2976814822853577,1.2753489354626155,0.4422479992433378
4083.370836604505,0.8709709298423973,0.8006574803030354,-0.24170855318300802
4356.4873391543315,0.7084683692177274,0.6285638715165294,-0.12194129134196505
3465.6343659374334,1.3864759080464049,1.5511088508263646,-0.2577720595580212
4738.138698731523,1.0801941111835016,0.8412973489144329,0.28897504485436387
6347.482808211035,0.9511096306524536,1.0169825599961981,0.03976090118093695
5363.453373512628,1.121794368774662,1.1639123665502322,0.00808279249058697
6333.291900831897,1.0185537587825417,0.8419317704747513,0.07811660268183379
5417.677962852986,0.9326951480146205,0.9752325013061914,-0.07779272276232822
5519.235540346885,0.6183912931730009,0.5534862181868021,-0.2141175064591324
6181.855081421517,0.8823658157096833,0.999146033497485,0.012763688447699208
5064.084281539558,1.1058138558646182,0.7987658839740194,-0.06675209125935898
4668.940874945184,0.9193071435782973,0.8714072809343819,0.08675601931867036
5522.860261635408,1.1755814402825964,1.0806182406581628,-0.4079946421300558
5817.68816598532,1.0459137559666971,1.2672955748753916,0.04658964567832285
4464.024750101454,0.7304659204786482,0.7996072460902219,-0.17231150145084392
4294.90164236198,0.620207010541969,0.8127221236005608,0.037826234353388895
4897.199222701616,0.910705375017458,1.0308422828386685,0.2262724023426877
5382.0492068521635,0.8189428879738531,0.9457863868249858,-0.13906193777880083
5358.663734063093,1.0340804524054215,0.9589821457908224,0.2991801289425451
3803.0826798686808,0.7704655853093175,0.9774497276698364,-0.43519064625240034
6138.124246944325,0.7961519185612806,0.7739323975386333,0.3859572076303466
4351.184549422204,1.213267429398728,0.7634246122863856,0.30962351308697855
4614.454502177994,0.9870507421569744,0.9471152681608191,-0.22164740897761537
4168.141948008526,0.7743182336431768,0.8888715847929841,-0.21955635302876472
6688.830185155961,0.9544104521837549,0.65380751643537,-0.3737389882723041
4969.449469201577,1.2947278107504205,1.0118865273935678,0.23034469803016008
4204.317443522905,1.0234466720686806,0.7679902885172579,-0.08260270317054937
5404.746484973712,1.0982377023562824,1.247439024634124,-0.10094247501470155
5338.395045517023,0.7619413658681393,1.0736912706145019,-0.2807037406846476
4668.591083494081,1.2066048442836501,1.1133836429082025,0.4529934736088569
5388.424698948368,1.5295255651159505,1.5542493290655122,-0.2431902324124682
4222.295627418395,0.7521330893717866,0.8767263241532874,0.006041534681309103
4454.957207535524,0.6545265064070026,0.933823434558096,0.05399242743142364
3392.848341803756,0.993885560958787,0.8652336602231319,-0.09966779571057637
3873.234241046306,1.1688762624611027,1.0831378196310135,-0.1502226789062718
6065.34156396948,0.9271525819874347,0.877132576464316,-0.0923153610933654
5949.000039405621,0.6866984009893342,0.7514676626836815,0.14133333318824884
4846.052054054274,0.9228539595549025,1.4074971998951171,-0.08676428875296818
5964.052013032886,1.0995230681943635,1.0855041389971454,0.40638642182488227
4687.947859374187,0.8482420432634852,0.7267761745143362,-0.19425967145089887
4629.612788202465,1.1018137544387303,0.8311313732067511,0.18852668816758567
4839.55745392589,1.2411776963099774,1.486486393656307,-0.4390996779586401
4712.554883273504,1.0100576564426118,0.8348058155063964,-0.1942312587089972
4649.362573507874,0.9430130571804268,1.0807761035059193,-0.20407304151980346
5600.378675004687,1.1573359813065704,0.9712081915286148,-0.2759783832909151
4905.094957769342,0.7359747931406924,0.5842706666273214,0.07086812681390114
5298.737235103663,0.7113225415767693,0.8536391708184536,-0.027546798398036528
5521.966367694132,0.8833569287677536,0.7913094946128213,-0.5697069294632263
5071.730056958313,0.8270301362963831,0.932139429950705,0.4988838598131281
4120.810071864233,0.7491645061773811,0.8729669767138363,0.04400404858594074
3852.9938777251728,1.4076171187496935,1.4582039255214616,0.00029433862893632283
4904.146444365114,1.492998302373573,1.3040929184372154,0.32752971214924637
4680.1205866225455,0.8615737394361044,1.0094500488911489,0.24721522234787516
4861.174000244086,0.9729297374370913,0.7977819628974255,-0.07454332347462457
4788.76217252599,0.9030392949840522,0.4692867784555272,-0.4881282649252919
6608.501562116597,1.226874810029539,1.3442184822866952,0.1410964113213663
3868.841621051063,1.2764113904600118,1.255863700143576,-0.24071154368716316
3407.0376111252126,0.5056840503275883,0.5088504700008931,0.309816114647356
5032.663783463727,1.0690027000164064,0.7444677614614423,-0.19404091564942316
4536.504211788263,0.6232946647097128,0.4060487520833647,-0.11296672379749347
5021.247508810966,1.3895680394688195,1.314544000019028,-0.3357952736598348
5208.718115598801,1.0600620075525995,1.3932766668355314,-0.3155738402507085
5698.8732866252285,0.7441626154093409,0.7675902246996552,-0.027268845174726518
3744.941925731243,0.8896696530155367,0.8449013232095979,-0.050564882123233394
4410.2974714999855,0.8777556854334604,0.8965555072044988,-0.11897065338021229
5100.132881216535,1.0812782357214539,1.528467913772598,0.5
5339.324516981059,1.2104781510443696,1.340316011404792,0.15091159152997705
6335.41468520187,0.6629481770070724,0.5853645261117301,0.002560830731563187
5468.992779779707,1.4096886252280285,1.323526970447226,-0.6893314375674332
4760.247982879606,1.351422526955211,1.3570274877715165,0.2064420571735793
4176.694972940137,0.7311691081022387,0.6139653379578212,0.5
4404.997103096686,0.9682004485905773,1.1224308650285097,-0.046987563880510765
4385.108023930025,1.3777021360285788,1.0808318779051678,-0.2026281307830455
5258.6635399596325,1.2582296466693708,0.8385822137384948,0.040831163685275285
4979.898211910081,0.8658142424880261,0.9046963039913571,-0.3578521831630531
3873.445300410475,1.1535849536419682,1.102667114709571,0.11551513606665557
4494.868971636697,1.6992995729297846,1.528013489420653,0.37505474098431096
5414.283287415994,0.9762899954628029,0.8309653676822956,-0.16773277513359092
5046.163648481841,0.7918379371399952,0.7259486762497979,-0.15966019569148435
5198.0512312089395,0.9931049630228498,1.2189237188619406,-0.01992395718258517
5068.0451970400845,1.0116380238743294,1.0983371436654519,-0.12530480797443444
5938.501514226202,0.8188658152499755,0.689177682437774,-0.3780793019689481
4965.230144677059,1.060406266953554,0.6391582813898418,-0.09630942314613793
4529.784041490511,0.6363997350681246,0.5692041910391474,-0.14675230482700868
4158.971471206508,0.7836165332478302,0.8486628372278823,0.34163871583356853
4974.726620746798,1.1395611940386994,0.9698610887331954,0.28884367969666946
3091.507189657441,0.5112822871144371,0.5017083110590983,0.3493282438117327
4670.997698717101,1.175791897998694,1.0041893876839016,0.20043125042417717
4655.91209805506,0.4470046585735742,0.5174733324548367,0.0514457278702689
3844.870402467903,0.5171688552809213,0.6826707810303423,-0.2186020068610925
4150.213912940802,0.8252553142360286,0.8575002406658845,0.33152890691303283
5366.760271103769,1.0217159607048376,1.0299375102636341,0.08694735918605924
4961.498224352474,1.281315900781847,1.164504159328238,-0.312007586933763
4871.251833595129,0.9644056907898988,0.874404509267284,-0.228467048046978
5014.443273752416,0.8883615981060025,1.0723330627021683,-0.31593629551588737
4864.839311564247,1.094895311996201,1.2348712228536223,-0.513007240154147
5670.003794000821,0.7322752948830163,1.0981653954101827,0.0971305462372825
4886.400427192554,0.9848537898366015,1.1084955343970562,-0.30946884295813676
3779.250820326875,0.6501384355111599,0.6379699011427069,-0.18898632020768763
5941.090975412088,0.9706476292188533,0.7997792991969884,0.00970990716194189
5059.238187130192,0.9175409185376491,1.111379131257764,-0.04697323097181322
4387.522388443453,0.7489330196376456,0.6641729774658103,-0.17836046033204273
3922.618797193487,0.9912601591344348,1.1538160240931679,0.37973225326543947
5077.139954670632,0.9896374132899106,0.8409797644038183,-0.3816636229380873
4717.979596517937,1.2438635030847838,1.2738949996906759,-0.37084153708760165
5901.902750222686,0.548591649234303,0.48747572447924453,0.11446097689713425
4557.86490353322,0.9309877730757393,1.0917027433786053,-0.15653324108765831
4213.833447222273,0.7599344000741302,0.604740504248949,-0.1663119441171296
5427.05735276515,1.167440514544073,1.1936364195012477,-0.26975900778649037
5447.697324901782,1.1384780162980332,1.0654334967442884,0.08455029661924193
4918.055957327137,1.0769699612671553,1.0827217104733593,0.0564079686532824
5273.449933372436,0.7740416854826342,0.7502314991927966,0.029780777168361857
4773.6190154804335,1.1713676457350237,1.0397291551351147,-0.1457392303302517
4963.705570706473,0.567467267814167,0.655228658947577,-0.1877574008528263
5615.493617794746,0.516172324101807,0.4710787624617366,-0.04077345964296257
5237.722833815053,0.6310322500245189,0.5524072532203348,0.24163495230912801
4681.507893167162,0.9416312974182734,0.8846845172225289,0.3920398495341417
5746.653782148305,1.1187911002470734,1.0069915189200545,0.27783882825745776
3144.6012390459414,0.20599188149761882,0.22572713078794399,0.1264343354739916
6236.451317995355,1.2806857079699465,1.4441584142259816,0.24554404320963324
3605.828633576485,0.9827780490446085,0.9202271067434522,-0.29548396747181127
4361.035022659393,0.5580569131025561,0.5986802881339534,-0.17844256864644018
4771.357725363452,0.9752367425723952,0.7199071626548631,0.13109962642521622
4697.463530490287,1.223131353669605,1.6616071945260162,-0.029540216762108107
5504.487728018588,1.0998602538265647,1.6029403707738037,0.08437659487158643
4059.514366972836,1.2247682656384915,0.9925321097508769,0.24486629775597726
4982.536772238144,0.6084383426507223,0.8367936910916975,0.20600707110770647
4395.251531246172,0.8464986912153988,0.8591165696942796,-0.27274087751654935
5006.598685536192,0.7188269423691169,1.0141948131140484,0.002961076524635315
4754.659418141487,1.3793950512610795,1.380434223808347,-0.23020564546534644
4865.054956878084,1.1098407108716575,1.1086346284113546,-0.1943295096600209
4415.052617274958,1.6617523972394102,0.7508443739029705,-0.4277172512716549
4442.955234932742,0.8330976166456932,0.7122473574157562,0.033400110588637094
5001.090759819199,0.7688314470794237,0.8136613109226192,-0.446193642283008
5460.600854029231,0.9142933403512123,0.9678106079592447,0.09853330971304435
4381.2044660615065,1.2945893053556372,0.9307232669485386,0.3396119027456928
4191.862718798963,0.8584700776561631,0.7560716054060339,0.13258402974512828
5229.422115970286,0.981109399476736,1.0938721810867758,0.012972089458939996
4777.247274859617,0.9741726757217049,0.7083729299052343,0.383612031350774
5381.348693790166,0.9598741903005473,0.9936523125723612,0.08186142434239023
4165.941950640196,0.7869003848843805,1.0299305419813638,-0.2156858298217173
3554.3927522035983,0.9156772330224083,1.0038007358449919,0.03127661293278852
4426.897142721566,0.9049743496621605,0.9851742608504591,0.4899228751485374
4263.553173514489,0.9481088350813377,0.5710981356633479,-0.2731597086605794
4744.84811994379,1.185879204538177,0.9577228751326827,-0.34503096993368193
4354.208350010727,1.390157008656123,1.836237954998865,0.1537271618353848
5318.711865935515,0.7398913093325732,0.6916712540512153,-0.056013291990771714
4598.294816304238,0.8520015938030712,1.1022169507961541,-0.13300046887496306
4905.332149141731,0.7437470253984533,0.6927100902417114,-0.3147948550504599
4910.3441909086605,0.9967753843055681,0.9419987587927042,-0.4875280594966861
4936.468564688531,0.8154126356222557,0.9369656561216586,-0.36410750970785516
4783.109622681519,1.009949208435497,1.028250214034319,0.40373138133184
5157.420483287219,1.2259067276111968,1.2667773448400013,-0.0022185607861194495
4243.041406321935,0.31854207854884786,0.3348936729012702,-0.49059112051335935
5779.592548657718,1.0729449724001727,0.8175205976924337,0.2960214845796909
4634.423831642025,0.8349532377755302,0.7122583648739677,0.3087084917534936
3881.915603470923,1.0651055669960972,0.939780347725133,0.307308488920709
4931.651349894241,0.7258826405624499,0.7384259087657845,-0.10563282737099997
4204.17366228676,1.2490652470767187,1.4425772591999129,-0.06720265293564291
5265.734174156212,1.178320154510071,1.1601964398454112,0.0344069659270211
6346.723903229664,1.0920880371356607,1.1770118774329474,0.35026162699867097
4249.399535909505,1.1483064294525245,1.148615322016287,-0.1387252547721585
5032.660633256789,0.7635948832069566,0.6261276454117317,-0.18860331114517853
3571.146087906761,0.7950940613276775,0.8352802931973985,0.17391921708928965
5117.733660608943,1.1381090502043698,1.1380482333239104,0.30231368346241533
4180.000340140217,0.7580677143078469,0.923024206417081,-0.01319767355413935
4362.615767095862,1.3114087616645218,0.9767175956506254,0.16760997695048482
4029.0994571121205,0.869102232179742,0.5290760618443902,0.028111691018508307
5312.505858238315,1.0754735974651555,1.0973020757147964,-0.0628111515261303
5505.1130502312835,1.4748123798137724,1.4611190889520003,-0.20731954962146285
4816.3696502609555,0.7734441614829808,0.7850108027979331,-0.2884649753617372
4194.9013062649965,0.9671904377111956,0.9791216762757134,-0.1536915154426284
5912.6661252727035,1.2135457911593268,1.3726555656728054,-0.24401479646713078
4274.71291057174,1.1878193472191327,1.0423184070997318,0.07087063326485749
3286.577390050793,0.8680461724401605,0.843201354797209,0.3043864418541967
5120.872306969948,0.8208173906195364,0.8673783227120692,0.0510023378427249
4026.6577284509385,0.891716016863737,0.689801828028149,-0.23017583492166768
5492.026155449423,1.3119644415378409,1.2048679859305254,0.2138442702564899
4533.203612328607,0.8802235359100133,0.8914605146515847,0.07422037402492712
5222.599268380937,0.9695289231208662,1.294950570323363,0.12370650517794507
5781.050242586511,0.8433033822691437,0.8205196979553608,-0.1298419277705906
3953.7987947654947,1.1263871411989967,1.1438904262184912,0.28334414307962313
4403.844008375316,0.9888812593959141,1.1731825497099584,0.28206642454473874
4747.030249140055,0.6991415473104428,0.6252272886247698,-0.046016786164609684
5876.285923324041,0.7077939714912513,0.9671327896549452,0.179612961650731
4339.1320974416885,0.4503486083611232,0.714602156676249,0.275372288017917
4383.847412835695,0.742169647718596,0.78322288914943,-0.11634305652213019
5134.698402889066,1.148486450908043,0.9966012765670652,-0.020309661908701176
4395.939892002601,1.2809401345030669,1.6157637451829656,0.019947839300601643
4906.768118028332,1.121389590804296,1.2703866733345626,-0.2744550395614494
3713.923805322311,1.0886580501601704,1.0878655284814025,0.11041562788860183
6350.030959789618,0.9183684876178375,1.2007188270323268,0.25563070389985176
3856.6035387834177,1.1437286387284966,1.4075818104428883,-0.03597150405446194
4574.773107206855,1.021569555770471,0.9488093671636761,0.08496251358806693
4777.263274910534,1.401112242996781,1.3748729221392948,0.3496451989795441
6138.881694049757,0.9253886714558128,1.0482716079800605,-0.101287968700737
3872.607953347082,1.2857520209340327,1.229742235298067,0.09006624940675091
6188.592894835126,1.168528520454465,0.8176056867566706,-0.14245305041741846
5330.023774771415,1.1338608215510397,0.8982349888764538,-0.14927657476735354
5091.966727096272,0.44712716863454494,0.3825458081999937,0.0854733153681968
4110.756419087431,1.1822973903869276,1.2560733305355725,0.060342391828321844
5199.798869426651,0.9181230052727116,0.7127200209797787,0.1387674598819245
4293.55936430614,0.8390183763912771,0.9024368620417885,0.01903968740611234
5686.6628772388885,0.5792717397055216,0.882831077869139,0.11628570432478866
4120.256579624587,0.9486032165079542,1.2324179377992404,0.4163797430178422
4720.789053880741,0.9583878992045606,0.6113712803471806,0.2649776013263943
4411.30883839078,0.6242495195462988,0.5105180249184879,0.0845954246861221
4108.733926301104,0.5816799567765769,0.5475806397211149,0.12622674958416766
5318.92387183554,1.0716548700320279,0.8098105226588709,-0.07472550337605063
5174.8211231867435,1.1679262827653443,0.7577263148521763,-0.039797272784482265
5646.307139230698,0.9975707274806054,0.9958922559577358,0.12311523266786639
3554.0874242542827,1.2377086624210907,1.353281182884143,0.02191255617896476
5544.9194916387305,0.9284037539121253,1.1220980794935267,0.19825466905787975
6553.814233749826,0.9364121813999494,0.8587613605478979,0.3167682508615063
4483.8512375761375,0.7207429928148024,0.7276803577330614,-0.02544149024844109
6126.6040284762785,0.5599395056115706,0.6735305202450885,-0.502304134779251
4615.787109558121,1.4136655334648962,1.2904781961021166,0.5
3839.313183707085,1.2328247625624367,1.3739551653127615,-0.16312360826781297
4586.057290315243,0.6018718582153804,0.7235394845750495,0.0487904257746699
5533.742777372693,0.98893797695782,0.9165464339698621,0.18187307168174344
4213.276462367928,0.9249884222240833,0.5906547013471306,0.3522433847107707
4379.762938695459,0.8815018817092392,1.1750524155888602,0.45150855214253166
5215.477602605233,0.8477455380462651,0.7559868866542954,-0.09096828444186501
4802.142081717001,1.0453172867419946,1.1101852049939283,0.29742244173573185
5209.236066740718,1.1545438813678686,0.6918140732371424,0.04949497834371614
4966.480678530836,1.0505977922570513,1.0379229790079767,0.5
5135.737723686101,0.9198704064052016,0.9541217507749834,0.2751111810650099
4497.389169933322,0.91069332077722,0.9554699744512754,-0.04436852210307893
4962.211659421275,1.1842035792306667,1.83488659004564,-0.19826820429872397
4150.838896012847,1.0658612345290155,0.9195192110450607,-0.6566474311284879
5701.903535752372,0.9681723657588582,1.1343960061694187,0.16866898247003456
4356.007698227881,0.941024675599973,1.0522141224277186,0.2521121894976885
5590.193241284573,1.036317627403072,0.8892929571092073,0.1863651110999895
4636.475127311995,0.8329128278601377,1.003140900749221,-0.5883536118423025
4941.399307530125,1.1553847043270526,1.085597304602191,-0.3145027474223665
4453.524814376509,0.6810353595405333,0.8641548553617967,0.12020586947419674
4088.8031981823797,0.8471358725583795,1.2191629485871098,0.4463809338701978
3578.667728676289,1.102776523861506,1.1140241326740152,-0.01388845068067576
4061.2730889852783,0.6667792966614317,0.682423750423799,0.27287956414792075
4573.263802748855,0.5567478643376249,0.7575719974020134,-0.2586017058596243
4948.315425180219,0.9657694188573099,1.2441752520503575,0.05178200816308096
5507.265519298285,0.5258854613883823,0.4923757168002737,-0.06866503273912604
4487.9697781422055,0.6252991114870345,0.6246392893948546,0.2968973684577267
4182.627465012978,1.139148529626608,1.2597736942542461,-0.13495908273409574
3790.0996497981014,0.898803685598566,0.8939425000511141,0.41925317096623493
5136.044532532873,1.2713717374272462,0.98047895610278,-0.07692812090499695
5768.23616073054,0.6487964147656362,0.7839366691373076,-0.2674657490380417
5686.431187569402,0.9265119085919289,1.067106951740507,-0.25907682943447946
5296.9529237030665,1.0498961383019398,0.9701879907730567,-0.15560678308696463
5246.980322087319,0.6573712674677727,0.7236771074519057,0.09264183198067912
5988.3366457965385,1.2079404761249062,1.0290234707464423,-0.1524949937602807
5032.457022991767,1.0776697207915096,0.8291119454681714,-0.20511934391274297
5252.290773216921,0.5476782283281414,0.5563474388149979,0.22245201288360153
4575.451296703601,0.9405645509478499,0.9662412040599732,-0.8028046526096164
3846.56964040167,1.0464891840646582,0.7310817111367285,-0.10747040910891252
4321.3057696502965,0.8024858316179856,0.7674757870799972,-0.33355953693378576
4793.588673025742,0.5800337736227965,0.6581505130096589,-0.2171386095859554
4842.549760750912,1.0196146973618525,1.2583351657537096,0.060937480897271544
6148.400098398775,1.5028107375706403,1.2986321524442217,-0.051308161258761274
4856.894017313748,0.8532539752105773,0.6612995344958051,-0.07389149111760843
5625.190410817951,1.3423102953211772,1.2124914100918254,0.29737721974106623
4495.445930896579,0.7619277945596329,0.7133472195984285,-0.0034045399366050685
4581.8268799643365,1.003886408752488,1.1138868569689369,0.451514218401728
3869.694653943586,1.1428806327190297,1.0375565652120595,0.17804794450019126
4280.3703909864,0.9478965835071587,0.4386991291274845,-0.24167743038307724
5168.886973954627,0.8755660877796921,1.5630112248843684,0.48352299257121356
4805.292126275894,1.1315318803375933,1.1353406459637705,0.06952633612275291
5460.057033928064,1.422863778817305,1.3496136087730322,0.4679369648099698
4926.877763841535,1.0251467311597828,0.7055989170961416,-0.06652388575818977
4553.282387853581,0.8209849558674132,0.6038658748534227,0.06805793685198168
6303.807804650871,0.9025621106850792,0.9043171032480002,0.10802854133126849
4734.267501900867,1.5799269114113437,1.5387545790130233,-0.0420284435544299
5614.100678793713,0.9837267790845319,1.125551826721084,0.3179799988967215
4519.153555418726,0.8013965753555068,0.8774590304418588,0.48314550212607726
5296.719635568496,0.663733020879365,0.5495560649110776,-0.5733565696541254
5449.610961406181,0.49352472647184853,0.283687705097855,0.2037045937478778
4945.944379402907,1.0408960684615474,1.011887573595653,-0.22362595246279632
3151.8619541123785,1.1136604982061258,0.973539169946205,-0.6482021134674435
4812.776722599279,0.8508259550086983,0.6568639786681537,0.1292545641160482
5661.322033431983,0.9462573954922614,1.115221945443916,0.12981837437496968
5169.236583119411,0.657384572677844,0.4896356592580143,0.17003179376547103
5112.087212660473,0.9832321162068752,1.1082987794643586,0.09275696947588116
3594.420146229737,1.0703738301417811,0.7581168309407146,0.2187563058209188
4295.681450527459,0.8162089332080905,0.8728395907067685,-0.1507622003360611
5087.950341806008,1.3726131673964599,1.5290235938720518,0.0658335972887296
5087.268293750824,0.740723418313272,0.7333872190314947,0.1745415671071423
5650.2667460930315,1.0208691510047456,1.360275805540796,0.33823903063984406
4698.593271397734,1.1620793049261513,1.5602422381260312,0.010961368188033442
5084.07686067167,0.9306776249626543,0.9889321593151753,-0.05344889132437746
4811.461969351905,0.9028807952763771,1.0212984713226623,-0.013809723629416338
4109.14008444891,0.5927834623875844,0.797756371648794,-0.2983982763615222
3220.9460682336767,1.2893353739290707,1.3588744554250713,0.192406071430323
5101.706784491053,0.907526699583101,1.0062277369319306,-0.3643292266995931
4921.763045888968,1.084341356233706,0.9550940884054602,0.09774102575934064
4367.277470529882,1.1181801219650351,0.724459568290868,0.021143555564863553
3666.5788604388945,0.7929253769955616,0.5996689645088716,-0.3877431413543066
5240.817660086117,0.9006178489271962,1.3578696708692566,-0.373486525432949
4613.855948063114,1.283620587685876,1.2998452638336055,-0.21342286824494056
5189.812305657702,0.6707005835648887,0.6907820351451694,-0.08598549437381739
6104.833971288231,1.481979518689314,1.715966721653151,0.3701198204128536
3300.9983837762065,0.7637818036809314,0.6852511235783765,-0.027683791582199777
4310.279433908346,0.655120635839872,0.7960916506818878,0.13662173391797897
4653.437070681661,0.9830772551721336,1.0016677796748832,0.31665134431952646
5818.378321902655,1.5020870660849677,1.5121013847052245,0.26829182278814934
3654.517886555461,0.4722585161019487,0.5117928434878098,-0.0017649282176618096
6155.102717976423,0.9147460703775769,0.7515309622380508,-0.17638131888667985
4895.099131096404,1.069066254314139,0.8812752479376252,0.12471363992358818
4732.7995367862995,0.9584124896338828,0.8150504618513681,-0.171392954634205
4661.358165746766,1.0454804175007524,1.0356062132734847,0.45370116313062037
4494.61587747398,0.7704917294569315,0.5591012673035142,0.21694962485880984
5533.681731488408,0.8000695385171547,0.6278575871191073,0.052174076020918086
4052.0354721422927,0.9128943382102,0.9548852718907721,0.1281679415154712
5041.789927150698,0.6675279780243122,0.7052479290338185,0.0445716223783994
4531.072834005117,0.9388283996399526,0.9869285273427041,-0.09208240747840585
4266.506586040132,0.8528136765821246,0.8724753465780444,0.124652482059896
6610.1826229787275,0.8324887037112828,1.298643313544189,-0.060722975079296825
5093.335514327422,1.0301266031496594,1.049986314210263,0.4841721081093892
5229.285881262801,0.494835126700174,0.526413350959321,-0.17317585006712377
5596.443746468063,0.8927274741542115,0.9316904837198965,0.12719935631581036
3805.055038277017,1.5293384414037152,1.6913213365011714,-0.19568162325854432
6026.604336385422,0.6784725784185937,0.7259281483702971,-0.19829103338334472
3043.729975053447,1.2713751241211033,1.3777127590892344,-0.44652246604562384
4261.8635129730355,0.9636640302281746,1.0477222214830841,0.10286877619327482
4478.677828774769,0.7992605477796454,0.7873417535093172,-0.13311647776131472
5207.206355479354,0.6198395851175483,0.6971861796561765,0.27084737970407974
4953.102786299041,0.984920491321308,1.3038389076543275,0.10332384815421351
4683.229681511125,1.313349276453669,1.3041289328428969,0.037056164507325094
4791.601858760593,0.852697213700809,0.7067095566370294,-0.3526246934960616
4115.383883534202,0.9297596438158066,0.8831161583346732,0.14622632621698364
3751.9373238610788,1.2025927125475828,0.6689350746061924,-0.16553653797986254
5308.558135635242,1.0352176978365701,1.0563275776475933,-0.3582096740378445
5285.59427877533,0.5569310550688553,0.7903917957071961,0.10762836988220446
5909.1460626099415,0.9747218039637958,0.71688383214741,-0.3145731551310277
4246.988032229355,1.3280587276663995,1.292374886182592,-0.5227811750922562
5284.970647210645,0.9407647033831253,1.140014288186685,0.3242836137007933
4601.405290144688,0.26462764263065575,0.420568407651722,-0.14018300071399986
5633.332489635437,1.0470537478977682,1.3030199640802471,-0.43612201461569766
5515.373943674699,0.900385890113991,0.5759164650907092,-0.24064795266910188
4947.846579457119,0.49272639651969574,0.6249805978631662,-0.1802628992679193
4562.32889033381,0.530197977486554,0.4206853541231686,0.2860568225734943
5472.652525025783,1.1937767858222021,0.9221669190688586,-0.4157419400206596
5252.833166279596,0.7669043136012299,0.9415202406924165,-0.3347265704373311
4320.891718539672,0.7231259048160019,0.7959511907624249,0.24510074872143353
3870.540928564398,0.9410903597670828,1.090967688703241,-0.11243319889462809
4598.026969522743,0.7889492504200153,0.6735315015022694,0.05698818450283693
5860.789670743747,0.9750121569444362,1.268773472937343,-0.12273133251696376
5602.541011113127,0.8993199926408324,1.0450726398789933,0.5
4021.3707712305936,0.6500011049765893,0.8344970594768263,-0.32242378898009905
3982.569808870055,0.8222005503596538,0.670316324040663,0.07052891681956057
5692.27869477564,1.060688330327276,1.293850243034592,0.37573914681435383
4005.0548666695195,0.9604795100596564,0.9070315301091728,-0.09374650256831654
5156.506726549405,0.9295143794020421,0.8279003695268141,-0.18844351385229716
4368.750149264573,1.4343460602948461,1.5014520451474467,0.19177575770428537
5931.931447165178,1.1327593813463839,1.2337416631454425,0.25101620256909435
4260.702640603485,1.1631103162053356,0.9373625455138787,-0.19997592124782565
5600.35307114408,0.9085078980512687,1.3069833655925143,0.3655491484763593
4929.401057842255,1.0050362975878187,1.3683584109539135,0.012805273036972084
4976.536397964001,0.8422250026185768,0.9771266072927803,0.12719032403206673
3420.7839930540194,1.144387441381032,1.209819434079864,0.3720702976348781
3257.960652755997,0.9224000239752391,0.999252469607969,0.19219505644709975
4645.60384181288,1.005594437232639,0.6930870833867022,-6.229385454353296e-05
4972.834244391628,0.990152825538792,1.014498040790968,-0.1678980266293986
4012.3615205835936,0.9454582796486364,0.9751580912359352,0.5
4037.9146126665605,1.6845470167889425,1.3428591919565178,-0.19725404451331968
5193.030840878293,0.7833451806263193,0.7716593834674911,0.07953227349506789
5193.998136319991,0.7810721174603269,0.42980346556789367,0.12749734684190736
4703.581257728451,1.123524186702939,0.8567697359604591,0.13932736715456914
5346.141204830253,0.8012077502312052,0.9919317073219477,0.5
3978.0583929958975,0.8771484096627766,1.2122180731166299,0.011892598772233013
4550.84555803912,0.6783972616610954,0.5948144614373004,-0.023766483965908573
5953.514324048571,1.0728894798506468,1.0965855336413115,0.38806951440188536
4847.825490957873,1.076064311121038,1.2933474949311872,-0.03397103651667288
4888.4187602109,0.8712019850191388,0.8023839804218759,0.21900608450477546
6414.162610177418,1.1287041721200182,1.2507066972601741,0.048597459649159805
3820.46048390586,0.48546874656660205,0.557165380047647,0.23024372903928997
5357.501256649477,0.773286649621414,1.0079088474028364,0.18136206927167547
5964.79039586567,0.9075052034472673,0.6879644970765657,-0.10077802485044515
4572.599451451018,0.6569293757742618,0.5566722947441696,-0.46100315541459247
5401.741550798392,0.5128217406453195,0.6188696068436151,-0.41847717863604456
4112.586351952366,0.8730260087403882,0.9143210632674591,-0.46009464777395365
4319.287323102854,1.1235050217651854,1.0852755506022453,-0.02279916181531273
5069.476491233344,1.270527097856628,1.3506007595079528,-0.5881563925135755
5358.996671177413,0.8131780291986568,0.6897688785466158,-0.03999758009359554
5584.655558684372,1.1333039594053984,0.8025669362543404,0.033441836767748145
5898.740010857645,1.1091355095189168,0.9777318518574422,0.2140566111493129
4752.787409011373,1.2546520435836241,1.1058894152589274,0.12609491816504728
5635.528228620811,0.8624522424114995,0.8379442362145321,0.22547126705195303
4560.386609585596,0.5003748762038314,0.7205561491408156,0.10347628105884805
5431.463918111787,0.9675464631056861,1.1240216507607512,-0.0808853850146037
4945.242158496527,0.6965515647575692,0.828651862724048,-0.026495735978519133
5111.974534957347,0.769123722734498,0.8465717946647274,-0.2129109905660632
5096.455511815426,0.8746952139867044,0.8204145948521473,0.057021632084739544
3676.7064931415316,0.8652680921627143,0.7385596709497749,-0.3960488875941342
4013.114698797459,0.9853898167239485,0.751665815093359,0.2665088635015768
4871.7790078722655,1.1257890791049043,0.9467133979993076,-0.23914847165796185
3618.9046442511817,0.8580661041810084,0.8771469276907309,0.038461330419496106
5381.847772239829,1.0489243766520011,0.7989571121520164,0.08036958382689699
5410.0891764017,0.9537040024826263,0.9954308117435736,0.2906807299135944
5029.019387014453,1.1838735989696112,1.1000652284960701,-0.4202908395258309
4015.2061910694547,0.9028520372234208,0.8482738523735264,-0.08136480072567195
5766.097257207961,0.9302683310563611,1.1630686691174996,0.1374619589199983
6226.04744780285,0.8563998880002732,0.4486412557520502,0.4377958782530322
4902.953779212182,0.909437865010376,0.855735731731976,-0.00970693180861124
5157.374764915865,0.7541279679135314,0.42250539973364215,-0.1485864270023705
4941.217058357231,0.7293506784641216,0.813937865207008,0.5
5171.25843229916,1.1439413463206811,1.2833347126277632,0.20064016796369658
4716.308870361523,0.6791995792038497,0.5355365854565487,0.3434083179612952
4775.805032109338,0.8702204775755241,0.6758865406473562,-0.3023851819249063
5434.002320348156,1.203835696567749,0.7659870037439965,0.13028227602990275
6441.936913327509,0.8618248012490982,0.8991417810050807,-0.27083131522826004
3819.950135918783,1.1571851134213937,1.0472845874143415,-0.3262610007857293
4727.331260917923,0.8022385698182896,0.7916597911380268,0.14547001583490665
3973.6776603375424,0.6872090984124515,0.6862341490832197,0.16296184972958722
5914.417429003259,0.5512935362747948,0.5000959465064875,-0.12050297953149208
4388.583421476071,1.2781810173181654,1.492440790187537,0.35800930713937634
3789.7594443499443,0.6657822045913961,0.7615513758290307,-0.09225494558485141
5246.730899194002,1.1367966475312732,0.8454911500945005,-0.06749525347603529
6021.017780320178,0.7000132433016544,0.6464400052463969,-0.009009693748590468
5264.518507992534,1.2793459794849553,1.0054323521881101,-0.060735694163076274
4943.358514097342,1.501695681153775,1.7736894694178893,0.3193155318376537
5086.398645943195,0.5283674850774158,0.6856582364351999,-0.26042583387101353
5790.388463977888,0.6788108914602965,0.714942224277714,-0.18858579769086697
4188.060510990095,1.1432829659508061,1.4931230858369393,-0.29785188671928264
4721.7070271395805,1.0782607308414538,1.37058609033946,0.47087926824882903
4483.116896043327,1.1442304636900478,1.062415626704164,-0.08112983008484734
3982.4942848958026,0.8065611123989059,0.7728567632460369,-0.19212914174494197
4570.137318408239,1.4468835402558418,1.246446146636189,-0.0718269219665828
5575.404767187714,0.9795123666724436,0.796156291609473,0.21226402531060176
5196.621503874908,0.64575935578912,0.9492006466188603,0.16594136799572967
5251.01735007574,0.8867128749892638,0.7254702559306805,-0.1437947387494114
4902.532928157323,0.6491082759427917,0.830608440208348,-0.09989654334775665
5166.326647910012,1.3477353396385263,1.4449985395079628,-0.3638676127730453
4239.5867603563265,0.7849171842999708,0.7736366917305402,0.03468083028973361
4583.34307985094,1.0731208711861555,1.441115858168769,0.32057935898877243
4934.402965878074,0.8323317137544549,0.5942096018767946,-0.14544429050212582
4994.261101217323,0.7961531725593717,0.8200109482868199,0.15895325760162315
5024.131498445311,0.47243645467973727,0.49519206545040745,-0.14552824862032512
4703.165302588535,1.0995436507476417,1.286143582646265,-0.2739122622310941
4535.803619208769,1.274795313157296,1.3002459576627117,0.17006995069861827
7010.439898131009,0.721008104658712,0.5038357143348557,0.5
5434.751091052679,0.5636927212503322,0.7888824516884397,0.1358559023219059
5089.203233166836,1.1508290106844572,1.2275857137743924,-0.10346404671498585
4636.754051255524,0.5384396627234371,0.48320224587101024,-0.08734148997078005
4484.146821139287,1.2548832339870646,1.1153099368933286,0.4772963473579125
4708.439584391131,0.7239012192613449,0.5714637336635198,0.07674500495903822
5004.980190510679,0.6741768142938434,0.7045645986867588,-0.19147900515499017
3483.695119155843,1.0121156052828228,1.0399950435356564,-0.015556265843270488
3701.4272832377214,0.6904651787471405,0.6937898082722289,0.053785115715387175
4354.18232774273,0.7732222296766976,0.7406968860519078,0.1173034253998356
4944.997605744998,1.0384954831677515,0.6982358952915507,0.378009703523508
4632.508796993704,0.34272191570833843,0.45321090187254626,0.3189746235239279
5834.684858269638,1.3606048114820806,0.7869329683266829,0.04955969412000421
3762.322249102962,0.9609100331164344,0.9746245790123274,-0.010373803106470939
4274.058171277641,0.626758496899118,0.44052921193819355,0.09899643569219048
5864.064218693771,0.6956886576782896,0.7556083175416777,-0.15205837307708736
4891.783527272602,1.1979115945652006,1.154005820523142,0.2450023359111286
5419.389807960811,1.1002632337685259,1.166514043606458,-0.05086794964932186
6235.872860288624,1.2966951643213027,1.4433354880815976,0.12272532727926826
4314.336907468724,0.7793142887989413,0.9907916409723794,0.4283133925890007
4730.479963545577,1.0241459592877007,0.6910567622925516,0.1382016176317216
4609.3011693483895,1.0566419779459193,1.032896764275292,0.057675791506420625
3431.7848968617072,1.123816875063059,1.539439905381852,-0.12934686428871245
4582.722237370822,1.2318202808580172,1.2096550348608504,-0.01951851437887024
5416.743531166466,0.7706840235389132,0.6769034187340244,-0.28401264947491905
5178.412679268568,0.9214574330598798,0.9217257102918163,0.13330003668913873
5233.358218571607,0.7974625636049637,0.7703630929538983,-0.5335903571204177
4537.14371355235,0.936847031660906,0.7258231084757742,0.2421016413801733
4340.731934796051,1.1246081955157439,1.2894449632679488,0.18292088982906612
5688.478970329034,0.5364911249348243,0.6786609459246498,0.024545481378300173
4451.877997549631,1.2273428923648213,0.8636442266416238,-0.13325422355345715
5005.85742715525,0.6652044689340626,0.7082488490956489,-0.004064980587569174
4914.3342764742765,0.8731574200756921,0.7955258723367691,-0.44350750668509736
5823.201911379982,1.260985481241531,0.8182264535755063,0.20595015081611273
5479.988650370652,1.0320024294958512,0.7353356170603739,-0.04095613481510644
3893.318965533015,1.034882487065915,0.7675767512836422,0.378807793741256
3968.712783257472,0.6548434886762222,0.7043766973577024,0.09799757128113616
5205.236872648394,0.6889785160440398,0.6742891373885894,0.05785844258239207
4754.963646834583,1.1853140991672297,0.925902816585314,0.10023703452701742
4481.379751232365,0.8027141136289025,0.7730404321925038,-0.2438776465751296
5510.939518796129,0.8262720316750376,0.9867566463142161,-0.1127484667616797
4931.2215674622375,1.190987812763678,1.2321195760323453,0.033237233402666704
4836.720170822611,0.6875216136576181,0.8894992337855747,-0.07564106667997741
5345.880048528535,1.0173087832215644,0.9675294465438067,-0.14412811798909791
4537.4237035395045,0.9607268315419228,1.2788573486227977,-0.07059908007448013
5897.963289830788,0.9493285685341893,1.0260325100195473,0.011032478848217163
4248.366663736894,0.820391092030624,0.7700652424319672,0.5
5259.850346439462,0.8050362046341679,0.8563511637467255,-0.08134783875246841
5803.682987061891,0.6804089590512836,0.5514422690194718,-0.16935736968834472
3835.8931575095303,1.0706662565103267,0.9914692378640704,-0.03818224798090463
4559.6653769032855,0.7829627021208159,0.8929365982003664,0.37539872462477836
5599.545175019891,1.1921861552918127,1.2918061293929675,0.3932729300350403
5610.071183411717,0.8938612396023368,0.8391573757534588,0.4872745189220082
4679.953079728232,0.6853873776447406,1.1433439342602665,0.015243875806643109
4285.730234426199,0.8905465294628948,0.8800429373224181,0.16039806739936946
5469.155075631534,0.8472857002158813,0.5818379011187964,-0.2625061186742178
5628.484371807123,1.2022758529320132,1.439969606579911,-0.08836019327230848
3984.7356560413236,0.8577499526871168,0.9918796367076702,-0.27877119433260544
3957.260445723534,0.8809474046999185,0.9454354540710567,0.11831468928007306
4957.67967738852,1.3028866763731088,1.1208311109880824,0.009603190717228679
5240.552443400225,1.0770668303658373,1.1446756407088923,0.056547414986407085
4590.651640338961,1.365676504000874,1.698641431631186,-0.21155270461357595
5275.5056739876445,1.2647612510159763,1.2553838548580325,0.21267183117241417
4302.904375213832,0.7282093529092863,0.5477792422696385,-0.6017571489455016
3319.7144806483852,1.1974877136000268,0.35730389291598036,-0.0630070455419459
4503.269249367183,1.3313258230186478,1.3539657095573499,-0.026661147302989054
4844.262502559171,1.333203283080855,1.010494182718023,-0.5054006258645679
4606.91202807248,1.1970239958941717,1.131706531662852,0.0960320995918769
3988.9777154383605,1.1918807487272938,0.9645524684087912,-0.043316031026086894
3529.045716884828,0.8743347390811125,0.7399009266597625,0.1402792239529983
4440.137836942471,0.7406544789126063,0.6661128628936698,0.49995714888365556
5428.359040154821,0.8619456702756357,0.768090753488595,0.08115596856256897
5679.338207589578,0.5338027496418092,0.6991648219873959,0.243165326122416
5631.3993688969185,1.2856988288554263,1.3629521346855034,0.34523827247950734
4228.863325396012,0.879176760145572,0.6841645447207908,0.12300677406954642
3992.4055734587455,1.27283268226624,0.9529011649788889,-0.21646889557780077
5147.6442304859265,0.6421251056946,0.7548090566345692,-0.41004183281042034
5244.570008118548,1.2206562302505526,1.4198408309349886,0.09359452487601842
5080.118723640348,0.82627983545517,1.0364851020870571,-0.1000644556256501
3390.1557080335656,0.6289076479227065,0.5516245035193277,0.32090026689683104
4193.180790581573,1.3567795130399394,1.5290240397053083,-0.11878079024469543
4779.217846799815,1.2268279173351935,0.7593038917112601,-0.003576765275317693
5141.052736241299,1.002948105046446,0.9616852343962341,-0.2897526741691248
5337.115153821741,0.9584844712837407,1.0608039145385324,-0.0859581679104586
4900.977465597428,1.0598775047047795,0.6120615278111566,-0.23570875002523906
5031.548664576765,0.9986571444793527,1.4170472309303104,-0.2128817616064402
4859.405820852773,0.7519310114571321,1.0072778960143545,-0.0132035619542425
5279.933561952938,0.8469869325537694,0.9888933511683795,-0.1517294918749997
5019.0059560436375,1.4401794580096756,1.0804477970428252,0.5
4846.016362033101,1.6180391856570036,1.4495565636999321,0.2089735377850875
4612.141840603834,1.3406671263076708,1.464187997840019,0.27115997819479315
4856.903997529736,1.0695559850406557,0.8183263271536194,-0.02772324930973496
5139.213965187492,0.8655627418245162,0.8587626460575395,0.026438044670612396
4987.232772228643,0.7504535265257585,0.9395171776642296,-0.10739823641412573
5066.578492841678,0.7669293973924494,0.5669862218355581,0.5
5739.90530294583,0.8116830853283098,0.9025347338401452,-0.027215954650200762
4985.614745922611,1.4877910103564425,0.8918854346237791,-0.15093774980871336
4345.70103566879,1.4015705740956497,1.0627627575567347,-0.18850105516216176
5418.524750195918,1.1365695974838483,0.9960379346306697,0.0838375067367865
3843.6611636317575,0.7098467058967934,0.8382883143124648,0.355255510685302
4043.010633482499,1.173263981677759,0.9770917273029681,0.27173987630803687
5035.093085304048,0.8903457428723487,0.9341514300764547,-0.18908134689150935
5161.477667450605,0.4117476403389696,0.4241225620184796,-0.19523583698678815
3928.4641435472035,1.0217751593503148,0.9094144754689532,0.3115671272370502
4532.027763309275,0.7395217397914862,0.9820118608092636,0.5
4375.741317446239,0.7479866427274906,0.6103515601255746,-0.036250626914438776
4459.326573982882,0.8873980016079981,1.0468475537356405,0.30165585209123735
5460.518443391062,0.8254192567643968,0.8575259267628972,-0.36652202640733694
5294.553824483077,0.941435795223998,0.8431823183492588,-0.21088112524320285
4786.6144741024045,0.9294173624956986,0.7134687173375368,-0.2523995606478951
4417.826651019551,0.4810477267880921,0.42920582744870495,0.10305344878696764
3855.2452308459015,1.330069497220708,1.070723108023669,-0.04474400550965639
5794.1294571473645,0.70415581926283,0.7326589859040107,0.05952316116949939
5214.479730199443,0.7119004037173817,0.8539363683678965,0.30477899721257434
4305.331627148802,0.8678616870524256,0.8392013188320621,-0.1632915459529503
5303.719648337424,0.9229162881576765,0.8940806077161061,0.02349827665321699
4750.843465597762,1.3147449542079597,1.2238154842088271,-0.33448305476864343
4599.02334659636,1.0173558630137252,1.1105379963829392,0.29094642893546485
5104.648069802722,1.0916163710273836,1.2109739582466117,0.2741034284158002
4280.951225061092,1.0186340468958204,0.7333590530162115,0.0904720368581985
4559.370436342923,1.0078653956246932,0.9495177385606699,0.02998402554467769
4885.0227449396825,1.027432375771752,1.2727398305156021,-0.12728698364079624
4450.384164980351,0.4668164643577653,0.4005460082268942,-0.34888729867503576
5268.359647187267,0.8875203787901178,0.922465018215275,0.07638548531529367
6108.346552574782,1.2405652776427893,1.1476168798223134,0.1890502026652718
4271.991307175,1.9355827527016713,1.5038651755874564,0.5
3634.412292587169,0.6489227668651225,0.9326557981509485,-0.0983873789368451
3398.781882766617,1.0557699900810882,1.0520666166249077,0.06754540455261387
4694.672300953513,0.8072383555314145,1.097207578494952,0.2786010541003196
4335.784786911672,1.4619129759742124,1.3565184805078647,0.2861332197152045
4945.502350746957,0.6115543098021297,0.73687023914362,-0.15561773919472027
4892.818370418271,1.10623487257897,0.9589656706583856,-0.06978984831467926
3677.7482073701326,0.5981972251239525,0.5878845198068025,-0.13128766318990798
3529.5813193630156,0.8703583329847918,0.9681292756964623,-0.22546114213382173
5007.153268242267,0.9414216673125477,1.0343630051103836,0.3679173532558116
4894.80018430397,1.2174229204349019,1.3104337374559318,0.015678452245728985
4501.9274011434145,0.680708293460368,0.7905200336626611,-0.01856136568297761
3639.9994904073865,1.1158457622118463,0.7998690635738777,0.06192704062317661
5129.973883935493,0.9546944308469867,0.8081868028879137,0.013440491293870403
5690.32968179676,1.0181983465714948,1.1869912886052498,-0.05524434347741829
4994.587708153245,1.1895831786712852,0.6989379364212122,-0.19038933411670322
4206.7682766044545,0.6293608267486781,0.7308351527080947,0.391320114524233
4831.186515899806,1.152648743287148,1.0952907771991303,-0.1425680657236354
3843.7201433464206,0.8077737867276438,0.986249108595302,-0.23262801662687355
5540.572499687155,1.2239683637442065,1.2734286420593457,-0.020138912730007584
4857.291034170677,1.03363940863447,0.890464256650759,0.5
3562.2901617727375,0.8976179046207361,0.7870934287888098,-0.20539332608626892
4589.527947689422,0.8024935077272946,0.7509159271953453,0.17740380468215575
5124.311057163962,1.1558237485888325,1.253090370118857,-0.06158290122922134
4566.866665317134,1.2652379213702318,0.6512913404418452,0.061201812031742985
4606.872994991878,0.8167871147849538,0.8772960682012458,0.23054522124039478
3942.9184550669097,0.6667483585546508,0.5953560595634322,-0.42992220204824794
5196.578690957159,1.1235527607363063,1.1395726612361172,-0.22408527719797922
4346.0715599866035,0.5878672644915749,0.6988119433449681,0.22700319873176297
3290.488236096477,0.623621890604257,0.4575208777236957,0.024362771020335516
4540.119840530724,0.6843249311180252,0.7047636133499295,0.05296866011360745
5486.804800899247,0.8461373792403126,0.9021098366495646,0.17784590426137756
4529.149387380037,0.6159170276961388,0.6905428092296624,-0.22240037272565405
6016.589489586464,0.4653000226546055,0.5289813481482687,0.26376813445683017
5100.277563983962,0.6661389514157192,0.5460993721472485,0.20494593116013743
5037.130713596256,1.1106186116431547,0.8551180823582907,0.059579301814592665
4710.121213857674,0.6321139819683081,0.5018906265995019,0.11703293321687161
4752.199654564996,0.8649325805114575,0.9890659244572638,0.2912434444142567
4615.603455416347,1.4366746155913905,1.3053607362786863,-0.14845976468353916
4588.411425542232,0.9377064674932274,0.940015194898167,0.16533925461530513
5171.607013447004,1.0356327474323983,0.6776180899162236,0.43608930892869185
4144.9181391466045,0.7134899954371117,0.7581964672622843,0.1601565623721647
4046.8743198930183,1.4908687134250354,1.5508520984922731,-0.055598306914669965
4013.7634643872357,0.8146763777153928,0.5361079923581615,0.5
6231.958183374008,0.8929738288871208,0.8156107221452732,0.05770362560262343
5171.240031169406,1.279264669491841,0.8353110610143049,0.3496478999199368
5013.1445411761015,0.9045664387865953,0.8453199170942656,-0.10538285342018297
4059.739730794598,0.9619721956688037,0.7947651002897068,0.2669506244764259
5236.33961047238,0.8795779198027176,0.9711919738497062,-0.13660626188526936
4718.40005748267,0.8812919054856931,0.9344422796305613,0.08084605956363795
4949.918258792225,1.0426255027070228,1.3010295946060226,-0.15168502727657107
4116.365778895511,1.0882357972995265,1.0584142495480746,0.47528899404926117
4912.188200192304,0.7891878921968581,0.8834715756767,-0.05528283304717987
4503.316523255462,0.7584798859632675,0.7121843124574639,-0.27698303173890787
4264.0721900788685,0.7977159777856091,0.65047682625692,0.0237796304755594
5313.874435065074,0.5996864964500579,0.7751622053034375,0.13427369798532485
3723.6045340289984,0.5523924353701757,0.7766748659024691,-0.006650244343085333
5195.343385019905,1.024291786806227,1.1632538782026172,-0.2033300571317186
5279.140293487098,1.1846489507937779,1.1752305106486334,0.2593292018224947
4184.249427114131,1.1677613232863042,0.9115425456366428,0.31479500732044946
4225.770077207273,0.35450218171583536,0.53580732353766,-0.4119893372116156
4643.882023113519,0.8887337282391847,1.015414434009968,-0.21925673846515845
4997.425347323554,0.6744770111018602,1.025280130597122,-0.03985691165813295
4693.0015057300425,0.9859343594552141,0.7604484893856186,-0.13273142428977286
5103.493722134315,0.8455441202976547,1.0252429625754318,0.13148864578698488
6034.08575677618,1.097977976561147,1.1959911314661327,0.4598693017802933
4444.598261595201,0.9452117273996646,0.8905334252364198,-0.09522837737654478
3599.3740205076056,0.47599952627052766,0.7028038221706554,0.3941805502759991
5378.146508121457,0.7082285318001148,0.8198814451441616,-0.36708321407682815
5978.320203149271,0.9514462787066633,0.780900443563235,0.11395370312956146
5074.937854135787,0.9725276073077715,0.9548148442215082,-0.1486778716885988
4038.5759272524324,0.5985807980739994,0.5374098227450763,0.11934748266356603
4713.275345735359,0.5658850741134696,0.5747157050281326,-0.4392024613642566
4017.0335610518573,0.9640613343932947,1.1078475659657627,-0.32134761985076565
5249.998845774064,0.5990831734873681,0.7950489678965947,0.11882812862753139
3854.096718111096,0.5328426433748035,0.6310743522787388,-0.15750022641578498
4589.90984922026,0.8387148718421645,0.7384188070020359,-0.08077940148654256
4096.963521594265,0.8278884771653372,0.9253788307930014,0.45907129370683925
4888.777279594473,0.7303998806651747,0.8902923101930138,0.034392867292213795
4543.56082600357,0.7740657608187592,0.4933920247508996,0.22537912857040843
4923.733472275185,0.9534589308055986,0.9850148214493145,-0.18981803740112302
4815.645388476456,0.7699592740800452,0.7804267345745897,-0.33530092322558136
4109.338680593122,0.9676742554162098,1.1598480950641936,-0.020183830260469108
5238.813944470316,0.8548828659706663,0.9501596213463644,-0.3726173508336633
4765.864043709819,0.9919125388466639,1.089767865188313,-0.17464740081041863
4108.02969449387,1.1695513913591613,1.024236453022233,0.05943855462451618
6368.648589344055,1.1598119613476487,1.1262985094071483,-0.027815224265437682
5133.5011167019875,1.2720526177665208,1.4410858012041112,0.08362984637378047
4692.717612620486,1.15953672422429,1.1111056160776354,0.1500795990005204
5790.6431686912765,1.009639382885451,1.042907146942738,-0.29893117895152643
6089.270926570625,0.8416420905899638,0.6035526898664598,-0.23548356785760838
4698.25540438028,0.853059769295944,0.8685385033801031,-0.5446460488405472
5043.178240504333,0.7305556733910474,0.4648718490256482,-0.09263082691072
4108.398027397941,0.9511323227628895,0.8615377679846024,0.18418898940430767
4696.965074462392,1.1243468696779837,1.1122499539478508,0.37281921590162165
4660.6562123680915,0.7685830992792448,0.9344045195351581,0.04762046727079263
4929.378923535158,0.9406955353340565,0.7619745246077105,0.3433072158856726
5032.932335045907,0.7806594428195577,0.8815996827120361,0.0959567559439961
5191.879914179642,1.0023385825469036,1.2961184523102787,0.02686235512525456
4966.349859409971,0.8126541540125124,0.7385280429814125,-0.15282271914629528
3952.4801613595846,0.7651223571764868,0.5574483467079554,-0.5962900107539668
4143.073025981241,0.7800083262669937,0.8672651982756765,0.3057973718048989
4417.5146663754285,1.0758321934613917,0.8074635106383009,-0.013306243760399792
4602.43158565374,0.9258126486674112,0.786192324115111,0.347074131200129
5535.542003330479,0.842894567499991,1.0332728952392973,-0.2374082797139187
3985.942709202961,1.0153511256368026,1.3922449866877389,0.5
4549.80946628051,0.8463709456330873,0.6999445707949072,-0.06219681366656998
5467.106648749835,1.2316294734214257,1.0071325297293416,-0.17304724843570943
4590.085767852372,0.7065334615766858,0.6907382502732046,-0.053630511594746445
5122.290954889977,0.9032571217956795,0.8208295655811199,0.042614105620563725
4702.320569950468,0.5988086945832498,0.9200257804833082,-0.01747550151900643
4979.748280127306,0.8632814020274765,0.7947019052336145,-0.128832602281576
4640.069219333322,0.5300911255733425,0.555166282549925,-0.45086063903315393
5266.945830909848,1.1365791306397814,1.4659423244485366,-0.20108189478096
3718.460514815495,1.1416259417513948,1.2400080259805355,0.2686089173689677
4545.681594128018,1.146042543431119,1.3351190392846803,-0.21993067511821796
5007.600873686016,0.957218120043617,0.7906323661642111,-0.42923715927437184
5173.586673604335,0.730032398822477,0.6950143450325199,-0.26387493694207603
5845.06683592768,0.7499148419910125,0.629166553605593,-0.022161571959784018
4526.282733194096,1.3325430138051302,1.4598136857205302,-0.18980529180793662
5835.637233302611,1.308919275949949,1.5442464425370697,-0.06995926967729915
4338.683321338231,0.9806387892376929,0.8663875369892851,-0.19961330116145098
5730.052488081251,0.8210914914799181,0.7918885381238971,0.2524359740988693
5372.226988688861,1.2921558556746275,1.1489001584484506,0.12271237769964587
4160.578994257444,0.7763742096537974,0.5639690627948836,0.5
5014.927466076275,1.007212302023977,0.8702242665024297,-0.09543032415078782
4764.134915127466,1.2879893263496145,1.4137785586318559,-0.07121979380981629
5237.9092155725,0.7409153750838431,0.6489702231106044,0.29587550588548744
4643.709888096683,1.157305896409278,1.144881816681615,0.09775209629906327
4584.927642036788,1.0801401989609674,0.7853686466228766,-0.23537667005060817
5758.366207933996,0.9401208644421097,0.9243906525546974,0.13910532970590533
4730.895373881029,0.7016416002167211,0.6683135290185082,0.09913222432825489
5378.4956269342365,0.768890059974181,0.6123801557612272,-0.4484489720314351
4642.25396046906,1.0223627682126646,1.1787495468465192,-0.1628276749782193
5966.664281459266,0.5941658012796533,0.7710126992892727,0.04758004751490442
4325.165759465154,0.9826859647545624,0.7949074228154231,0.3615699268110117
4370.099528126971,1.0852627460154158,1.021486020445425,0.17449961107340492
5867.162026781132,1.196305043202275,1.1644103539963098,-0.14101115353299873
4488.537526373323,0.6004107313849443,0.4235753415355741,-0.17705047612727481
5920.752014315075,1.2790618242903184,0.8773973334986457,0.19943331097743222
5424.288405716369,1.3738408735449839,1.6209632539278107,-0.6065815990414767
4691.7452054074165,1.0525378919283985,0.8198811821531311,-0.20189533088326897
3530.694569587989,0.6904878546438349,0.9306858196249282,0.3523270005937825
4786.477187009715,0.8679726779099397,0.6526390627219988,0.0742043698082615
4871.141037473397,0.9381006887203732,1.075365343725976,-0.18966528805698232
5617.052413313061,1.0176158771826391,0.9509315424638838,-0.3005208563750827
5911.913023368078,0.9554953881609005,0.931303204321135,0.2099336669972869
4320.508974599376,1.0202912857236541,1.3934009005771784,0.019452836648251856
5360.827234791728,0.9273133106652193,0.7052731096590305,-0.05467761493129576
5335.781509209344,1.0162767736280607,1.1335065185107105,0.09349513933054801
5551.388891687311,0.8348691447096714,0.9613702797355209,0.041149512411724314
5149.082938494881,0.8654533207543829,1.488501213158726,0.021976451844696796
3440.251616326761,0.805993707380833,0.6602359104642405,-0.3310467547307211
4691.204297230568,1.4293148836260179,1.1641598500062578,-0.2566062883318131
3991.0046975581595,1.3159751965435806,1.44892782758181,0.18707010902360385
4658.1759589573485,1.0888235475034038,1.0275746045815801,0.1397878584195593
5486.0029652937255,1.2813272493169345,1.1064249151189256,0.09552998144466236
5013.605585112481,1.1496153347444706,1.3321002896977858,-0.14662816571114656
5603.663606478203,0.9953177898785137,0.9431385818900275,0.19129748219116186
5039.227744499478,0.5736071647450791,0.526704444590729,-0.09268620289679436
3891.171842231768,0.8844590199687149,1.038100620778332,0.3253833652705683
3035.407095399086,0.866240526995412,0.9583905725586177,-0.18670574735118178
4904.166133175713,0.6667312067269607,0.6777972300940363,-0.1313219090883667
4650.2514735541845,0.578459431348346,0.5988776130663438,-0.03786219970305038
4116.137982432682,1.0731798366417562,0.8645099361533447,0.21182512014355814
3609.5609252440354,1.0311260805927032,1.1734436829933301,-0.008769517680001903
4285.679750569104,0.6581507549830969,0.6640460408175465,0.00942058717072448
4663.855960594657,0.7635303733909526,0.6817846801181623,-0.09789780426177269
5266.114476594473,1.2403055682885409,0.8825653300364079,0.06702299666027553
4932.041757097586,0.7305758716208598,0.8389277719318053,-0.017682623523513703
5925.64707302091,0.9926997259834506,0.8930333911431504,-0.19607559597867974
4075.077160768224,0.9025554251080047,0.5504166062141661,0.031822870637094915
5416.741224440203,1.0765908677655156,0.8055275553188423,0.037702192156255414
4833.10912019011,0.7359730868358924,0.7459510118250524,0.5
5286.268386883009,0.9725208693850267,0.9377542704755907,-0.15275651975507798
4494.43959571412,0.9921806443364692,0.9453360926002783,-0.20984393564221815
5550.176261723413,1.007545201557305,0.9290186702917523,0.06975856514840816
5006.65733084167,0.9697684644906532,0.6877306311175992,-0.24820910429278284
4324.3885105575755,1.0361523301485276,0.8488683970377973,-0.26826253696845587
4791.583179760768,1.4979425830127027,1.7087555882500876,-0.3592246724689536
4632.31089874403,1.5903244441927764,1.7497831409984432,-0.1936433912981088
5142.424845446456,0.7901959648033194,0.9240438852798991,-0.1874719364854697
3974.1562754378438,0.37043925491187524,0.4960627227933842,-0.320815543418501
4779.453808519013,1.0988738251804933,1.2734743678893328,-0.06257093408640836
5076.715076854532,0.9965631149753166,0.7737071371460174,-0.5914952869330015
4823.116315035123,1.2152604647958951,1.1764845830909316,0.1229414453279236
5742.858871072297,1.0212214749288293,0.7890922331216778,-0.13919849462934522
5341.815941849737,0.9646509848814298,0.7572967669777667,-0.10244591937306168
4794.763442281477,1.2322266489693057,1.268820638047177,0.1467187525900754
4951.682368248371,1.2671951471034604,1.4374227357599845,0.09293597734599937
5006.965886037399,0.6033599853047504,0.6416358164236523,-0.15747651067594712
5082.309722916777,0.7458484532151041,1.0517362224910456,0.1129476889145394
3522.0394030347743,0.9236017601778304,0.9781472375049056,0.3872236520680207
4588.931592961457,0.9746094059811459,0.8274420948653629,-0.2530458952816396
3760.8926522646016,0.8935041991619378,0.7152325127194074,0.1884436778391073
5694.79666322164,1.0585517944654714,1.259683259350873,-0.278276434423611
4757.405335997951,1.199026197329275,1.1859867332994856,0.2938565155867023
4664.661335224264,1.3806774276801819,1.4694329948753706,-0.1779817642785485
5427.758132423265,1.0947282559432248,0.5035803338917081,-0.18753055011360145
5095.627358214912,0.7369165803867225,0.8216426861912668,0.2873025352984923
4009.955839934555,0.9131559437005454,0.8347196838489341,0.18039373643894116
4750.366246230842,0.9311619396851107,0.681247389066068,-0.1697731418533223
4565.383118741531,1.0786600599952898,1.0491286425689157,0.03184218469331872
3578.826977975762,1.0470420083584855,1.26400235224823,-0.17748797512164097
4316.806636733957,1.4625991627778774,1.969877819884641,-0.3981844396185183
4671.521774588474,0.8346217161862729,0.9072592051606686,0.047321279531871686
4719.5343479557105,1.0461876334417008,0.8897363607153009,-0.08910554195170299
3762.438003425884,1.538677849436023,1.19437194634908,-0.23645838906370908
5606.165908133233,0.8036982757740996,1.0013337961027993,0.3261787699030909
4728.527858775993,0.9862871740425887,0.7918299985782729,-0.22800504470867283
4826.287153662394,0.7137798747189961,0.8586284795194886,0.03599465622013438
5080.449146837886,0.9705217249068578,1.0336939806497296,0.26997789261974714
4248.346622267431,0.7549457129655895,0.8278511928197436,-0.06401383713423206
5119.449181192887,1.2117002258728364,0.8003471798557881,-0.1835438626951835
4543.047747787272,0.9868297147578488,0.9188113757498125,0.07443707611744872
4172.390121546966,0.7161506850044266,0.5423288826967396,0.11392493089559373
5201.413245348779,1.1601419244479179,0.993687994711418,0.2191401741728274
5844.171701161265,0.9949165097178968,1.178612526054757,0.46780236287337745
5307.380561440083,1.1882046943058637,1.4305557713122306,-0.11432275373936027
5446.084295598302,0.6630843430130628,0.7506746738343794,0.04896350137945671
4435.55857540639,1.0422061030621652,0.91572111441894,-0.31731007907832404
3681.6661895820807,1.1433354236611772,1.4666586966893742,0.16659424988683263
5843.096265469889,0.8441556274410659,0.7713248686788863,0.04592916067394144
6238.160422583332,0.6352493182579622,0.5375980872670609,-0.0446723496979995
5879.964741638778,0.9395981261574015,1.0839032349684818,-0.15451512814673588
4564.949842714175,1.257028823445232,1.310746036227618,-0.08710677133697146
3991.755962889809,1.231482582658514,1.0530683748999035,0.059083252453176964
4054.0221115263034,0.8428928913111058,0.8896870391357952,-0.24154259694741534
3621.3872026701656,0.6292286409058894,0.7513600272018651,-0.0767798945438243
4724.834967112968,0.8422050699126068,0.9071409284283415,0.004169510866316891
5923.974570657718,0.8328805873170219,0.9432013750762509,-0.3849050315530843
4700.8361576894295,1.0616116958261943,0.9428946551278771,-0.2628243362933159
5011.626030243792,0.9237496242739696,1.0372980319668497,-0.1650011340048544
5762.917875012946,0.7616839470657144,0.8071276496523324,0.39205793318432836
4517.133281717321,1.2260657668151669,1.066020607453132,-0.2076812856812758
6224.872019703716,0.9851064668612085,0.9394771818276307,-0.01394790501102134
6194.4660852482175,1.0588539131827353,1.0263153776633387,-0.2601409367151216
4708.222062923662,0.5187536414671832,0.4205254707030927,-0.19410079803688907
4395.726015186551,0.3439337823256785,0.37156003460565173,-0.3602520928869237
5288.066632473219,0.590613554638898,0.664728151441239,0.16757558866841943
4556.7325402368,0.8298641435983061,0.6286523250604055,-0.3313865643587606
3990.4113480528645,1.0940890044034521,0.9413557897558034,0.22675275328616687
5696.867057466086,0.36443828239817544,0.6586562386627648,0.11697429901374436
5651.513171093956,1.3482130160929968,0.9831753741233792,-0.01885046176664839
4908.858122634492,0.9926415066925315,0.9177982984684833,0.23500647384829337
3915.9946723902754,1.2900737482374776,1.0215752521519663,0.5
3939.3316241478296,0.7285074793814678,0.7580109748117287,0.11938141028159813
4875.060501893407,1.0759649835431226,0.8875083382550899,-0.28001515549936445
4450.090275846477,0.9712989824926969,0.9294441480972273,0.37225441492814665
4561.234947500874,1.1544215782636384,0.9605339547421734,0.04652786413140854
5515.374208542003,0.8915521581000707,1.1047670559638776,0.5
5313.22552219579,1.0683038022518971,1.0714932925726135,-0.12651255548584833
5764.699876348329,1.2255488296928,0.9406576906059876,0.3204860056726389
4106.563743635919,0.7872059265270561,0.9646566369898382,-3.919266181724516e-05
4559.7659019193015,1.0105610581224125,0.81516909130027,0.5
5331.287186822079,0.47803444069441287,0.3807503970523211,-0.07040018887380924
5113.654838709024,1.1256257547658395,1.0986285215202916,0.5
5872.666267811335,1.4386656358656222,1.8480085396909856,0.10995651321219228
5094.375694132848,0.6388909880628262,0.44335393502014203,0.21174118952879079
6093.676372873887,0.9271546848930141,0.6907181924969056,0.4250831109840161
5178.012461206198,1.1701203252285284,1.3045867972541199,-0.1969385725346914
5543.517213312062,0.9578543683666376,0.8420245982632757,0.24227421150668854
4573.53953725088,0.9912748878733064,1.1145484730127677,-0.07318833521770042
4810.0010483187925,0.8522501396190902,0.7325530222076486,0.03777971983023267
5437.661082687633,0.8429619367280213,0.8970264424773216,0.020765314352647026
5929.084719415138,0.9283264616036555,1.2709798334469036,0.14310268410795235
5310.465864517527,0.9604178555348389,0.7368849243343267,0.13254608181299965
4741.779759645767,0.6546396846056726,0.8584195057748972,-0.14379873000386695
5764.134520669839,0.9334945035134927,1.0750912432377193,0.031213542748725606
3265.614940604083,1.3421334846773316,0.8885199441988253,-0.5835839548399525
3804.4358489451884,0.8452165516027738,0.9718366933908894,0.24754341619611206
5277.143956567872,0.640686254281343,0.710549904974458,0.4234854259202795
4809.8758493771875,0.9121459830033933,0.9460031710363934,0.047657012170512505
5223.859555786916,0.7713467969689258,0.8671369316681506,-0.4015055533681889
4845.08526570236,0.6154145436695151,0.6306421336359481,0.18573690905678383
5199.661986222711,0.9847921154331551,1.0016640381602966,-0.19094237915005516
4229.918025304767,0.7724294907122304,0.8526459253982882,0.04557908618198645
5199.3402602557835,0.7938214582866812,0.9553846603443075,0.1713772818490949
5496.090169745309,0.9883568450963472,0.6880906570710356,0.13661259487966387
5654.385422751863,0.5667063511594164,0.7987819960262829,0.27021381246501075
6209.48800625409,0.5146075874372187,0.4519334556057196,0.03659515993238493
4970.868910451671,1.1177180486254827,1.2596243757236587,0.04334040248925841
4991.737760793025,0.4672915998189792,0.5527345926758244,0.18419759361091503
3733.7792750783065,0.7058305761731613,0.5628572838708411,-0.01784814238965942
4428.012019203103,0.5000401161528906,0.6350579195091333,-0.1719756047362007
4664.842548195371,0.8284658832877919,0.6975847911406486,0.11300460620572188
5535.223686593448,1.0570146869127914,1.2688121254299023,-0.28221574442797076
4372.299213137259,0.9780844871830942,0.8427598985063791,-0.02022253679704859
5357.438013824183,1.5479683473643209,0.9943273868818233,-0.3444441980993319
4798.864798125634,1.2217289044472501,1.5338352324063829,-0.13870315820109072
4675.982319419667,0.7172105374608496,0.7943063747892216,-0.12833521918453428
4974.225778393279,0.6507362487933973,0.8321166863833445,-0.24605401904395002
4526.19053942301,1.6266719852438754,1.2245147584439513,0.2751329718612978
4499.673926335134,1.2156430014333406,0.7267454523799034,0.2544978999497424
3606.64986594692,1.097342401817393,1.4380307223039317,0.3285031856948178
4626.432054870477,0.9687129530539045,0.9736379665082718,-0.04696105571058142
4464.022297695891,1.0183803918687542,1.1143902237711445,-0.10840199713031119
4438.8133074556445,0.5794816811293935,0.7311675521967245,0.2008962013137008
5091.811143813028,0.9892597925491919,0.9248973241926961,0.03210322377747475
5261.042366953357,0.9678078493647536,1.0182391444935968,0.030879365591457576
4962.536153249629,0.72396528922463,1.0184741521940985,-0.6359503251537499
5496.790633314632,0.8153683866078802,0.8438322215834937,0.18912865078786978
5202.893348081256,1.328794098360889,1.4918879310721125,0.1559937456156414
4593.460667136051,0.9187062699262843,0.5622867880934068,-0.0013541057774138345
4476.000599999934,1.4677928256332775,1.6648687842619057,0.20396194361601508
5018.975565736792,0.5148301408781542,0.4089688295225257,0.15042549736764074
5201.6369769313305,0.819467453443563,1.0249132639862357,-0.1741712712116124
5778.491014922049,0.5631803621882703,0.681063522278871,-0.054946562734464875
5633.821131458067,0.6476443865270414,0.6928779911961044,-0.2519462987512579
4420.968895444982,0.7429485735851756,0.7727332026355814,0.36555974664378954
4728.595603910917,1.0288274066926477,0.9712876089179114,0.24429511964527356
5269.712463442439,1.0167065427700968,0.8470191020567944,-0.20347933471217777
5547.59844464128,0.7801774200930987,0.7861128143838977,0.15471887912372267
5457.278628093354,0.3930501106658545,0.6829779323559921,0.06964808370925393
4755.285517018057,1.319423218258038,1.573391604040476,-0.17148823137481684
3922.184143300038,0.8785588209909109,0.74454545875462,0.03108175215711758
4100.744536628086,0.6709274574247152,0.7655797596160475,0.21459617435862932
4990.84346002359,1.0187326952675217,1.0344412608207263,0.23497988186588917
5039.557905597042,1.0011112926307935,0.9724049488145498,0.5
4030.9244385959305,0.8693308837500087,0.7147207646085872,0.02357228829294142
4831.19872762249,0.9871327539103761,1.0779533021612417,-0.05944723352782738
5241.857049880248,0.6612425398979953,0.8398133156106774,0.14053506596945928
3994.141339744999,1.139978210794121,0.9252882843136487,-0.04574063476691961
5573.49804126309,0.7007832263107824,1.0467136679320548,-0.14622611007071967
4535.728196008123,0.798607586174142,1.089626737663641,-0.23144580896661304
5680.329178803656,1.1122004540378938,1.2081639203644265,-0.8569138820762495
4426.58328795687,1.2509897412525584,0.9015217187950454,0.1837098575518765
4081.3621619810747,1.3464436420115846,1.3705269289445567,-0.40949343301792324
4479.304107110796,1.213949559616643,1.233636178440305,-0.21996336082358786
4733.396313845876,0.8689819540495545,0.9854596036201281,0.07311089779875626
4528.064065259963,0.5647417327248843,0.8344991742277946,-0.08037669864433805
4648.79900489882,1.3012638964007233,1.191055324578128,0.5
5033.775604773333,1.292673997226244,1.7309176847828915,-0.37730999327013204
4680.174441142521,0.7820059616616261,0.8882078419995794,0.5
4753.721324233595,1.18029725945614,1.0754774572055834,0.3451461522626447
3603.541520558183,0.8669555515173153,1.3201480198633193,0.2272740962745759
5074.188611207331,1.325319220877932,1.4606524613164484,0.3598280441193855
4737.5576916158325,0.8212838343990545,0.7765759388136396,0.10115299967901009
5927.20508633801,1.4446628218871258,1.3647944135711685,-0.42581324930371606
4142.30438292223,1.1465301368995613,1.257332827719429,0.12871292027898149
3534.19327005034,1.3993862111714965,1.268950551386859,-0.370168847964252
5232.6479457510295,0.8340506825875301,0.8880389611449517,-0.13209056975394792
5042.568912819101,1.0512574011110483,0.8706908367780233,-0.01952052442893457
4094.096885628198,0.7076802004139087,0.5027564817396093,-0.2277656294760767
3729.175731497136,1.160997313029799,1.1508307089688756,0.23651111759111815
5876.177711479003,1.174760383209281,1.1693779467695884,-0.05343939424979299
5789.877273424747,1.5492559795502965,1.5690161076342006,0.1023270577511166
3058.7802689057094,1.0705099493049122,0.9343273391002442,-0.002353290590090992
4479.243879520449,1.1310235506265234,0.8076489301377604,0.03154478991836789
5964.93443834873,0.8322924058740545,0.6967217295444751,-0.22171682110671287
4466.756209555493,1.0853448431588095,1.2931347860255276,-0.2935103613004344
4456.571436181343,0.855027197828104,0.76461283615342,-0.03844216758972165
4602.068470659442,0.9789651897105,0.896211266889339,-0.24152856923705343
4015.3721183622883,0.9936289153864487,0.9327358335171507,0.34838892623939316
3606.656979040369,0.8619237816627073,0.7779487044166726,-0.34410877094797027
5536.783117514324,0.9657362741354983,0.8376651424716474,0.5
3509.944165626627,0.8561762075716448,0.7293103982324501,0.07550628188182104
4973.090016476129,0.8550672187415401,1.1294180574542125,0.01733172622513671
5420.605644930355,1.219166162875568,1.3311786698371038,-0.13506656230498149
3784.141590769189,0.9938534104566028,1.2434159222006014,0.16423025808816163
4153.01211818345,1.0367665680500693,1.3276696869556572,-0.05106875268025594
5649.2254318741125,0.585673807753616,0.3454778516073156,0.07511854861698743
5173.024204158928,1.0558645829575974,1.1161914741423182,0.2104557917599471
4367.900005184779,1.0826058659938094,0.9406348153026455,0.16732736729841177
5641.574302352819,0.8504153443278117,1.0746321548179467,0.3099653002369255
5644.575006418012,1.4712574190651728,1.1599533318498927,0.1344602684151954
4988.336885110995,0.37769318395398366,0.3621445152284622,-0.2378169220531535
4169.887840488436,1.1460917839426366,0.7953920915604509,-0.5199473340401586
4510.5859075697435,1.1282012012387155,1.0346414172461682,0.052758432322737456
5000.470720768773,1.085395732999853,1.2631392012212015,0.056365788613926264
4667.983619596758,0.9940531764096557,1.046229262277053,0.4814824537776415
5457.270024764396,1.0876698306562593,0.812285101512091,-0.02896015423273698
3729.1581439234646,1.1670438698889734,1.6187033565744648,0.09362307577856141
3754.015529653633,0.7685281040420014,0.9153154265170805,0.19429410144141815
4926.609778037703,1.0247989055450224,1.1783494827370298,0.12835203024687733
4455.918910335166,0.904170789494174,1.1596786122039136,0.21098594795432363
4361.065969711582,0.6765578999436228,0.49157001305118536,-0.20455232703146467
3562.360296577922,1.1292924936533224,0.90125180361957,-0.24409158344186213
4813.682091358727,0.8089098938289916,0.9828737824057888,-0.07014020763916753
4763.071424399464,0.5755353313051332,0.5385488162397848,-0.543516597423268
5257.435287366218,0.8152223348245877,0.8025117981455229,-0.00989489756699152
4848.234293184681,0.7502752754767174,0.7822957953044464,-0.16489577310205292
4707.1771452316525,1.2071197522975274,0.8655178423675219,0.08055333340693363
5623.9004457532355,0.9882982851395193,0.9191405286649387,-0.0662671972508096
3881.272887586015,1.295595686422485,1.4552039427940109,-0.2538582031586589
5175.472453193303,0.7833609421917385,0.942568139178906,0.32771421575226617
3630.1969846432557,1.1685424679741248,1.3848445731301484,0.020629776051995685
4213.146683999435,1.659905728701978,1.8028609707170562,0.21571471035631937
3951.1400071636804,1.039008116781785,1.1147848574397092,0.045878615188523014
5347.359774816343,1.1654122155807882,1.2041210075946185,0.11599878280176285
4754.212836483224,1.1233794160563515,1.1531502856487545,-0.3402489311628611
4790.547728784916,0.5944811681435433,0.5769195685027084,0.3195258759890732
4025.2869085893844,1.0964543243668627,0.8547103933908349,0.21967041259407383
4590.214552846977,1.0266140801623922,0.8803869780377092,-0.004710075168118101
4265.574287683622,0.8850631541504227,0.8478038581302234,0.07200052346831563
5068.418510397951,0.7289909064487798,0.6747065121452914,0.2506514650565638
4106.236205267871,1.1234958100817591,1.188480102448916,-0.09300005102761541
5730.856055643553,0.7068990650973446,0.7882745790121776,-0.39577010366612964
3627.093685263134,1.4834114011704742,1.4557220942672784,-0.08831599359583002
4235.436117280407,0.978542270872032,1.0518691968656964,0.03809737303868505
5974.0403569762675,0.644173238053374,0.871605558467272,-0.0081099480183417
4495.402876426576,0.8215009304179153,0.8529845730408386,0.32939153933219223
3879.5849349169116,0.8804664154275457,1.0853176346137436,-0.23997559722982548
4953.350093776368,1.5530941634809614,1.5691287081705847,-0.20832265761669516
4467.22543044982,0.7288527632976258,0.9518671742697934,-0.2645116254193969
4214.890821067186,0.9209456841871532,1.2385762687663229,0.107185273764371
4032.8904324408977,0.8155429075337444,0.9474598243065506,-0.38150843826845854
6737.86152393816,1.074814621395416,1.0814035580062527,0.18593909950832782
4623.9136698711045,0.8195291465737389,0.8694054922782604,-0.23322113032736594
3452.102847766986,0.6652358334650723,0.6538720641083832,-0.19327558993862923
5845.596831303874,0.9011763550509503,0.8274202356461867,0.44255631499780823
5227.749633577399,0.8751515391669392,1.0609732416166613,0.30814493217391975
4263.473498286148,0.8019389055939966,0.6765963597357896,0.02980332943922548
4146.816637919701,0.8152974102757206,1.1235638744508865,-0.3277595376356732
5271.430957310761,1.2461739494702506,1.1563261105871334,0.5
4627.157170757382,0.8700649464331238,1.4067232825444747,-0.049080388108966984
3451.815527088429,0.6664680843803918,0.6226108916751947,0.06189524411705581
6051.067975223268,0.8344710090500359,0.9085188223494335,0.22798344227786438
4496.20667644883,0.9635839148663481,0.9024472625172548,-0.49072380163498297
5846.900215537698,0.6159325908621615,0.5709793138068052,-0.16000933295790207
5694.904470576001,1.3564944900015996,1.5477803071417116,-0.017018685008429072
4099.29331886203,1.166894869376568,0.881253884996085,0.032679927927862014
5523.232905054203,1.3075431859046949,1.0716995070767903,-0.3259017105174163
4343.990215095423,1.0480320313719207,1.1599931584210792,0.08158441532856847
3493.3095892372407,0.42657563746747484,0.581184341615302,0.008435100984637367
4502.7812837845,1.3338334291596283,0.908639462249511,0.416829412256482
5078.346251243395,0.7341079100725267,0.8717713873603806,0.2500726972514267
4476.084346402564,0.7544533139994752,0.818766596568848,-0.06731394681883458
4585.066161352429,0.9890812859888609,0.8093157935112809,-0.04901737173783412
5600.496231450029,1.2945574616675373,1.0354390039449475,0.2536241925807221
4874.545786203064,1.2133217834880998,0.6925677351143689,0.07090607216261144
4209.691182100533,1.1765702800440052,1.5301301657583097,-0.34278335267155746
5291.4212265671285,0.8720432367813616,1.0782672027113063,0.5
4938.372896867972,0.868098118476972,0.6627641844153047,-0.2474671732288253
3034.8766389765697,1.0364859169950167,1.1935123419127636,0.5
5099.847039640014,0.9174822896791168,0.8262612098309109,0.10698873051991084
5074.280095401271,1.1723294768323382,1.3434162011841684,-0.15886032241815107
4814.084790706602,1.1575294161238066,1.012620960688652,-0.591758171029694
5424.190406748703,1.0978353302931763,0.9992259143887403,0.1941911173120914
4329.3244909714485,0.3185096795576553,0.3773126601125044,-0.3875776464048003
5035.54985217463,0.981997090919316,0.8559974104165731,0.08932363959205468
3703.128440182853,0.9227865298168246,1.2001665561296542,0.4834081756305965
5084.963268379182,0.9920064004398829,1.1721552747740938,-0.2844197163075287
6167.141786877927,0.7614188403633982,0.8217607934420146,0.1845138530182514
4103.600553272721,0.6188035224001937,0.8207259019469401,-0.20289990371447197
4268.138507608557,1.06578461999376,0.7098599301380519,0.28328738419222566
4302.989189975913,0.8609246705669845,0.6691461397316447,0.016455669988701245
4890.998758061117,1.0936732484268998,1.1762208444043465,-0.004765849463388753
4055.8746090023974,0.7822714055788071,0.942518779871824,0.3018220778688052
5094.873165083686,1.3039776601231692,1.3056636258567822,0.1563231102875568
5392.787961828416,1.200266210642691,0.7214918027787262,-0.20117225963112392
5174.043049417649,1.02420677713647,0.80274744086568,0.4467783554385751
3562.1092020533492,0.8966778966535132,0.9928080284308299,-0.38395662100488087
5496.617365611024,1.1631022194495493,1.6761267920431686,0.06892427391190607
5456.157189977575,1.0481369538093515,1.2912461506988029,-0.20571617272232443
5381.112960642413,1.0096460469826511,1.3256023031882291,-0.37180617688946627
5060.989574059077,1.210716352389902,1.2444654609794392,-0.2835452524499304
4954.132519943593,1.30663403860166,1.3209406323088106,-0.012309879960157696
5522.672578688478,0.6368972038786138,0.55296102217027,0.08743169103714199
6146.459441322419,0.6874039731625483,0.8819613718450624,0.26473295779985456
4132.871675644605,0.7549348186303004,0.7869082639319511,0.36900912734841873
5554.687777056341,0.574393850589112,0.7306654778180692,0.06942178677600912
4739.648031394783,0.9343128686077121,0.9529082817491539,-0.11079831971770207
4709.22886357998,1.1000291138111264,1.1395010869410926,0.2597543267511474
3724.4285167325734,0.9446454262619158,0.9387013720731993,-0.1536603710605637
4600.647413339224,0.8164695895967761,0.8884584159575387,-0.3989036322578373
4101.914529422109,1.2316144392822894,1.417642109351578,0.23475287811066786
4475.301899345838,0.9851391008016873,0.7378628718249803,0.3309779629533732
4031.269531355295,1.0357457418415796,0.7214029153919801,-0.2054529120184334
4485.764128880895,1.23855870122494,1.287751965966105,0.4902057908747499
4515.722750083618,0.9191895152872165,1.2041445927394363,0.14576307970896799
4867.728442907161,1.4650535181561701,1.8168414975661322,0.1084904944912232
3669.6750963960685,0.8380462490320585,0.6555852699463861,-0.12917152470023416
3788.137296578274,1.449487051128225,1.237336688423061,0.2543221920608906
5053.339989511369,0.7063162045218948,0.5331738067056553,-0.38109453178569647
4241.793318050931,1.0793712257201102,0.9459473836609852,-0.08494761139417618
5552.170853160952,0.7893669577984407,1.0134600534230451,-0.1832908089905559
4957.688805410533,1.229891529245273,1.1769885450632565,-0.3272331875368469
5224.733505144485,0.8304418480353928,0.7974341429553677,0.2157468638289141
5787.484624294626,1.0227177976610213,1.129127315091674,0.08528461914772476
4583.202431735399,0.7873645009896075,0.6945944041443797,0.20117287629853944
4397.859306208607,1.1843062934166535,1.5096729584774358,-0.06957500223087991
5410.19180991917,0.7860621848402152,0.8260338173265274,0.24626988799327054
5156.65949475078,1.3708537111856671,1.1836172507426215,0.019285439078799087
4668.868783125089,0.7010007232596523,0.8409529923835036,-0.11803658349311201
5774.020576869159,0.6135930204179633,0.8036530085465294,-0.1597221913910931
4651.428983112049,1.1878880195197716,1.5140123375466317,-0.49572594165621753
4822.941546289047,0.8020890899341195,0.8030570803336556,0.29109282585423424
4814.855855583981,0.9481906716376161,1.1664940282624732,0.26272629223368943
4145.78427357107,0.8694397115410697,0.9122101775909307,0.5
4854.309772640474,0.6218479332118274,0.6002129034987362,-0.08365492616427865
5777.732124178944,0.9307515839654155,0.7975124769527858,-0.16669840056878188
5111.477820763323,1.2662289737430754,0.9428447488748787,-0.4253588056477256
4821.744398479252,1.2007842508263913,0.9859135802637065,0.23999158594976802
4686.7629031840315,1.0079481906564811,1.2309125706438284,0.1824566086364154
5031.606919884446,1.2280670732587766,1.345220381141433,0.387944979824609
5324.836639942429,0.6851203538264559,0.5555093370929649,-0.22916050485547654
5226.467181622827,0.8686364177737483,0.5813876386916969,0.17909139111629382
4567.694596724615,1.048951235182552,0.8078444464775972,-0.13051014408633005
5027.34711587708,0.917396293295722,0.7883585635259373,0.33592904848687893
5135.957818803795,0.8882941673808606,0.8544200585511891,0.13405378037307067
4094.9635087311153,0.6498390669197261,0.874503041234135,-0.3889235077518682
4917.761378828586,0.4296646528393221,0.45301905799586367,-0.032799259919486
3287.087279588347,1.154466606237409,1.4988013014586934,-0.4870285505941033
5137.773596874829,1.0108053933130565,0.6696933257906873,-0.29082042806706687
5262.240138193877,1.1754995945525233,1.058738326043813,-0.27569937137341716
5323.282288050522,0.8406910144604064,1.0071256835973021,-0.16023536231606894
4523.467203481303,0.7718055287931015,0.950571179863426,-0.06567144600116104
5016.332784516824,0.9516369916591586,0.8965865596606134,0.04114577376901939
5796.767691878817,1.163549912153204,1.3549902164366265,0.028636425198581287
5789.638753803881,0.8921369462530864,1.0610002840736383,-0.005964957350044242
4779.579110541407,1.1504462960821213,0.9660379363246804,0.08309635701202335
4897.523741510692,0.6984229986017283,0.7976681382942815,-0.3124486603352197
5577.637801314103,0.9096382167075332,1.0574869727977787,0.018294678626204416
3749.4385893164776,0.9324714639804922,0.8301375314688398,0.3586147566295866
4573.846980126083,1.25659748598048,1.6072882395125196,-0.041450706715979474
5734.8993188757295,1.0019068495039771,0.8341979826551106,0.12366819139161653
5482.640379179336,1.3865193795735486,1.3362248764072115,0.10040617792333635
5058.484644354933,0.6130788000131293,0.5071075668630759,0.21556710765064582
3745.9173162685656,0.9824797261028199,1.0063408349711496,0.07178472493434512
4765.062836871187,0.9948495097951114,0.7833426439020902,0.21134130717483285
4387.0592226250465,1.1050232993967168,1.0194528601797823,0.12682284479436085
5031.72723197205,0.7466600158877772,0.5404005797413357,0.16432125217352073
4233.457320643583,1.371111584852709,1.493145937449079,0.11053191056959304
4081.9936235177747,0.9532409853679398,1.030992336069954,-0.25169733695733976
3354.594305621451,0.6782331217662705,0.8924127869888001,-0.2926910866731511
5655.263279483691,0.9459937523965953,0.8900174159731596,-0.08830686462606563
4520.16064198986,0.8717096192799716,1.0991587748118747,0.3879101320440873
4910.002048591774,1.6458087855618322,1.5014191682758449,-0.04291326098182959
4798.433318468074,1.2124858998812533,1.1930574843569606,0.07738987118966585
4052.7962469276504,0.9624153389270543,1.3798667215254665,-0.4918265806306487
3918.6545619862645,0.9220208287001987,0.8462749844262906,0.048435475167026544
4096.279411801936,1.1877642156203663,1.429305498100079,0.021477004604157596
4293.782092819425,1.1997155400820536,1.2677925991295342,-0.6683297394566012
5056.624372909663,0.22211252016983773,0.2657696397400407,0.07272223549269699
4242.997635535572,1.1107482886833333,0.8014539575870356,-0.4127451391638082
6022.543442116235,0.9569916359946566,0.7659658346435331,-0.1813372912280191
5519.005725125206,0.6222140445532559,0.838861230218408,0.2486180033187359
5365.851684765996,1.1700535349060441,1.5271913655171014,0.039362881709433
4716.238768268795,1.5115470033895662,1.4171242928006926,-0.11211252274244084
5859.996515004339,1.0891989867069451,1.1015564452684465,-0.13351879983680104
4647.396058215213,1.225107110564216,1.359034622015395,-0.10449805840829239
4778.117010092028,1.4010297729911008,1.3288580916147554,0.04022223862269969
4918.982177824489,0.742434462319987,0.9613133473527514,-0.30016071434896535
5291.276128380341,0.48560713870827066,0.593809142145147,0.28110436703666597
5245.835655302089,1.1142165158273754,1.119932624835801,-0.2868909197193868
4467.412305088777,0.8880971158896372,0.7822513352113356,-0.4317643832099047
4426.904396401833,0.6064566369071143,0.5435406775037195,0.24778828298676758
5247.932070006459,0.9304575159660516,0.34755237437299635,-0.10923033101486705
5300.6656087238625,1.131886843447655,1.3767254473454442,0.01761489766477559
4524.654212623989,0.91275708380891,0.9023179975732835,0.1636577542523754
3688.968351225082,0.7532930923162406,0.7333672295691203,-0.17985923697363815
4654.878732794229,0.8941232349258724,0.5574482633282454,0.0342864380883529
5236.468059178101,0.9451308836746636,0.8334869723349335,0.16205374539713419
6063.7917924938465,0.4676294343434794,0.46038233498661524,0.41080872146874386
3961.4294263615366,0.9143062617073267,0.7828756514463674,-0.12776472312469814
4501.400123018599,0.613914881963777,0.7218962144641388,-0.11573680008970844
4527.417506932236,1.114756488005274,1.1174668565282668,0.140831654831332
5749.063737602051,0.5597393561033055,0.45747293650229154,0.05214824101470958
4775.540949678957,1.203173051137734,0.8585142883522289,-0.034258939873707546
4164.871408439414,0.8477087326965146,0.6484354866603363,0.39817249562714657
5191.086698045274,0.8142560733069969,1.1556317407032637,-0.4206093173278944
4516.753035971337,1.023613649325493,1.3230178399916965,-0.35543636261446543
3942.928908649432,0.733491388694152,0.6473713162311661,-0.41772048493884645
4175.058684906695,1.019686438532516,0.614185748648347,0.3004199902499936
6013.829368095833,0.7669728063279073,0.8294796426300164,0.12868083030511293
5068.946455154623,0.8108163719188076,0.8534855149794929,-0.3426862709667029
4875.43203881678,1.0513385423322839,1.1068377025644767,-0.030758347837306646
4625.074384931568,0.6653548165664043,0.8288739101483341,-0.006918898334742241
5004.504189483159,0.6339156745594108,0.7571596332051354,-0.5523049048008951
4996.165162201746,1.0120563768525854,0.784194571941778,0.04706928198642862
5004.518179745129,0.9432750368776538,1.0104805912420842,-0.29438651553332695
4880.391563194427,0.992173186202348,1.1634282734946524,0.17666713672275083
5408.158836813885,1.0319098091803551,0.8769622719376324,-0.2867353114449499
4816.173042200512,0.9643438884517452,1.0296457807069057,0.054789955130257285
4115.442815113152,1.1020231559917673,0.9613269461653817,0.32364255819746285
4371.303976369392,0.9743590717446646,1.370457457893807,0.24364002025330672
3414.6869145572014,0.4481740250811742,0.38657049953953293,0.12679122092928746
6218.771981229675,0.513028851334536,0.7218358306017307,-0.02033389411043664
5403.928214366881,1.4319872950605206,0.8874002541271553,-0.37502605927171156
4218.950653409534,0.9500179667647157,1.3040085338009135,-0.10977396007486885
4602.70860542203,1.1875604129292743,0.8854571456642053,-0.0565015423182268
4354.186468055496,0.863574023593231,0.9230166260512543,-0.07445558587081379
5879.783047961882,0.9354962264015173,0.6391421963312057,-0.3833805605799091
3806.0859850103498,0.8366588364322891,0.6329418741980711,0.10860868620596753
4880.1332411731455,1.5664818328653412,1.6891041446603443,-0.29522891808132157
4724.030510204607,1.0133106055910355,1.218453622804221,0.38652723590141347
5378.78704149638,0.8162855236234505,0.8908033118281906,0.03700529632967368
4727.193540592713,0.5371150716424522,0.6983571621651175,0.24481565700361316
3569.2537863411953,1.4434333606839629,1.6215673077852824,0.23964828508633543
4624.217515750292,0.9091804036929241,0.7998594638086238,0.5
4119.486447439673,1.1360572798903992,0.7975867881827648,0.0454702513097632
4855.7056825895925,1.1639993225766365,1.126082701402181,-0.09751531245248546
5803.923925564229,0.8342923691424073,0.765212044424799,-0.09269629786122914
3582.4023290374053,1.118113193846539,1.178409653040805,0.3740256603349505
4239.844085220067,0.7989654283120956,0.9272376931829774,-0.3300588539806585
4413.114932351552,0.7023934094901461,0.6510466331125948,-0.21953114454829548
4532.858233210752,1.2411161731280531,1.3560250885825174,0.05924794018286585
5318.087964873671,0.9104526550444502,1.0490648166705845,-0.03819936350562394
4678.518907707029,1.0796282084006639,1.2170186098227305,0.24191111442625182
5091.061908004312,1.0527302484704428,0.9569851359809819,-0.3346733093698554
4361.958869387757,1.1094829900138221,1.2561702516178592,-0.016736501908299728
4960.947041792556,0.5608657664495937,0.6951145818434588,-0.046752935629664816
5344.4583416144005,0.8036773671709074,0.9470844542008097,-0.268060992666455
4287.390315184038,0.8688812106258937,1.1935235268889897,0.21966503015822822
5346.95068386456,0.7421303317746273,0.8393825781482988,-0.0229460724070214
4836.660938109298,1.057251712004097,0.9186237112857104,-0.03351865271181976
5531.822168337577,1.2467232693989743,0.9279934284292715,-0.20617586431710894
4659.006069946118,1.2862961638365744,1.4990530674777025,-0.0924663956963469
5066.871258613469,0.8651988086975291,0.9542657024202712,-0.2554068972301415
4771.575637825029,1.0229914656144767,1.3584850698205508,0.21594159634110668
4732.651416571594,1.0614108761225247,0.6231014309352098,0.2582039991888265
4981.251299757983,1.1053140235508823,1.2807224977715654,0.42001538120056287
5175.765228457432,0.730466231731839,0.7371981447698798,0.10851334423036288
3925.3045616531963,1.4051450670662415,1.219918746833558,-0.08480464832827972
5803.543526172514,1.1816300460866112,0.9680289288678129,-0.11724080577392179
3498.235871615141,1.1881623359231102,1.3544128138905926,0.12266201093507983
4320.631523182773,1.2508650142250992,1.342872802846057,0.050215888640228454
4734.011650464569,1.083533985566496,0.8226654200171444,-0.04355203658546966
5088.649178360164,0.6931716442372569,0.7704888291496675,-0.06551964421895172
5903.320769418965,0.9152568171112233,1.0631752125702028,0.2927976051931229
3499.195958242425,0.537236651234521,0.6299780695253386,-0.10796183595426041
4444.614110127202,1.053768127424771,1.2738365789163284,0.33666898170901055
3311.216558540514,0.9076965854586133,0.8717659662518609,0.04553404850005125
4822.135381737174,0.939869404118267,0.5225501378682162,-0.09197020414565484
4990.1785091500215,1.2510002825214128,1.2408763898013289,-0.19631731132727287
5913.557019519877,0.8357514903608851,0.8975816077554989,-0.038631182483187414
4884.444332625418,0.8869692103069808,0.9650468168129104,0.12584141763789009
5530.817590609666,0.955493323990804,1.1777105210271976,-0.09425323959849871
5208.685957077341,0.49000193764659183,0.34445872089204804,0.21258388824511015
4495.326262096382,0.8834840860594991,0.862450725801314,-0.10673970910709198
3813.7274772455726,0.3285512719284541,0.33472617841383306,-0.031196145597783085
4992.501608804268,0.8036196095260651,0.6367006078887497,-0.3216736006228742
3755.5285879982453,1.1637972633482068,1.1126951859904735,0.13986920920109033
5706.644950868751,1.0618166395627673,1.1964189268347525,-0.06679392339239121
4686.556528574223,0.8012949223864809,0.8880089398128135,0.39471762683397266
5636.624188057992,0.9601995545559531,0.834922271119583,0.1762025043170709
4463.84989610732,0.6812526082173986,0.7142061478499625,0.02112494343191149
4988.195550480695,0.9494141492126199,1.1377364310709972,0.30629400525672695
4946.544200134282,1.6825800713731276,1.723447748995836,0.10127721235552672
4768.469117392353,1.4114503300929828,1.1717961445850409,0.25206503021369275
4497.138340622386,0.9631555325043152,0.8505687418858279,-0.21559287491431914
5074.719212929364,0.9900360412288436,0.6514632405215633,0.11529721456027937
4151.6857155617545,0.7051086713413622,0.6912051710658648,0.12568046515075243
3953.395269728659,0.7495527230122374,0.5183820775144632,-0.38618526630530764
5669.978825328779,1.0405460805261735,1.459077712589141,0.37665636602242364
5309.017592224471,0.8187768585908787,0.706438887692946,-0.29008306442617876
4846.124126021568,1.1760373987128954,1.3910273402564108,-0.32474059114977566
5965.599667780647,1.3424214202444391,1.7258571909674763,-0.7121713827034388
4612.564136892609,1.0331551961952596,1.07082080169716,0.11846398495669956
5725.892253992286,0.9754343014599817,0.9606899136292542,-0.41076635672867
4922.901859448075,0.5298050937723371,0.4424778069156061,-0.129229871589244
4082.674474946527,1.1369025613180124,0.9962696976003906,0.20946709686830373
6093.628134239595,0.6640821746152354,0.9519457956731592,0.04801322742322381
5493.49759263686,0.845497717841645,0.935783539547132,-0.15592431515306518
4715.285278293305,1.1898939730962836,1.155744810247358,-0.3976698777061163
5309.019881673765,1.207439541077258,1.467904420442419,-0.02690322135287547
4517.407596201465,0.8333731181624706,0.9846768296921404,0.21381881591326363
5380.40432454168,0.8477711162700033,0.8503251704998939,0.17520911168817316
3126.2450043012286,0.775170281685832,0.8509549537449304,0.44669520897687987
4086.1390664137843,0.6505365636685223,0.6000484930701346,-0.16336464333257655
5485.481821000874,0.7913011294739395,0.7361809794600561,-0.3292584234285563
4625.241123246757,0.5467174952713278,0.5914408927659526,0.07748774471110545
4945.279606422119,1.1207656453770662,1.2176404131661218,0.052855307135010486
3857.250036519196,1.0486309012904689,0.7795871576746335,-0.0012149031959792747
6093.506896991472,1.0901323212176282,1.0878162543532592,-0.18659950244103612
5633.370750602374,0.7113989873562143,0.7021574376067782,-0.6633447750456127
4659.520347137269,0.6512323591212359,0.5817068674757644,-0.2516533155379201
4516.712900195672,0.96337856857839,0.8959569252993178,0.13926711657376914
5520.723052993785,0.9660256412375563,0.5211086166121153,0.07099089960031434
6187.729315118249,0.9131825431217636,0.7890215224081246,0.24131600014651486
5467.632179067948,0.8776291827030376,0.7027495613180026,0.0862954772581155
6320.261867177622,1.3776939444235965,1.2198373276915393,0.18400431064582543
4154.354069656658,1.0565062529482445,0.5684995354984772,0.1911830052526882
4226.429218650846,1.4426695978666226,1.391892051815096,0.005118792582124823
3967.741217362656,1.2672412563579083,1.42844176048884,0.006874688433208691
5109.232454754636,1.3758177315043363,1.2604890626760077,-0.7272156080679567
4922.922484863059,0.6813843084109994,0.8091163557034441,-0.16414602084053448
4693.6342135696095,1.0982927477495075,0.9673566832037819,-0.15335068151774828
5366.481039686309,0.8420586277516567,0.6005384882553967,-0.02720093203524787
5662.630023650265,0.5341533221601167,0.6057307601577117,-0.23258470866077677
3732.0363134992103,1.3240007923888815,1.4220597923215885,0.23439100343955693
4382.119580469219,0.8765768685735926,0.6615941348558901,-0.22037749116862987
5374.100515886142,0.6862245924333288,0.6710556599692205,0.27560816040430486
4472.582921298993,0.8463590341878267,0.8318229174838475,-0.2402887588156547
4241.255746549292,0.7509439693065452,1.2487156344766053,-0.15094494899328784
5512.976199355277,0.7765755080958332,0.8533512657269684,-0.16995308826913627
3897.349951193214,0.8945991524543376,0.5661257931274409,-0.12405850233395246
4588.894134546226,1.3827037982611856,0.7379442124523443,0.29465948651039847
5030.050818063366,0.7834206958638436,0.9427975734614703,-0.08177115698175237
4398.326060262917,1.3648176660547975,1.9199210220118021,-0.07541394890198441
5348.2089592092225,1.1622091989948804,1.0644120147508687,-0.18544915704011167
4401.786117361842,1.0490678908965214,0.9682386137003509,-0.06494836852048144
5786.033645412143,1.1370300080629687,1.2036751128203576,0.05411212737336016
4711.97759175296,0.9534139159593643,0.8088734802365057,-0.05379021829875638
5269.889095693748,1.2715125259658564,0.5952337254997295,-0.037572919630171696
5322.216767087972,1.091745065816775,1.295290502588348,0.25400759840112785
4360.721998079149,0.5338335037436217,0.5310119092133444,0.0684123631352535
3362.559415940878,1.0240629829724912,1.233261476023104,-0.2877212051846363
5052.529028264685,1.1459932857481538,0.9454540446888309,-0.02131631015814818
4850.601842987408,0.8777496953496956,0.9228845839971451,-0.13458754536251208
5189.078219302589,0.9815639681784831,1.1536639336687278,0.13025648938533776
4641.430769332013,0.7967855013313982,1.0123179416128776,0.025734951845983206
4498.700610839499,0.6055935859841098,0.7006881992599933,0.2825777025842469
6205.93110768719,0.56240578226719,0.6541405324303127,-0.18501032068124335
3769.3521569424556,0.5657330032327841,0.7125786683228473,-0.048105040569952455
5313.765334854967,1.1172611856176329,1.1942023742686303,-0.26602853853591313
4397.7786992716265,0.3274295729059178,0.3036407186636787,-0.010450733313297059
4564.954967581704,0.7833800182591297,0.6133018816934278,-0.38414525417169826
4578.028017198224,0.7585866786886555,0.46352523008198765,0.0803711414625149
4237.59600808012,0.8794601160031338,1.040676657983009,-0.013864896332713325
5199.856947165367,0.48589211251594927,0.5169192191872896,0.03879618451198259
5773.45051716497,1.0509720236851545,1.2112690575893592,0.1970336609235411
5129.009562872663,0.6317096514600252,0.7484039746585188,0.05620062232390613
4872.3673973484665,1.2331013851773172,0.945421472731626,-0.31919438409597883
4109.491650630527,0.7945585781027918,0.81195275239933,-0.13896819388507373
5161.7776860771155,0.9260967441470198,0.8548816056139025,-0.020045392857560934
6309.4447422105095,0.9509434641388015,0.8435194227614425,-0.08202486750190628
4533.513763343435,1.0110602632151429,1.1935138797619431,-0.05148950983871687
4536.811494453694,0.9592535943740356,1.4529801216831149,0.4053631270380087
4407.237608313302,0.843222362816842,1.067248677503056,0.02508886152168992
4457.410035853905,1.0357621326735107,1.0229638548207751,0.09556490413707942
2878.2903124293307,1.0665367826237384,1.3181075516822858,-0.5022003738926702
5083.5247700989985,0.7587163332225948,1.076474859451577,0.18650116305821687
4208.11347655177,1.0565919547433893,0.7540110853056596,0.5
3672.81581684574,1.247930075600424,1.4863169131984533,0.33641353407128055
5327.232964812784,1.1264735490261382,1.2692836130725265,-0.11004754597804932
4042.5875504706446,1.1830938104117967,1.4158068271940658,0.5
4562.931662281369,0.9929802122268613,1.1561236077897754,0.006874091648884789
5826.509673832006,0.7159623884812801,0.7305791256484193,0.07663656913034987
3813.5489413828404,0.7475888850740887,1.114532902079363,-0.06685905394695403
3727.1812357815666,1.0299719919636028,1.093450025270981,-0.07332971705131948
4988.514332693637,1.1856909312880775,1.0464343704102026,-0.5620237981927675
5604.641154807257,1.6464779784985137,1.6410023756259344,0.19687350797161426
3697.960797587626,1.195455486109651,1.3778606961895035,-0.07424955186813795
5085.382815786024,0.6573910606256245,0.728471982361718,-0.04701517196842814
5206.699677973184,0.7581818569100044,0.8643509403497932,0.06833441103461727
3358.587661415376,1.5196293289889997,1.4223240827815185,-0.1036445585752278
5358.950936535054,0.8964027670058053,0.7952701786479991,0.06595669430074948
5413.6241158895255,0.9618786586903221,0.810052020055354,0.3007651273613957
4581.750098720782,0.7098957698976928,0.5469508288014013,0.10120333842375424
5676.642453608606,1.341275851393561,1.6487703583668996,-0.038374284211188985
5595.518902027392,1.0750833018301562,1.0122807889908412,-0.030873775970668243
4872.182548002043,0.756349663028672,0.25152317226536897,0.05014839476943843
4483.988226772546,0.7015436777856822,0.8128092012598189,-0.208037574415058
4119.02047519193,1.026800986474468,1.0981566860672447,0.0519649253189796
4773.705543443666,0.961051543720113,0.607082422493715,0.1711427231184837
5198.831243792925,1.1580275543052818,0.9373278794948355,0.02187902402769026
4573.076197271551,1.0867421182818,0.8814941054953813,-0.1060332244833437
3261.749296316579,0.8838799128078443,0.7714769593889358,-0.07177587995748115
5688.099726203599,0.8140496011346583,1.0539897218184313,0.16304221007746725
4933.156255291426,0.9100144629252914,0.8997272385307806,-0.27504405114591424
4534.2628523262165,0.8123297883358094,0.7744525124056751,-0.2041142859615727
5400.010871896302,0.9174511167988095,1.1429239394798303,-0.4017252534451894
5867.247017537929,0.9541102321548454,1.058532064835238,0.008499674834950816
2838.661901358476,0.7255172766549857,0.5042378709815388,0.2154719189353057
5103.98455494545,1.10766996552447,0.9514085738083068,0.33287045661438075
3801.345552432757,0.8573930713825824,0.9411216142679865,0.3871664607986805
5149.377354759259,0.7395289124286641,0.6388122430012193,-0.17261853554780457
4889.549041662205,0.8620981429295329,1.2485420782707117,0.06250774137791248
5245.008568508385,1.0105645391550715,1.0312090940214749,-0.10057808529600895
4450.526669853742,0.9707595499533258,0.8293982374698919,0.41191098805627996
3488.7319217265936,1.0555295287261155,0.8096706924411815,0.3258615750264513
4484.742266120333,1.1745865312688821,1.3483777978182814,0.04201785974431516
5084.793344597848,1.2762350510020082,1.057979357544817,-0.1548389365528144
5510.774630072657,1.0213715406720132,1.0943422149375157,-0.8620107285595228
3979.7180896692325,0.6826494031911258,0.5671232786310056,-0.3583999543791523
5518.942298811112,0.8827222993674247,0.9177284087829245,-0.4630731896269025
4346.489397247435,0.6989204039042479,0.6553424010270611,-0.3615581424760501
5053.714917116168,1.3742135184280704,1.2082210582013662,0.4697119044779823
4443.074232994057,1.4468502206317908,1.1298025583586226,-0.3237603533529312
4927.519439398471,1.1125777993740857,1.3124915006567377,-0.2652357487095881
5424.314344199192,1.1646147106597575,1.0187219535026097,-0.2301310330790136
3941.090145898025,1.0127357983091647,0.9811923329773936,0.5
4324.065872277218,1.0415139788651977,1.013417716002149,-0.015613056947786195
4929.473811139461,0.5506364454177193,0.8204885880413838,0.24855106652606532
6481.108562721247,0.9315169086857724,1.113065283494473,0.043848852880631436
4195.767201483221,0.729711734413435,0.9000791107547802,-0.4961022544000019
6228.093720197843,1.0203391343845924,0.6955366588746094,0.3831598669123846
6203.096312572619,0.9350975386528664,0.8233151600416513,0.100274187835161
4731.882194508886,1.4367054905865286,1.6539330408667443,-0.03042824475380846
4591.29323166007,1.1791569221807103,0.8737365288201703,0.4400318660862317
4315.554360934716,1.0211279956304111,1.0339531041218124,-0.08663723442744287
4752.258228767131,0.8832650782150935,0.7125555349920365,-0.03610379118919618
3815.2963972083094,1.3690053646899825,1.0375466604562824,-0.08627568014881346
4746.632687875582,0.9425113384683675,1.274344357938084,0.26907282132825133
5847.8161916956,1.0329184904088193,1.173879410876432,0.2034557330058838
4372.240456266298,0.9605624011067087,1.1587230434462952,0.06965471546547512
4631.492987207665,0.8489615235731693,1.0147271361977233,-0.2629418868781199
3609.201668012931,0.9591265555963799,0.9402223821036616,-0.09255839861896505
5061.84346169173,0.459508287330421,0.46257379209701804,-0.26302106680868353
4985.137179465962,0.563073399689703,0.58082118188739,0.2900919554292852
4844.59165183604,1.0374076354174069,0.9903066203999507,-0.39368183959315095
4648.2210648445,1.3420499226318716,1.7148915671584792,0.3985927970411134
4595.069456859282,1.037055276036042,0.7543705664478021,0.32191321934979866
5151.33016359047,0.7699077862758364,0.721412216737782,-0.2296322226587564
4779.8283788879635,0.5892865614831662,0.5354263692015651,-0.10412106590996499
5020.480310088733,1.1461318151189097,1.3509777790769726,-0.1781076011085633
4950.487972218183,0.8082012122462248,1.156049091924384,0.10755844942460493
5586.3991009670335,1.1108088546381398,1.1548796015812246,0.3531120566718311
5273.895868162538,1.0474662895164293,1.1189550667136627,0.2964048290847893
4935.003290205133,1.0695750980636722,1.0745570926272787,-0.10823261835387281
5862.895421456526,0.9584004268383889,1.0511511899020776,0.31370176693611523
5094.187970339593,1.0459110962424103,1.1968481203375838,0.2929555086153178
5713.473882153293,0.9201363996859162,1.0152261132861864,-0.047208477188473305
5224.859825870646,0.791173366407949,0.9118385690615199,-0.0023646194807293674
3510.65664474792,0.7091252348709871,0.8773876087477611,0.385428521161693
5713.38433432353,0.3537478005072553,0.2805905519410711,0.264590470061589
4894.623368939869,0.9047226093988726,0.9233935004598128,0.30619599612730886
4763.631660369456,1.3298445457379882,1.3328252076878566,0.5
4996.943843242704,1.1325200231343993,1.1966227207195057,0.136816754078093
4558.5117866300525,1.0069272796189894,0.9711714694958139,0.08141618022769727
4958.920202272262,0.7664987514277122,0.8343573662259552,0.339484365331415
4385.686753559836,1.1993348064397693,0.9900009513347028,0.4969552278667514
5691.990581114059,0.9201726720492437,0.6034983509004784,-0.1528484826289654
4720.488320465265,1.3437335784472646,1.51568686212489,-0.0504646302966569
4532.191310094297,0.7047281841763297,0.5843424149266998,-0.25464265513677214
4152.551928996509,0.7625076180068359,0.7791659757306171,0.08568749360279185
4988.143052404049,0.7381825139450928,0.6668664359452797,0.22231465095601816
4930.9749700875645,0.5794704073914967,0.8514188885308916,-0.23721932115864255
5071.897229574254,0.7157388287020593,0.7530609388295193,0.2834488800554176
4080.9236787464097,0.9758040649414793,0.9197094866030222,-0.11333172814270959
3679.1731608318987,0.771949743787343,0.9345614065772994,-0.1336976884577649
5237.913911754592,0.1,0.22684494380532055,0.282484563305942
5839.249303313555,1.2185683243550303,1.2663711327756835,-0.15628513955921847
4081.552464327073,0.5289765676631486,0.5554738642313454,-0.3508746193057773
5912.6088984931885,1.0973070712216593,1.2271786886275948,0.18591427747726263
4998.737741115467,0.9578036474173911,0.6622255888910705,-0.03292557422328705
4795.055966814419,1.4793432041050856,1.3806046703937696,0.2995147082942559
4521.715912417955,1.199239370380655,1.6176244270235616,0.2082476676908675
3830.8373864025025,0.8238488511287564,0.8834217684255329,-0.4370745901954085
5491.409961147219,0.774484109411172,0.8326682187214857,0.3288836058472299
4257.075546993678,1.3256819201998213,1.258172663369399,0.47493748821173865
4254.13532698368,0.581032225724647,0.5964511584332673,0.25840087731605804
5494.348416920868,0.997719983979677,1.0609589522138878,0.26846510588675904
3481.9115873297915,0.9172198841875819,1.0779069789860312,-0.06191802022693869
3733.4815325322834,0.864193482823831,0.8307423942901984,-0.11917383840864984
4787.306029544343,1.0383784961121063,0.5171995950674814,0.05311117375654736
5005.299100303397,0.9973899651271689,1.090840432333202,0.22997633950513147
5139.314253578246,1.064350185697936,1.4996072383831127,0.22368340202991208
4588.741054622623,0.9847439130908209,0.9134439685055042,-0.10944566190129264
6571.258768049182,1.0544203512543118,0.7363301280159867,-0.13478977462390232
4640.475208863916,0.9733412982328986,1.1112009469746043,-0.37253836159592674
4638.449693528095,0.7851432781959213,1.111465249926383,0.16172998133887304
4242.109331830286,0.9510003150591488,1.0623080110808019,-0.09744531851050178
4886.73477156475,0.7714033600739949,1.092768417104881,-0.07526119927837284
5230.472862432743,0.7549058488172874,0.925332622645419,0.43196879494437634
5642.504638173422,0.865962499320562,1.0172455447969606,0.1495972266960973
3757.5010148918473,0.9201442098160394,0.8386611007114126,0.08072467154228526
4627.80326315101,0.9588063265869526,1.022099404020463,0.207549322618921
5112.692527566401,1.1790947068408326,1.1341527841264718,0.3551535018606201
5210.940274216175,0.8253839793647891,0.8467461423171336,-0.40437019004126645
4804.584060463178,0.9992129816187051,0.9486292800975297,-0.14140710923711095
5179.696778672471,0.9795069284859547,1.0279530698157258,-0.058033699644172494
4233.725274951939,0.7978429281334837,0.6182931603467146,-0.24458548307588496
5890.533802622849,0.9684351965516362,1.1328985226776742,-0.06630539324849612
5494.839672085601,1.2006803537943282,0.9543479432612639,-0.3877837253434098
3858.550549054379,0.99662655422085,0.9473812165908093,0.23054481507476102
4047.4278663182713,1.006645982256827,1.0717765104851618,-0.12937614768360786
4067.154774925166,0.7736679172643331,0.6633747256214155,0.05023909947154327
5274.57897962757,1.442214712801219,0.8132109550011954,0.012827154914298181
3900.690563507773,0.7879109074193746,0.7630749020767501,0.1393548502810072
4568.282966054344,0.5330541348631306,0.43150092719078326,-0.6152223937929696
5118.293077491742,1.1650460300545191,1.2909704517485252,0.11256593026449196
4753.683845817495,0.9212957400878935,0.7204678065461965,-0.06877293004482811
4981.221260998894,0.8742395447632312,1.1648090913691824,0.10171598180367346
4053.9381020558694,0.8136115548971181,0.846896290421732,-0.2948633019345859
5216.398061378071,1.4179286560789595,1.337929200555728,0.10341851758495164
4370.7516752668025,1.0386475696511706,0.6224732710605526,0.3246279649310532
4572.766227921441,1.0874378054112712,1.1003410641877547,0.047441564949792285
4966.41220953419,0.9906539058955668,0.9766001386522724,-0.17931020665798753
4872.154755071594,1.017512403361299,0.7505340541355587,-0.1683828482333283
4816.786013310915,1.2996561526398536,1.2548083943912995,0.14406032522381004
4274.561224616271,0.8872863346930762,0.8364402242519002,0.14241107804827022
4590.315412160566,0.5857656136198175,0.6236325015432319,0.0891354956816882
4801.528513585925,1.1670136635569441,1.1373732651570714,-0.009381257498563979
3837.4403367830405,1.0741754030605979,0.9590669419893868,0.050739993837772855
4476.226923580635,0.9769949532212606,1.0299352890168778,-0.016227270800928156
5071.375915322992,1.0676883103869466,1.035551357558047,-0.09522025981660684
3905.79437730826,0.8573139449264564,0.9677183610531825,0.18936922753839527
5609.607156115968,0.9551731457135649,0.8620490074345887,0.0775292102852766
5688.72928381989,0.9170749365350225,0.7343573541836089,0.3226354154805673
3928.39459682794,0.8021279357322707,0.7194435605259663,0.27921634504600806
5750.333743135097,1.2472931957762505,1.537693693591341,0.0693701330860111
4699.492887901506,0.5969353431455499,0.7883590881318839,0.1488451582990782
5092.9601914099385,1.5402205429532416,1.7555943700247467,-0.23929681618397028
4452.344263510227,1.1693405523016187,1.4240659158736737,-0.01939736949031212
5446.131379058734,0.5055061163244122,0.5253662581795677,0.08566570752107612
5084.265813194067,0.8939584176272676,0.9683144308371526,-0.39568401381851204
4230.092720381677,0.9078635210241105,0.9396244023388178,0.10735551507978433
3984.358600024298,1.047971657235528,1.1751428052620991,-0.23980674364573396
3777.788295353544,0.7026554323150699,0.7104303657381245,-0.21239597263212465
4931.559243502929,0.9580063358420543,0.984229036167439,-0.13237138929132278
5200.729988245816,0.9197201504693382,0.9487614863201944,-0.007626666560164372
5255.675975145609,0.7655954093566403,0.8935774963722879,-0.3320071392578651
4717.413233774835,0.7308119421321919,0.880161142222254,0.21416086865345701
3990.1024810349454,1.1797011616755892,1.1627289734218156,0.04435455984054545
4322.547641383352,0.5258543649893516,0.6128168839712671,0.4812447576401279
5606.644047273348,1.069469734024013,1.1028735597058852,0.07502011387997909
4460.760004779943,1.149377576719531,1.4859238067635514,0.14270129447574872
4900.392341477033,0.8953604154153958,0.5986546409610863,-0.21346606693815787
4047.044661497579,0.9630932099312489,0.7821755183272606,-0.2954525727783207
5035.608131821325,1.2408737499243454,1.3485805143857728,0.15478903060429178
4479.620806824645,0.7737871223189857,0.8584599550875422,-0.2733224913766884
5532.698899643035,0.799586892777719,0.8801065061961373,0.1604623713880787
5341.49039434477,0.8261290797251729,0.9728805191225393,0.42663111805287485
4453.00583739757,1.2413313998058202,1.2396829364852766,0.23644217156093256
4711.335180856636,1.273073436721177,1.0773725571470323,0.14261165405884352
4414.21863197156,0.6010274413840953,0.7491382284521628,0.0673742774523551
3806.3967624184934,1.201560186827909,1.1630727505148344,-0.09598998980292898
4199.790299316948,1.154727076586821,1.021541623568166,-0.028640284753287337
4938.752129404574,1.3383987026124569,1.4369385355445359,-0.14135716843202234
5027.6816487607075,1.0462770080315948,1.1718587050368208,-0.32885105440845186
4903.983532514847,0.9389349699303557,0.9916839247618914,0.008856835645399972
4588.786862228955,1.2363041716429146,1.5918909569832502,0.2769722653888252
5453.146624004689,1.1247259478754412,1.3901232545873914,-0.3221996285177712
4844.479333192656,1.5112246035371815,1.6702399446434695,0.34962410820083145
5292.277679667163,1.189676961240457,1.7388437446270055,0.30429605821539446
3558.357407458237,0.9883869941059789,0.9616785338643443,0.09924970600297395
2600.0,0.6564739049059571,0.6477395004777544,0.1012613370685994
4998.651619486656,0.8047707057014704,0.9851270589741447,-0.04656159987755346
3802.6640423949575,0.5910112554929959,0.6233892157873002,0.010504150833821464
4651.28380810086,0.8962344909847841,0.9182736390658066,-0.11589636840781602
4588.532071282776,1.1815168983082114,0.9174195126691916,0.00790951939479317
5911.180421690876,0.9490822278798711,1.0754178651894066,0.03495654028437687
5079.997587060525,1.2054313171900182,0.8195863912384624,0.47031100008785137
4916.101318759071,1.0343934333597533,1.0076048535444007,0.14140401109467476
5385.893808243572,0.8492269275614975,0.8747484274788253,-0.05235076712351953
5057.9483107873275,0.971906288792491,0.8922189624019669,-0.024726671692588173
4479.626104908097,1.068024172763774,0.6836173071821134,-0.1783145670792286
5550.0331511781915,0.9848058496159039,0.6391963681354079,-0.13710728102966663
4023.174910478208,0.9876710572129784,0.8423638902721122,0.22767392293572877
5026.273031273494,0.7577374731033233,0.8873200994048167,-0.12349177520766097
3716.7011441045825,0.841755933689446,0.9216082249748118,-0.15438398667865244
4942.760700261197,1.5146151990386612,1.3893508783550101,-0.1481281490075265
4935.092749241051,1.2571166226058856,0.9884249949990388,-0.18229476304416456
5973.518473340264,0.581539775797571,0.6923518621164289,0.28179626883587977
3704.518274590754,0.3582577606234095,0.28162304053866094,0.035675768965496256
4379.3789769023315,0.9690481053621806,0.5077566181793776,-0.07057865612537713
5375.8776986019,1.1733682236064975,1.0811951102381872,0.007320409964176371
5034.722079478115,0.8200145406444481,0.7600329856323654,0.05432262743116889
4926.213535936252,1.2054146820494844,1.3965058296691433,-0.186823380269138
4130.705007929023,0.9649136412517709,1.0025377264863156,-0.34739890184105365
4386.427156336,0.9092346800682563,1.2326519109580913,0.33462567953464845
5671.52870575628,1.1390287940437953,0.9880796005546454,0.2470059358141142
4763.943564372251,0.8170310517744327,0.933550428032498,0.09445064846590903
5062.751787301131,0.8783234195490867,0.8559313368445652,0.22979848416552573
4719.368169856465,1.1175418155326158,1.395014584892725,0.4785910121077319
3971.8401393251643,0.9421510157334939,0.9145364477525377,-0.1338509257890446
5453.667298252498,1.427194068344434,1.5563214974703221,-0.28000851436726554
5152.262669172747,1.1234563532140045,0.8610428004201085,0.16537915531941186
6413.945786157033,1.1072034570831903,0.9947893794175703,-0.36670649248464243
4089.0930342446186,0.9376238384837329,0.9338152178434579,0.009493163468294869
5375.8010448403365,1.1686886691774014,1.4190589155108517,-0.07460785409018923
3881.919223774099,0.8693480567995884,0.5011630898337659,0.16847194610219082
4910.142597371155,1.0205944377998788,0.9488191457788445,-0.120568699439307
5483.5546123442155,0.7209267382488599,0.7132699577728416,0.2999424444258706
3349.5054187324595,1.209860348057648,0.68084921288864,-0.18672087638280743
4656.547268030875,1.0226511743154478,0.9235951310685859,0.17645016534300895
4405.7531861701655,1.445628265924469,0.9291111115821629,-0.16660342766535458
4308.629891193415,1.5480745959174396,0.757298037369263,0.13711362380621817
5069.648856581548,1.140829862858287,1.052865951632942,-0.25366144667359264
5584.479994495817,0.9671063278019758,0.9159321222562763,-0.006028460792854527
4706.704899339591,0.7134838719686077,0.7259255541598746,0.3305228975402071
4943.840499292014,1.176187450814706,1.1962085710005177,0.0287513000354353
4880.016127141474,1.002571140973807,0.825815344225729,0.29576929527941204
4801.26245444949,1.0845087097886155,1.4492421387189018,-0.006568619981854351
4037.4601536015257,1.3824468468640607,1.2871145561781443,-0.12626231507753594
5575.9112212060245,0.7438941778341632,0.992300109766596,0.0429956236406126
5006.636757711185,0.7189239578796658,0.5099500336711086,0.1545991639708255
5076.417043001804,0.89089351540733,0.7595470501430515,-0.4763849719170393
4235.4432596820925,1.1553002874379559,1.2764881872558556,0.13057126108966974
4478.545721407531,1.088716810053622,1.0218638076051847,-0.23495879320699983
4676.7060616024555,0.7260778720760568,0.6079356600683199,-0.2971094457401751
3726.112714585804,1.1391382251756206,0.7017242380258737,0.13464416670710874
3618.3759723616254,0.6496967952766842,0.8120746351558622,0.33462573186986794
4379.476448553002,0.7405645814127856,0.8888980129039514,0.05410154620320458
5165.764536509673,0.9211356707027026,0.9819633908554319,-0.3388518379632746
4342.8038270490415,0.811642188506195,0.7623056057945866,-0.1676401275722573
4086.8363616865004,1.1724648721627338,0.8829057582233043,-0.10456679371477899
4229.720042733631,1.0215946207502735,1.0064597342112003,0.04902423505718393
4481.260303798281,1.391390294406815,0.9598184923338695,-0.017969962084073435
4552.298726025927,0.8882036586613964,0.7727999217240319,0.12380745086087644
6315.86501654459,0.919449462239814,1.1708826512617525,0.24999320766073335
5538.234439941123,1.2525956522654407,0.7541782897878787,0.08618614454773871
5517.34187859721,0.9272697992190511,1.0689420442325617,0.22452017314452588
5618.006254991367,1.3235013119268864,1.6253050515156962,-0.06742757775617757
4100.8253914661655,1.0852070525961228,1.241892124368146,0.5
3944.3447695089326,0.3618033825286602,0.47869412877414474,0.13829514845906343
4025.1907959261603,1.244392603537366,1.080711751299929,0.17101215786340992
5734.154293336486,1.1781817032799522,0.9928860423485077,0.4394202025969591
4416.965747782257,1.1878331515276361,0.6316290940733214,0.02204470071469392
3924.050672432499,0.47225540536368543,0.5527695005143747,-0.16137707785007152
4498.302659846131,0.784252509682238,0.7570786249184934,0.32660851147973474
4632.97612779976,0.8028237916108075,0.7217605081437051,0.3412857416503153
4987.889291586193,0.7397196581099019,0.7825390165912314,0.03837657626447869
4975.66571449843,1.3854806329734846,1.3142082899762462,0.43990688446105075
4220.273605288545,0.9470580405440915,0.8357186008354563,-0.02082145231128077
5279.9594747595975,0.9408597643427072,1.2596611660654629,0.23307073728078695
4352.564526374889,1.0880020775789447,1.2261231194779352,0.3788830991884179
4690.60656430647,1.0923254169723455,1.2655800488284765,0.024582253855703805
5280.741849352348,0.11627682234354253,0.17511678284290147,0.11419952745905342
4350.725017238961,0.7884106157126591,0.9113410939619248,0.25650377776344
4401.454003493203,0.5968028555521807,0.5431669297565901,-0.09154622705305362
5214.167634785192,1.0500765232887048,1.1784282401692538,-0.20353792887962313
4199.586776376486,0.8777768964164882,0.8641318800939384,0.33324545254438637
4530.6455834771505,0.9538468911253172,0.7660894944982586,0.07669145866552318
5189.0195246300245,0.4303700627773692,0.5070976980232557,-0.1263973849993862
6237.864709005183,0.8725369438273755,0.8442839342179388,0.023529192920183552
5223.783153333923,1.2287825629582039,1.7270430890063266,0.12713307399163581
5130.847834093008,1.3023623707755418,1.3429087941796993,-0.39232483455723793
5171.561108570911,1.129715854885175,1.4508169478759085,0.1789982243960237
4048.7668081530655,0.6161336766379703,0.832379942046654,0.10211155096047705
4880.917717075936,1.264850450748031,1.2159076452516697,0.41377477027739434
4779.1634581645185,1.1310005637500038,1.005566354992189,-0.05474782928965362
5025.109178260929,0.9207027414838653,0.610257265639943,0.3442793583770645
4881.555636733109,0.44374092137256393,0.4311063308410408,-0.011161385332953144
5065.789774191979,1.1883987376656293,1.3002515945852866,0.034793522164847206
4581.972963570559,0.8019584175041552,0.787503395398762,0.07023781221449886
4841.026242160255,1.0365414552636951,1.1064813071539745,0.5
3940.5200037601053,0.9670984651591655,0.5782594832365462,-0.3098726494068977
4576.0649053979605,1.3345987461095694,1.3740010532736542,0.12376879470771704
5773.583483723651,0.9186582535006228,1.1392851719365817,0.01055785931430702
5023.165837739779,0.946221602478513,0.616952707777795,-0.00713379029374309
4785.355273831846,1.3446538476196574,1.3615046901610481,0.14575268981757233
6127.2862933780425,0.7854444390624529,1.0458121612930324,0.27650026782556375
3847.4155151892446,1.1535807128519442,1.4977884614518424,0.1329080216454722
4023.381111187646,0.900346069280384,0.8268605299565658,0.3088011752490087
5998.897987893391,0.6993645094987677,0.8683913161902808,-0.06274029815730187
4832.172655234253,0.9502902466802181,1.234558829638865,-0.012138054672757118
4630.191874597144,1.1229262784019969,1.1852660246859157,-0.2502177881021953
3960.55697243305,1.2884274599941277,1.5395316331340632,0.49572642252288435
5113.387386476508,1.3186734963364206,1.2387500759308294,-0.04667811726913948
5181.121908669224,0.8763089814436168,0.9707156701169293,-0.07430371913379899
4033.8539474155727,0.7031876919919465,0.6606957666401523,0.15166568090671614
4701.8070901147,0.8703152751056301,0.8653736606409359,0.276769865180761
4565.138917576854,0.6546173116674611,0.7743136832879864,-0.17302030777949468
4979.18400249314,0.8956534501458737,0.7880463529414777,0.29667186930699174
4016.5248304455495,0.8645836790950604,0.8503105172404147,-0.07582545554984337
5676.36321815921,1.1318725510391914,1.272202868872477,0.3576548885568595
5441.076647118323,0.3985162050214054,0.675668110730882,-0.13522725092088902
4545.777108887029,0.76659801347834,0.47707737367561204,0.18386183118209834
4648.50690185314,0.7686204238895211,1.130425389236956,0.010677454978615704
4704.504494805668,1.2467818131020063,1.130973563463689,-0.2815944609237357
4255.184012895447,0.6715389056497457,0.8675411748684196,-0.3539911131582885
4489.599407235475,1.0066643399122484,1.2387837120203569,-0.18573821515565178
4610.810742627774,0.9179678963950546,1.226008353780669,0.24813922297845792
5929.00785949499,1.2107606317090953,0.9956615809124536,-0.4857887989415481
5462.632815831305,1.0989579661276367,1.0298253072826742,0.08348649330647862
5454.258295135636,0.9803109329550949,0.9736674431300515,0.06172263062849599
5058.947929103073,0.8113332813529829,0.7855024247350438,-0.42057390788231047
4017.8710937481355,0.4869143742225309,0.7105980303382252,-0.19922378600535817
4770.9562267958345,1.0117714139218512,0.9938960277283597,-0.19969621392159193
5479.341921729366,1.0826224496324681,0.7206342321675447,0.013172867776435244
3919.2147594428984,0.5562830968813367,0.5463217664802744,0.36658394568442715
5245.587244811285,0.6415764589178626,0.479797483368241,0.2687404818244563
6425.8264576839365,1.013082493342919,0.9643072798797216,-0.09007711210801074
5543.271652192812,1.0347854215519674,1.165973136599434,-0.20735437232847473
5789.8203948933915,0.7023381724769852,0.6551022633179405,-0.3895934580698438
4952.837125309513,0.8064838216079904,0.7740658590241818,-0.09465212088705835
5477.552364135493,0.4908777903573933,0.5348501073828734,-0.22469680486485824
4297.502749952175,1.2943159759533085,1.2638283557706795,-0.009036995426378498
5357.104668638858,0.6250313981578869,0.7574993040269427,0.0004359657693673824
5258.071693842534,1.0855648478121376,1.2402965671448591,-0.11889648311597611
5002.937821826364,0.9412598259616549,1.3825026644575635,-0.11366104512256402
5721.205193802949,1.2723984049061898,1.2424956704868413,-0.17344870525880707
4422.850613506828,0.7519364768063108,0.9132052338724927,-0.12811987413589995
4669.059738468436,0.9653131775850967,0.6634833388241261,0.35897883767635336
4866.823428950807,0.5253932726906625,0.5522508238880524,0.12945201045907165
4079.2723202374195,0.46536829076506153,0.5129680158887477,0.1328375688611789
4958.852360660174,1.0990833959663684,0.8590738189551701,0.2529857269983321
3596.7487109323074,0.5037435402325745,0.5158488666925801,0.23088064980048786
5532.868174099746,0.8929456163913673,0.8937626346430664,0.35619109799322585
4832.646156596176,1.2028238619932299,1.0422066561932726,0.1471045273791356
4435.374967267366,1.1366712140236699,1.6844428373986025,0.05128611017841035
4215.938471393415,0.7838536280128515,0.9072957501553653,-0.14769282447007592
4635.794679266569,0.5528742158979568,0.8715504933012869,-0.20603799794548777
5281.78179754069,1.077373715413882,1.378304478110909,0.22056431543244479
5183.417285116292,1.2855641957150452,1.0662685136397847,-0.027763744401142095
4306.123436905077,0.784440480333594,0.8296563955506563,-0.33996993776645473
4207.772229160656,0.7491717853982208,0.7246905404792422,-0.523258024401701
5259.829094423753,0.8187745092827503,0.8245997913181387,0.5
4294.356816769479,1.0929021777017789,0.8639849830255834,-0.24648405591770023
4841.936841855652,1.2571294016037282,1.0948448400958597,-0.17155967932985877
4886.628249766994,0.6400982971548694,0.7501586793359275,0.3070194807405806
5018.443492208717,0.5754295476688367,0.6854965066218675,-0.30214365833254603
5400.78930112731,1.534999080483112,1.480325649311505,0.1328525005988699
3915.9259441928743,0.9056693030274903,0.9127697723459729,0.45549420801219015
3462.1884723176586,1.0132231989225773,1.1845318169208299,0.5
4402.786903140154,0.7770172898455903,0.7752177832056455,-0.11186207112918807
6061.0698854825305,1.072490577363179,1.3519204376631686,-0.0030092232064802575
6215.521870061165,1.1900152186753805,0.7246255840627198,-0.0990959682553967
6081.823994896121,1.0249490428932324,1.1538875450291184,-0.004487573671532232
4664.913042567518,1.3852145192536087,1.4245808218642662,0.324567891727465
3552.51944261062,0.8683138525147269,0.772682387428907,-0.349828118567469
3159.8726288437115,0.884279381741156,0.8419100857638238,0.16198919900631015
4370.173286915412,1.007851587819354,1.0998179801883305,-0.04887440827230811
4661.348458895448,1.0662404113765243,1.2454821805174459,0.34212527000704784
5710.437780739171,1.0069868155156523,0.653738578759095,0.32885497535225783
5407.463821679712,0.6288962432612273,0.7767231915945111,-0.10178287478026385
4959.183555294135,1.0281287915488904,0.9288562207368662,-0.02769526293384311
4177.1086603412,0.8564566037991406,1.0822333790457774,0.22319068585828433
4127.454309228577,0.8047557464813385,0.5313099474141013,0.24583024848679572
4977.889380950005,0.9581205136883109,1.43895843089018,-0.61812232743159
5287.935685187808,0.7096193281676964,0.6253164584726403,0.2223876240381656
5074.316883571909,0.666152169031692,0.9291741180573848,0.41162047305189675
4075.7814282753416,0.29613275999903754,0.37250997020109267,0.0639023415284564
5255.4673401544605,1.3868093321274728,1.0863210205717424,0.23754410566389203
5098.137676970988,1.0889328297757506,1.1272977706698004,0.31968903171705365
4050.5335156668752,0.9208089696734236,1.1288076621716103,0.055398427343695565
4250.975320789821,0.783194190778338,0.567027387947591,0.20355770246884433
5281.9471821930965,0.23099192948839575,0.35310456915082716,0.0031716243408104936
4635.844725397877,0.7678677809446288,0.8075511779876244,-0.01304203790085091
5912.403111145521,1.128966584291019,1.2290765794090543,-0.16538535688220357
5150.790493245204,1.1855435758984672,1.1483817442050175,0.04325561173355239
4459.358168267511,1.1105729984008255,0.9631372060341963,0.47171420877737574
4792.856079726347,0.9895979889381171,0.7708995789012462,-0.22562372701447286
4844.368374846403,1.2759685364828446,1.378756530259442,0.15421823114617492
4290.126780730803,0.8678656944778649,1.0119663450930134,0.08023876936227742
4161.188261275662,1.2212972290335902,1.3288557498462161,0.368706942248892
5290.97292566665,0.8538543890699467,0.9566313014261395,0.4157233275540457
5391.691307929467,0.7297146727805593,0.9240220164717652,-0.2310693758883909
5222.647028687071,0.6985717548943697,0.9615911205967276,-0.14355386297657577
5860.7226660266615,0.6838758947067618,0.46096161779947115,-0.12989656562415836
4420.758734791879,1.1147670072006213,0.5799163487782601,-0.12104984691933166
5971.989536249791,0.7643136072257304,1.0836370999685332,-0.0996121216793854
4169.355217012093,0.6917427887412639,0.5449323574033715,0.0867661297925904
4091.120105642055,1.12843380491534,0.8621933951909517,-0.2128467437110418
3568.028782495525,1.0319925976180582,0.9665227696204353,-0.17769787357604377
4487.9432803212285,1.1906479957114504,0.7694604982773847,-0.19764757762834675
4447.394364219383,1.0781498778181995,0.980993436102472,0.12315612317488218
5168.156096178255,0.761722104950672,0.6518165578564786,-0.015942085417833183
4970.723659134315,0.9690256041171468,0.9296346306891579,-0.06032536379429102
3964.9186402866044,0.9812832476924193,1.0401270061288892,-0.21046992445910984
4525.091633101928,0.7202103353814994,0.7162316647284708,-0.40101351791843703
4539.97658523862,0.6738437564765019,0.6717332374581442,0.40788343183577075
3556.812427126675,0.7798195977205739,0.8618775064195344,-0.07218192195369567
4113.337291090641,1.45914558916802,1.635514201067157,0.5
4260.4304585701375,0.8468139764446128,1.1561105432885068,0.19319784772524615
5803.537513874662,1.2582166978466787,1.1491984637811765,0.45731320825439326
4934.015501170147,0.8328348726300505,1.1791599476116001,0.24837181987852772
5263.51812776325,1.172209704884998,1.3346527075519095,0.03962903942174207
3750.9551519955517,1.1756229138894616,0.8577374041876172,-0.14941438951499497
5635.950138109794,1.1881476269880111,0.8583365272316263,-0.24420997884912005
5710.771444116865,1.0469568355022396,0.9176175084011701,0.2799127542464839
3401.158522998762,1.2943416446952878,1.5844019590610086,0.06625851226016556
4306.278293258906,1.0445884923381819,0.931679886019902,0.15412526019586806
5147.035901110858,1.3783824323350697,0.8034464306975923,0.20365587623718415
5251.071917476727,0.5450200492028916,0.5871917365638085,0.0889935969314495
